1,1,17,33,49,65,81,97,113
9,1,17,33,49,65,81,97,113
17,1,17,33,49,65,81,97,113
25,1,17,33,49,65,81,97,113
33,1,17,33,49,65,81,97,113
41,1,17,33,49,65,81,97,113
49,1,17,33,49,65,81,97,113
57,1,17,33,49,65,81,97,113
65,1,17,33,49,65,81,97,113
73,1,17,33,49,65,81,97,113
81,1,17,33,49,65,81,97,113
89,1,17,33,49,65,81,97,113
97,1,17,33,49,65,81,97,113
105,1,17,33,49,65,81,97,113
113,1,17,33,49,65,81,97,113
121,1,17,33,49,65,81,97,113
129,1,17,33,49,65,81,97,113
137,1,17,33,49,65,81,97,113
145,1,17,33,49,65,81,97,113
153,1,17,33,49,65,81,97,113
161,1,17,33,49,65,81,97,113
169,1,17,33,49,65,81,97,113
177,1,17,33,49,65,81,97,113
185,1,17,33,49,65,81,97,113
193,1,17,33,49,65,81,97,113
201,1,17,33,49,65,81,97,113
209,1,17,33,49,65,81,97,113
217,1,17,33,49,65,81,97,113
225,1,17,33,49,65,81,97,113
233,1,17,33,49,65,81,97,113
241,1,17,33,49,65,81,97,113
249,1,17,33,49,65,81,97,113
257,2,18,34,50,66,82,98,114
265,2,18,34,50,66,82,98,114
273,2,18,34,50,66,82,98,114
281,2,18,34,50,66,82,98,114
289,2,18,34,50,66,82,98,114
297,2,18,34,50,66,82,98,114
305,2,18,34,50,66,82,98,114
313,2,18,34,50,66,82,98,114
321,2,18,34,50,66,82,98,114
329,2,18,34,50,66,82,98,114
337,2,18,34,50,66,82,98,114
345,2,18,34,50,66,82,98,114
353,2,18,34,50,66,82,98,114
361,2,18,34,50,66,82,98,114
369,2,18,34,50,66,82,98,114
377,2,18,34,50,66,82,98,114
385,2,18,34,50,66,82,98,114
393,2,18,34,50,66,82,98,114
401,2,18,34,50,66,82,98,114
409,2,18,34,50,66,82,98,114
417,2,18,34,50,66,82,98,114
425,2,18,34,50,66,82,98,114
433,2,18,34,50,66,82,98,114
441,2,18,34,50,66,82,98,114
449,2,18,34,50,66,82,98,114
457,2,18,34,50,66,82,98,114
465,2,18,34,50,66,82,98,114
473,2,18,34,50,66,82,98,114
481,2,18,34,50,66,82,98,114
489,2,18,34,50,66,82,98,114
497,2,18,34,50,66,82,98,114
505,2,18,34,50,66,82,98,114
513,3,19,35,51,67,83,99,115
521,3,19,35,51,67,83,99,115
529,3,19,35,51,67,83,99,115
537,3,19,35,51,67,83,99,115
545,3,19,35,51,67,83,99,115
553,3,19,35,51,67,83,99,115
561,3,19,35,51,67,83,99,115
569,3,19,35,51,67,83,99,115
577,3,19,35,51,67,83,99,115
585,3,19,35,51,67,83,99,115
593,3,19,35,51,67,83,99,115
601,3,19,35,51,67,83,99,115
609,3,19,35,51,67,83,99,115
617,3,19,35,51,67,83,99,115
625,3,19,35,51,67,83,99,115
633,3,19,35,51,67,83,99,115
641,3,19,35,51,67,83,99,115
649,3,19,35,51,67,83,99,115
657,3,19,35,51,67,83,99,115
665,3,19,35,51,67,83,99,115
673,3,19,35,51,67,83,99,115
681,3,19,35,51,67,83,99,115
689,3,19,35,51,67,83,99,115
697,3,19,35,51,67,83,99,115
705,3,19,35,51,67,83,99,115
713,3,19,35,51,67,83,99,115
721,3,19,35,51,67,83,99,115
729,3,19,35,51,67,83,99,115
737,3,19,35,51,67,83,99,115
745,3,19,35,51,67,83,99,115
753,3,19,35,51,67,83,99,115
761,3,19,35,51,67,83,99,115
769,4,20,36,52,68,84,100,116
777,4,20,36,52,68,84,100,116
785,4,20,36,52,68,84,100,116
793,4,20,36,52,68,84,100,116
801,4,20,36,52,68,84,100,116
809,4,20,36,52,68,84,100,116
817,4,20,36,52,68,84,100,116
825,4,20,36,52,68,84,100,116
833,4,20,36,52,68,84,100,116
841,4,20,36,52,68,84,100,116
849,4,20,36,52,68,84,100,116
857,4,20,36,52,68,84,100,116
865,4,20,36,52,68,84,100,116
873,4,20,36,52,68,84,100,116
881,4,20,36,52,68,84,100,116
889,4,20,36,52,68,84,100,116
897,4,20,36,52,68,84,100,116
905,4,20,36,52,68,84,100,116
913,4,20,36,52,68,84,100,116
921,4,20,36,52,68,84,100,116
929,4,20,36,52,68,84,100,116
937,4,20,36,52,68,84,100,116
945,4,20,36,52,68,84,100,116
953,4,20,36,52,68,84,100,116
961,4,20,36,52,68,84,100,116
969,4,20,36,52,68,84,100,116
977,4,20,36,52,68,84,100,116
985,4,20,36,52,68,84,100,116
993,4,20,36,52,68,84,100,116
1001,4,20,36,52,68,84,100,116
1009,4,20,36,52,68,84,100,116
1017,4,20,36,52,68,84,100,116
1025,5,21,37,53,69,85,101,117
1033,5,21,37,53,69,85,101,117
1041,5,21,37,53,69,85,101,117
1049,5,21,37,53,69,85,101,117
1057,5,21,37,53,69,85,101,117
1065,5,21,37,53,69,85,101,117
1073,5,21,37,53,69,85,101,117
1081,5,21,37,53,69,85,101,117
1089,5,21,37,53,69,85,101,117
1097,5,21,37,53,69,85,101,117
1105,5,21,37,53,69,85,101,117
1113,5,21,37,53,69,85,101,117
1121,5,21,37,53,69,85,101,117
1129,5,21,37,53,69,85,101,117
1137,5,21,37,53,69,85,101,117
1145,5,21,37,53,69,85,101,117
1153,5,21,37,53,69,85,101,117
1161,5,21,37,53,69,85,101,117
1169,5,21,37,53,69,85,101,117
1177,5,21,37,53,69,85,101,117
1185,5,21,37,53,69,85,101,117
1193,5,21,37,53,69,85,101,117
1201,5,21,37,53,69,85,101,117
1209,5,21,37,53,69,85,101,117
1217,5,21,37,53,69,85,101,117
1225,5,21,37,53,69,85,101,117
1233,5,21,37,53,69,85,101,117
1241,5,21,37,53,69,85,101,117
1249,5,21,37,53,69,85,101,117
1257,5,21,37,53,69,85,101,117
1265,5,21,37,53,69,85,101,117
1273,5,21,37,53,69,85,101,117
1281,6,22,38,54,70,86,102,118
1289,6,22,38,54,70,86,102,118
1297,6,22,38,54,70,86,102,118
1305,6,22,38,54,70,86,102,118
1313,6,22,38,54,70,86,102,118
1321,6,22,38,54,70,86,102,118
1329,6,22,38,54,70,86,102,118
1337,6,22,38,54,70,86,102,118
1345,6,22,38,54,70,86,102,118
1353,6,22,38,54,70,86,102,118
1361,6,22,38,54,70,86,102,118
1369,6,22,38,54,70,86,102,118
1377,6,22,38,54,70,86,102,118
1385,6,22,38,54,70,86,102,118
1393,6,22,38,54,70,86,102,118
1401,6,22,38,54,70,86,102,118
1409,6,22,38,54,70,86,102,118
1417,6,22,38,54,70,86,102,118
1425,6,22,38,54,70,86,102,118
1433,6,22,38,54,70,86,102,118
1441,6,22,38,54,70,86,102,118
1449,6,22,38,54,70,86,102,118
1457,6,22,38,54,70,86,102,118
1465,6,22,38,54,70,86,102,118
1473,6,22,38,54,70,86,102,118
1481,6,22,38,54,70,86,102,118
1489,6,22,38,54,70,86,102,118
1497,6,22,38,54,70,86,102,118
1505,6,22,38,54,70,86,102,118
1513,6,22,38,54,70,86,102,118
1521,6,22,38,54,70,86,102,118
1529,6,22,38,54,70,86,102,118
1537,7,23,39,55,71,87,103,119
1545,7,23,39,55,71,87,103,119
1553,7,23,39,55,71,87,103,119
1561,7,23,39,55,71,87,103,119
1569,7,23,39,55,71,87,103,119
1577,7,23,39,55,71,87,103,119
1585,7,23,39,55,71,87,103,119
1593,7,23,39,55,71,87,103,119
1601,7,23,39,55,71,87,103,119
1609,7,23,39,55,71,87,103,119
1617,7,23,39,55,71,87,103,119
1625,7,23,39,55,71,87,103,119
1633,7,23,39,55,71,87,103,119
1641,7,23,39,55,71,87,103,119
1649,7,23,39,55,71,87,103,119
1657,7,23,39,55,71,87,103,119
1665,7,23,39,55,71,87,103,119
1673,7,23,39,55,71,87,103,119
1681,7,23,39,55,71,87,103,119
1689,7,23,39,55,71,87,103,119
1697,7,23,39,55,71,87,103,119
1705,7,23,39,55,71,87,103,119
1713,7,23,39,55,71,87,103,119
1721,7,23,39,55,71,87,103,119
1729,7,23,39,55,71,87,103,119
1737,7,23,39,55,71,87,103,119
1745,7,23,39,55,71,87,103,119
1753,7,23,39,55,71,87,103,119
1761,7,23,39,55,71,87,103,119
1769,7,23,39,55,71,87,103,119
1777,7,23,39,55,71,87,103,119
1785,7,23,39,55,71,87,103,119
1793,8,24,40,56,72,88,104,120
1801,8,24,40,56,72,88,104,120
1809,8,24,40,56,72,88,104,120
1817,8,24,40,56,72,88,104,120
1825,8,24,40,56,72,88,104,120
1833,8,24,40,56,72,88,104,120
1841,8,24,40,56,72,88,104,120
1849,8,24,40,56,72,88,104,120
1857,8,24,40,56,72,88,104,120
1865,8,24,40,56,72,88,104,120
1873,8,24,40,56,72,88,104,120
1881,8,24,40,56,72,88,104,120
1889,8,24,40,56,72,88,104,120
1897,8,24,40,56,72,88,104,120
1905,8,24,40,56,72,88,104,120
1913,8,24,40,56,72,88,104,120
1921,8,24,40,56,72,88,104,120
1929,8,24,40,56,72,88,104,120
1937,8,24,40,56,72,88,104,120
1945,8,24,40,56,72,88,104,120
1953,8,24,40,56,72,88,104,120
1961,8,24,40,56,72,88,104,120
1969,8,24,40,56,72,88,104,120
1977,8,24,40,56,72,88,104,120
1985,8,24,40,56,72,88,104,120
1993,8,24,40,56,72,88,104,120
2001,8,24,40,56,72,88,104,120
2009,8,24,40,56,72,88,104,120
2017,8,24,40,56,72,88,104,120
2025,8,24,40,56,72,88,104,120
2033,8,24,40,56,72,88,104,120
2041,8,24,40,56,72,88,104,120
2049,9,25,41,57,73,89,105,121
2057,9,25,41,57,73,89,105,121
2065,9,25,41,57,73,89,105,121
2073,9,25,41,57,73,89,105,121
2081,9,25,41,57,73,89,105,121
2089,9,25,41,57,73,89,105,121
2097,9,25,41,57,73,89,105,121
2105,9,25,41,57,73,89,105,121
2113,9,25,41,57,73,89,105,121
2121,9,25,41,57,73,89,105,121
2129,9,25,41,57,73,89,105,121
2137,9,25,41,57,73,89,105,121
2145,9,25,41,57,73,89,105,121
2153,9,25,41,57,73,89,105,121
2161,9,25,41,57,73,89,105,121
2169,9,25,41,57,73,89,105,121
2177,9,25,41,57,73,89,105,121
2185,9,25,41,57,73,89,105,121
2193,9,25,41,57,73,89,105,121
2201,9,25,41,57,73,89,105,121
2209,9,25,41,57,73,89,105,121
2217,9,25,41,57,73,89,105,121
2225,9,25,41,57,73,89,105,121
2233,9,25,41,57,73,89,105,121
2241,9,25,41,57,73,89,105,121
2249,9,25,41,57,73,89,105,121
2257,9,25,41,57,73,89,105,121
2265,9,25,41,57,73,89,105,121
2273,9,25,41,57,73,89,105,121
2281,9,25,41,57,73,89,105,121
2289,9,25,41,57,73,89,105,121
2297,9,25,41,57,73,89,105,121
2305,10,26,42,58,74,90,106,122
2313,10,26,42,58,74,90,106,122
2321,10,26,42,58,74,90,106,122
2329,10,26,42,58,74,90,106,122
2337,10,26,42,58,74,90,106,122
2345,10,26,42,58,74,90,106,122
2353,10,26,42,58,74,90,106,122
2361,10,26,42,58,74,90,106,122
2369,10,26,42,58,74,90,106,122
2377,10,26,42,58,74,90,106,122
2385,10,26,42,58,74,90,106,122
2393,10,26,42,58,74,90,106,122
2401,10,26,42,58,74,90,106,122
2409,10,26,42,58,74,90,106,122
2417,10,26,42,58,74,90,106,122
2425,10,26,42,58,74,90,106,122
2433,10,26,42,58,74,90,106,122
2441,10,26,42,58,74,90,106,122
2449,10,26,42,58,74,90,106,122
2457,10,26,42,58,74,90,106,122
2465,10,26,42,58,74,90,106,122
2473,10,26,42,58,74,90,106,122
2481,10,26,42,58,74,90,106,122
2489,10,26,42,58,74,90,106,122
2497,10,26,42,58,74,90,106,122
2505,10,26,42,58,74,90,106,122
2513,10,26,42,58,74,90,106,122
2521,10,26,42,58,74,90,106,122
2529,10,26,42,58,74,90,106,122
2537,10,26,42,58,74,90,106,122
2545,10,26,42,58,74,90,106,122
2553,10,26,42,58,74,90,106,122
2561,11,27,43,59,75,91,107,123
2569,11,27,43,59,75,91,107,123
2577,11,27,43,59,75,91,107,123
2585,11,27,43,59,75,91,107,123
2593,11,27,43,59,75,91,107,123
2601,11,27,43,59,75,91,107,123
2609,11,27,43,59,75,91,107,123
2617,11,27,43,59,75,91,107,123
2625,11,27,43,59,75,91,107,123
2633,11,27,43,59,75,91,107,123
2641,11,27,43,59,75,91,107,123
2649,11,27,43,59,75,91,107,123
2657,11,27,43,59,75,91,107,123
2665,11,27,43,59,75,91,107,123
2673,11,27,43,59,75,91,107,123
2681,11,27,43,59,75,91,107,123
2689,11,27,43,59,75,91,107,123
2697,11,27,43,59,75,91,107,123
2705,11,27,43,59,75,91,107,123
2713,11,27,43,59,75,91,107,123
2721,11,27,43,59,75,91,107,123
2729,11,27,43,59,75,91,107,123
2737,11,27,43,59,75,91,107,123
2745,11,27,43,59,75,91,107,123
2753,11,27,43,59,75,91,107,123
2761,11,27,43,59,75,91,107,123
2769,11,27,43,59,75,91,107,123
2777,11,27,43,59,75,91,107,123
2785,11,27,43,59,75,91,107,123
2793,11,27,43,59,75,91,107,123
2801,11,27,43,59,75,91,107,123
2809,11,27,43,59,75,91,107,123
2817,12,28,44,60,76,92,108,124
2825,12,28,44,60,76,92,108,124
2833,12,28,44,60,76,92,108,124
2841,12,28,44,60,76,92,108,124
2849,12,28,44,60,76,92,108,124
2857,12,28,44,60,76,92,108,124
2865,12,28,44,60,76,92,108,124
2873,12,28,44,60,76,92,108,124
2881,12,28,44,60,76,92,108,124
2889,12,28,44,60,76,92,108,124
2897,12,28,44,60,76,92,108,124
2905,12,28,44,60,76,92,108,124
2913,12,28,44,60,76,92,108,124
2921,12,28,44,60,76,92,108,124
2929,12,28,44,60,76,92,108,124
2937,12,28,44,60,76,92,108,124
2945,12,28,44,60,76,92,108,124
2953,12,28,44,60,76,92,108,124
2961,12,28,44,60,76,92,108,124
2969,12,28,44,60,76,92,108,124
2977,12,28,44,60,76,92,108,124
2985,12,28,44,60,76,92,108,124
2993,12,28,44,60,76,92,108,124
3001,12,28,44,60,76,92,108,124
3009,12,28,44,60,76,92,108,124
3017,12,28,44,60,76,92,108,124
3025,12,28,44,60,76,92,108,124
3033,12,28,44,60,76,92,108,124
3041,12,28,44,60,76,92,108,124
3049,12,28,44,60,76,92,108,124
3057,12,28,44,60,76,92,108,124
3065,12,28,44,60,76,92,108,124
3073,13,29,45,61,77,93,109,125
3081,13,29,45,61,77,93,109,125
3089,13,29,45,61,77,93,109,125
3097,13,29,45,61,77,93,109,125
3105,13,29,45,61,77,93,109,125
3113,13,29,45,61,77,93,109,125
3121,13,29,45,61,77,93,109,125
3129,13,29,45,61,77,93,109,125
3137,13,29,45,61,77,93,109,125
3145,13,29,45,61,77,93,109,125
3153,13,29,45,61,77,93,109,125
3161,13,29,45,61,77,93,109,125
3169,13,29,45,61,77,93,109,125
3177,13,29,45,61,77,93,109,125
3185,13,29,45,61,77,93,109,125
3193,13,29,45,61,77,93,109,125
3201,13,29,45,61,77,93,109,125
3209,13,29,45,61,77,93,109,125
3217,13,29,45,61,77,93,109,125
3225,13,29,45,61,77,93,109,125
3233,13,29,45,61,77,93,109,125
3241,13,29,45,61,77,93,109,125
3249,13,29,45,61,77,93,109,125
3257,13,29,45,61,77,93,109,125
3265,13,29,45,61,77,93,109,125
3273,13,29,45,61,77,93,109,125
3281,13,29,45,61,77,93,109,125
3289,13,29,45,61,77,93,109,125
3297,13,29,45,61,77,93,109,125
3305,13,29,45,61,77,93,109,125
3313,13,29,45,61,77,93,109,125
3321,13,29,45,61,77,93,109,125
3329,14,30,46,62,78,94,110,126
3337,14,30,46,62,78,94,110,126
3345,14,30,46,62,78,94,110,126
3353,14,30,46,62,78,94,110,126
3361,14,30,46,62,78,94,110,126
3369,14,30,46,62,78,94,110,126
3377,14,30,46,62,78,94,110,126
3385,14,30,46,62,78,94,110,126
3393,14,30,46,62,78,94,110,126
3401,14,30,46,62,78,94,110,126
3409,14,30,46,62,78,94,110,126
3417,14,30,46,62,78,94,110,126
3425,14,30,46,62,78,94,110,126
3433,14,30,46,62,78,94,110,126
3441,14,30,46,62,78,94,110,126
3449,14,30,46,62,78,94,110,126
3457,14,30,46,62,78,94,110,126
3465,14,30,46,62,78,94,110,126
3473,14,30,46,62,78,94,110,126
3481,14,30,46,62,78,94,110,126
3489,14,30,46,62,78,94,110,126
3497,14,30,46,62,78,94,110,126
3505,14,30,46,62,78,94,110,126
3513,14,30,46,62,78,94,110,126
3521,14,30,46,62,78,94,110,126
3529,14,30,46,62,78,94,110,126
3537,14,30,46,62,78,94,110,126
3545,14,30,46,62,78,94,110,126
3553,14,30,46,62,78,94,110,126
3561,14,30,46,62,78,94,110,126
3569,14,30,46,62,78,94,110,126
3577,14,30,46,62,78,94,110,126
3585,15,31,47,63,79,95,111,127
3593,15,31,47,63,79,95,111,127
3601,15,31,47,63,79,95,111,127
3609,15,31,47,63,79,95,111,127
3617,15,31,47,63,79,95,111,127
3625,15,31,47,63,79,95,111,127
3633,15,31,47,63,79,95,111,127
3641,15,31,47,63,79,95,111,127
3649,15,31,47,63,79,95,111,127
3657,15,31,47,63,79,95,111,127
3665,15,31,47,63,79,95,111,127
3673,15,31,47,63,79,95,111,127
3681,15,31,47,63,79,95,111,127
3689,15,31,47,63,79,95,111,127
3697,15,31,47,63,79,95,111,127
3705,15,31,47,63,79,95,111,127
3713,15,31,47,63,79,95,111,127
3721,15,31,47,63,79,95,111,127
3729,15,31,47,63,79,95,111,127
3737,15,31,47,63,79,95,111,127
3745,15,31,47,63,79,95,111,127
3753,15,31,47,63,79,95,111,127
3761,15,31,47,63,79,95,111,127
3769,15,31,47,63,79,95,111,127
3777,15,31,47,63,79,95,111,127
3785,15,31,47,63,79,95,111,127
3793,15,31,47,63,79,95,111,127
3801,15,31,47,63,79,95,111,127
3809,15,31,47,63,79,95,111,127
3817,15,31,47,63,79,95,111,127
3825,15,31,47,63,79,95,111,127
3833,15,31,47,63,79,95,111,127
3841,16,32,48,64,80,96,112,128
3849,16,32,48,64,80,96,112,128
3857,16,32,48,64,80,96,112,128
3865,16,32,48,64,80,96,112,128
3873,16,32,48,64,80,96,112,128
3881,16,32,48,64,80,96,112,128
3889,16,32,48,64,80,96,112,128
3897,16,32,48,64,80,96,112,128
3905,16,32,48,64,80,96,112,128
3913,16,32,48,64,80,96,112,128
3921,16,32,48,64,80,96,112,128
3929,16,32,48,64,80,96,112,128
3937,16,32,48,64,80,96,112,128
3945,16,32,48,64,80,96,112,128
3953,16,32,48,64,80,96,112,128
3961,16,32,48,64,80,96,112,128
3969,16,32,48,64,80,96,112,128
3977,16,32,48,64,80,96,112,128
3985,16,32,48,64,80,96,112,128
3993,16,32,48,64,80,96,112,128
4001,16,32,48,64,80,96,112,128
4009,16,32,48,64,80,96,112,128
4017,16,32,48,64,80,96,112,128
4025,16,32,48,64,80,96,112,128
4033,16,32,48,64,80,96,112,128
4041,16,32,48,64,80,96,112,128
4049,16,32,48,64,80,96,112,128
4057,16,32,48,64,80,96,112,128
4065,16,32,48,64,80,96,112,128
4073,16,32,48,64,80,96,112,128
4081,16,32,48,64,80,96,112,128
4089,16,32,48,64,80,96,112,128
