#flows,epsilon,is_correlated,key,#pres,o_f,count_chern[0]
20,0.01,1,2_0_1_0-2_1_1_0,5,0,0.00048828125,2.0,2.0,2.0,2.0,2.0,2.0,2.0,2.0,2.0,2_0_1_0,2_0_1_1,1_0_1_2,1_0_1_3,1_0_1_0,1_0_1_1,1_0_1_6,1_0_1_7,1_0_1_4,1_0_1_5
20,0.01,1,2_0_0_0-2_1_0_0,5,0,0.00048828125,2.0,2.0,2.0,2.0,2.0,2.0,2.0,2.0,2.0,2_0_0_0,1_0_0_3,1_0_0_2,1_0_0_1,1_0_0_0,1_0_0_7,1_0_0_6,1_0_0_5,1_0_0_4,2_0_0_1
20,0.01,1,2_0_1_2-2_1_1_2,5,0,0.00048828125,2.0,2.0,2.0,2.0,2.0,2.0,2.0,2.0,2.0,2_0_1_2,2_0_1_3,1_0_1_2,1_0_1_3,1_0_1_0,1_0_1_1,1_0_1_6,1_0_1_7,1_0_1_4,1_0_1_5
20,0.01,1,2_0_0_1-2_1_0_1,5,0,0.000244140625,2.0,2.0,2.0,2.0,2.0,2.0,2.0,2.0,2_0_0_1,1_0_0_3,1_0_0_1,1_0_0_0,1_0_0_7,1_0_0_6,1_0_0_5,1_0_0_4,2_0_0_0
20,0.01,1,2_0_0_3-2_1_0_3,5,0,0.00048828125,2.0,2.0,2.0,2.0,2.0,2.0,2.0,2.0,2_0_0_3,1_0_0_3,1_0_0_2,1_0_0_1,1_0_0_0,1_0_0_7,1_0_0_6,1_0_0_5,2_0_0_2
40,0.01,1,2_0_1_0-2_1_1_0,8,0,9.53674316406e-07,0.400913000929,2.0,2.0,2.0,2.0,2.0,2.0,2.0,2.0,2_0_1_0,2_0_1_1,1_0_1_2,1_0_1_3,1_0_1_0,1_0_1_1,1_0_1_6,1_0_1_7,1_0_1_4,1_0_1_5
40,0.01,1,2_0_1_3-2_1_1_3,8,0,3.81469726562e-06,1.0,2.0,2.0,2.0,2.0,2.0,2.0,2.0,2.0,2_0_1_3,2_0_1_2,1_0_1_2,1_0_1_3,1_0_1_0,1_0_1_1,1_0_1_6,1_0_1_7,1_0_1_4,1_0_1_5
40,0.01,1,2_0_0_0-2_1_0_0,8,0,1.49011611938e-08,0.560195935615,2.0,2.0,2.0,2.0,2.0,2.0,2.0,2.0,2_0_0_0,2_0_0_1,1_0_0_3,1_0_0_2,1_0_0_1,1_0_0_0,1_0_0_7,1_0_0_6,1_0_0_5,1_0_0_4
40,0.01,1,2_0_0_2-2_1_0_2,8,0,9.53674316406e-07,0.904686017997,2.0,2.0,2.0,2.0,2.0,2.0,2.0,2.0,2_0_0_2,2_0_0_3,1_0_0_3,1_0_0_2,1_0_0_1,1_0_0_0,1_0_0_7,1_0_0_6,1_0_0_5,1_0_0_4
40,0.01,1,2_0_0_1-2_1_0_1,8,0,4.76837158203e-07,0.0336619793581,2.0,2.0,2.0,2.0,2.0,2.0,2.0,2.0,2_0_0_1,2_0_0_0,1_0_0_3,1_0_0_2,1_0_0_1,1_0_0_0,1_0_0_7,1_0_0_6,1_0_0_5,1_0_0_4
40,0.01,1,2_0_1_1-2_1_1_1,8,0,3.0517578125e-05,0.604479308416,2.0,2.0,2.0,2.0,2.0,2.0,2.0,2_0_1_1,2_0_1_0,1_0_1_2,1_0_1_0,1_0_1_1,1_0_1_6,1_0_1_7,1_0_1_4,1_0_1_5
40,0.01,1,2_0_1_2-2_1_1_2,8,0,7.62939453125e-06,0.0202439480707,2.0,2.0,2.0,2.0,2.0,2.0,2.0,2.0,2_0_1_2,2_0_1_3,1_0_1_2,1_0_1_3,1_0_1_0,1_0_1_1,1_0_1_6,1_0_1_7,1_0_1_4,1_0_1_5
40,0.01,1,2_0_0_3-2_1_0_3,8,0,9.53674316406e-07,0.192885685225,2.0,2.0,2.0,2.0,2.0,2.0,2.0,2.0,2_0_0_3,2_0_0_2,1_0_0_3,1_0_0_2,1_0_0_1,1_0_0_0,1_0_0_7,1_0_0_6,1_0_0_5,1_0_0_4
60,0.01,1,2_0_1_0-2_1_1_0,8,0,1.49011611938e-08,0.789907109944,2.0,2.0,2.0,2.0,2.0,2.0,2.0,2.0,2_0_1_0,2_0_1_1,1_0_1_2,1_0_1_3,1_0_1_0,1_0_1_1,1_0_1_6,1_0_1_7,1_0_1_4,1_0_1_5
60,0.01,1,2_0_1_3-2_1_1_3,8,0,3.63797880709e-12,0.00223928298525,0.0323962027482,1.0,2.0,2.0,2.0,2.0,2.0,2.0,2_0_1_3,1_0_1_2,1_0_1_0,2_0_1_2,1_0_1_3,1_0_1_1,1_0_1_6,1_0_1_7,1_0_1_4,1_0_1_5
60,0.01,1,2_0_0_0-2_1_0_0,8,0,3.63797880709e-12,0.912986006158,2.0,2.0,2.0,2.0,2.0,2.0,2.0,2.0,2_0_0_0,2_0_0_1,1_0_0_3,1_0_0_2,1_0_0_1,1_0_0_0,1_0_0_7,1_0_0_6,1_0_0_5,1_0_0_4
60,0.01,1,2_0_0_2-2_1_0_2,8,0,2.98023223877e-08,0.0898973745076,0.698816104481,2.0,2.0,2.0,2.0,2.0,2.0,2.0,2_0_0_2,1_0_0_4,2_0_0_3,1_0_0_3,1_0_0_2,1_0_0_1,1_0_0_0,1_0_0_7,1_0_0_6,1_0_0_5
60,0.01,1,2_0_0_1-2_1_0_1,8,0,5.82076609135e-11,0.00048828125,0.660789812877,1.0,2.0,2.0,2.0,2.0,2.0,2.0,2_0_0_1,1_0_0_0,1_0_0_3,2_0_0_0,1_0_0_2,1_0_0_1,1_0_0_7,1_0_0_6,1_0_0_5,1_0_0_4
60,0.01,1,2_0_1_1-2_1_1_1,8,0,1.86264514923e-09,0.0076294892927,0.0226893742653,2.0,2.0,2.0,2.0,2.0,2.0,2.0,2_0_1_1,1_0_1_6,2_0_1_0,1_0_1_2,1_0_1_3,1_0_1_0,1_0_1_1,1_0_1_7,1_0_1_4,1_0_1_5
60,0.01,1,2_0_1_2-2_1_1_2,8,0,4.65661287308e-10,0.856029561084,2.0,2.0,2.0,2.0,2.0,2.0,2.0,2.0,2_0_1_2,2_0_1_3,1_0_1_2,1_0_1_3,1_0_1_0,1_0_1_1,1_0_1_6,1_0_1_7,1_0_1_4,1_0_1_5
60,0.01,1,2_0_0_3-2_1_0_3,8,0,1.49011611938e-08,0.386718151772,2.0,2.0,2.0,2.0,2.0,2.0,2.0,2.0,2_0_0_3,2_0_0_2,1_0_0_3,1_0_0_2,1_0_0_1,1_0_0_0,1_0_0_7,1_0_0_6,1_0_0_5,1_0_0_4
80,0.01,1,2_0_1_0-2_1_1_0,8,0,9.09494701773e-13,0.0898973745076,0.372778697097,0.560195935615,1.0,2.0,2.0,2.0,2.0,2.0,2_0_1_0,1_0_1_1,1_0_1_2,1_0_1_3,2_0_1_1,1_0_1_0,1_0_1_6,1_0_1_7,1_0_1_4,1_0_1_5
80,0.01,1,2_0_1_3-2_1_1_3,8,0,9.09494701773e-13,0.0190168077622,0.0880418701932,0.136933551519,0.636543275718,2.0,2.0,2.0,2.0,2.0,2_0_1_3,1_0_1_2,1_0_1_4,1_0_1_7,2_0_1_2,1_0_1_3,1_0_1_0,1_0_1_1,1_0_1_6,1_0_1_5
80,0.01,1,2_0_0_0-2_1_0_0,8,0,1.81898940355e-12,0.208098358994,0.264930887835,0.307543055144,0.372778697097,0.895964716108,2.0,2.0,2.0,2.0,2_0_0_0,1_0_0_5,1_0_0_7,1_0_0_6,1_0_0_2,2_0_0_1,1_0_0_3,1_0_0_1,1_0_0_0,1_0_0_4
80,0.01,1,2_0_0_2-2_1_0_2,8,0,4.54747350886e-13,0.0076294892927,0.0323962027482,0.208098358994,0.660789812877,0.890921750837,2.0,2.0,2.0,2.0,2_0_0_2,1_0_0_3,1_0_0_0,1_0_0_1,1_0_0_2,2_0_0_3,1_0_0_7,1_0_0_6,1_0_0_5,1_0_0_4
80,0.01,1,2_0_0_1-2_1_0_1,8,0,9.09494701773e-13,0.0544195584002,0.0880418701932,0.0898973745076,0.136933551519,0.446899946829,2.0,2.0,2.0,2.0,2_0_0_1,1_0_0_6,1_0_0_4,1_0_0_3,1_0_0_0,2_0_0_0,1_0_0_2,1_0_0_1,1_0_0_7,1_0_0_5
80,0.01,1,2_0_1_1-2_1_1_1,8,0,1.81898940355e-12,0.208098358994,0.307543055144,0.372778697097,0.736653035923,2.0,2.0,2.0,2.0,2.0,2_0_1_1,1_0_1_7,1_0_1_3,1_0_1_6,2_0_1_0,1_0_1_2,1_0_1_0,1_0_1_1,1_0_1_4,1_0_1_5
80,0.01,1,2_0_1_2-2_1_1_2,8,0,1.81898940355e-12,0.264930887835,0.372778697097,0.372778697097,0.895964716108,2.0,2.0,2.0,2.0,2.0,2_0_1_2,1_0_1_2,1_0_1_0,1_0_1_6,2_0_1_3,1_0_1_3,1_0_1_1,1_0_1_7,1_0_1_4,1_0_1_5
80,0.01,1,2_0_0_3-2_1_0_3,8,0,9.09494701773e-13,0.0813988354946,0.372778697097,0.42763075233,0.951209587585,2.0,2.0,2.0,2.0,2.0,2_0_0_3,1_0_0_2,1_0_0_7,1_0_0_4,2_0_0_2,1_0_0_3,1_0_0_1,1_0_0_0,1_0_0_6,1_0_0_5
100,0.01,1,2_0_1_0-2_1_1_0,8,0,4.4408920985e-16,6.103515625e-05,0.0323962027482,0.136933551519,0.264930887835,0.264930887835,0.307543055144,0.372778697097,0.989847102132,2.0,2_0_1_0,1_0_1_7,1_0_1_2,1_0_1_3,1_0_1_4,1_0_1_5,1_0_1_0,1_0_1_1,2_0_1_1,1_0_1_6
100,0.01,1,2_0_1_3-2_1_1_3,8,0,1.73472347598e-18,0.0139312339166,0.0139312339166,0.0190168077622,0.0898973745076,0.123317546069,0.372778697097,0.560195935615,0.736653035923,2.0,2_0_1_3,1_0_1_2,1_0_1_6,1_0_1_1,1_0_1_4,1_0_1_0,1_0_1_7,1_0_1_5,2_0_1_2,1_0_1_3
100,0.01,1,2_0_0_0-2_1_0_0,8,0,8.881784197e-16,0.0139312339166,0.0527633917379,0.0898973745076,0.136933551519,0.182961389063,0.962232129069,1.0,2.0,2.0,2_0_0_0,1_0_0_1,1_0_0_4,1_0_0_3,1_0_0_6,1_0_0_7,1_0_0_2,2_0_0_1,1_0_0_0,1_0_0_5
100,0.01,1,2_0_0_2-2_1_0_2,8,0,1.13686837722e-13,0.011030504587,0.30443634614,0.372778697097,0.372778697097,0.866453303662,0.991265985197,2.0,2.0,2.0,2_0_0_2,1_0_0_3,1_0_0_5,1_0_0_2,1_0_0_0,1_0_0_7,2_0_0_3,1_0_0_1,1_0_0_6,1_0_0_4
100,0.01,1,2_0_0_1-2_1_0_1,8,0,4.4408920985e-16,0.00360323726177,0.0190168077622,0.123317546069,0.264930887835,0.31569683902,0.774493047431,2.0,2.0,2.0,2_0_0_1,1_0_0_7,1_0_0_5,1_0_0_4,1_0_0_0,1_0_0_6,2_0_0_0,1_0_0_3,1_0_0_2,1_0_0_1
100,0.01,1,2_0_1_1-2_1_1_1,8,0,2.84217094304e-14,0.0211758236814,0.0544195584002,0.0555111512314,0.0880418701932,0.307543055144,0.330399336573,2.0,2.0,2.0,2_0_1_1,1_0_1_7,1_0_1_6,1_0_1_1,1_0_1_3,1_0_1_0,2_0_1_0,1_0_1_2,1_0_1_4,1_0_1_5
100,0.01,1,2_0_1_2-2_1_1_2,8,0,1.11022302463e-16,0.00633267647171,0.0544195584002,0.0555111512314,0.31569683902,0.560195935615,0.660789812877,0.766085584251,2.0,2.0,2_0_1_2,1_0_1_2,1_0_1_4,1_0_1_1,1_0_1_7,1_0_1_5,1_0_1_6,2_0_1_3,1_0_1_3,1_0_1_0
100,0.01,1,2_0_0_3-2_1_0_3,8,0,5.55111512313e-17,0.0544195584002,0.123317546069,0.205261195631,0.474127011366,0.560195935615,0.866453303662,0.955503012118,2.0,2.0,2_0_0_3,1_0_0_5,1_0_0_7,2_0_0_2,1_0_0_1,1_0_0_6,1_0_0_4,1_0_0_0,1_0_0_3,1_0_0_2
20,0.01,1,2_0_1_0-2_1_1_0,5,0,0.00048828125,2.0,2.0,2.0,2.0,2.0,2.0,2.0,2.0,2.0,2_0_1_0,2_0_1_1,1_0_1_2,1_0_1_3,1_0_1_0,1_0_1_1,1_0_1_6,1_0_1_7,1_0_1_4,1_0_1_5
20,0.01,1,2_0_1_1-2_1_1_1,5,0,0.000244140625,2.0,2.0,2.0,2.0,2.0,2.0,2.0,2.0,2_0_1_1,2_0_1_0,1_0_1_2,1_0_1_3,1_0_1_0,1_0_1_1,1_0_1_6,1_0_1_4,1_0_1_5
20,0.01,1,2_0_1_3-2_1_1_3,5,0,0.000244140625,2.0,2.0,2.0,2.0,2.0,2.0,2.0,2.0,2.0,2_0_1_3,2_0_1_2,1_0_1_2,1_0_1_3,1_0_1_0,1_0_1_1,1_0_1_6,1_0_1_7,1_0_1_4,1_0_1_5
20,0.01,1,2_0_0_1-2_1_0_1,5,0,0.000244140625,2.0,2.0,2.0,2.0,2.0,2.0,2.0,2.0,2_0_0_1,1_0_0_2,1_0_0_1,1_0_0_0,1_0_0_7,1_0_0_6,1_0_0_5,1_0_0_4,2_0_0_0
20,0.01,1,2_0_0_3-2_1_0_3,5,0,0.000244140625,2.0,2.0,2.0,2.0,2.0,2.0,2.0,2.0,2_0_0_3,1_0_0_3,1_0_0_2,1_0_0_1,1_0_0_0,1_0_0_6,1_0_0_5,1_0_0_4,2_0_0_2
40,0.01,1,2_0_1_0-2_1_1_0,8,0,1.90734863281e-06,0.548266618634,2.0,2.0,2.0,2.0,2.0,2.0,2.0,2.0,2_0_1_0,2_0_1_1,1_0_1_2,1_0_1_3,1_0_1_0,1_0_1_1,1_0_1_6,1_0_1_7,1_0_1_4,1_0_1_5
40,0.01,1,2_0_1_3-2_1_1_3,8,0,2.38418579102e-07,0.638791830135,2.0,2.0,2.0,2.0,2.0,2.0,2.0,2.0,2_0_1_3,2_0_1_2,1_0_1_2,1_0_1_3,1_0_1_0,1_0_1_1,1_0_1_6,1_0_1_7,1_0_1_4,1_0_1_5
40,0.01,1,2_0_0_0-2_1_0_0,8,0,7.62939453125e-06,0.821839002801,2.0,2.0,2.0,2.0,2.0,2.0,2.0,2.0,2_0_0_0,2_0_0_1,1_0_0_3,1_0_0_2,1_0_0_1,1_0_0_0,1_0_0_7,1_0_0_6,1_0_0_5,1_0_0_4
40,0.01,1,2_0_0_2-2_1_0_2,8,0,1.19209289551e-07,0.474127011366,2.0,2.0,2.0,2.0,2.0,2.0,2.0,2.0,2_0_0_2,2_0_0_3,1_0_0_3,1_0_0_2,1_0_0_1,1_0_0_0,1_0_0_7,1_0_0_6,1_0_0_5,1_0_0_4
40,0.01,1,2_0_0_1-2_1_0_1,8,0,1.52587890625e-05,0.715413952241,2.0,2.0,2.0,2.0,2.0,2.0,2.0,2.0,2_0_0_1,2_0_0_0,1_0_0_3,1_0_0_2,1_0_0_1,1_0_0_0,1_0_0_7,1_0_0_6,1_0_0_5,1_0_0_4
40,0.01,1,2_0_1_1-2_1_1_1,8,0,0.0001220703125,0.981647737327,2.0,2.0,2.0,2.0,2.0,2.0,2.0,2.0,2_0_1_1,2_0_1_0,1_0_1_2,1_0_1_3,1_0_1_0,1_0_1_1,1_0_1_6,1_0_1_7,1_0_1_4,1_0_1_5
40,0.01,1,2_0_1_2-2_1_1_2,8,0,4.76837158203e-07,0.788331840259,2.0,2.0,2.0,2.0,2.0,2.0,2.0,2.0,2_0_1_2,2_0_1_3,1_0_1_2,1_0_1_3,1_0_1_0,1_0_1_1,1_0_1_6,1_0_1_7,1_0_1_4,1_0_1_5
40,0.01,1,2_0_0_3-2_1_0_3,8,0,1.90734863281e-06,0.806524831202,2.0,2.0,2.0,2.0,2.0,2.0,2.0,2.0,2_0_0_3,2_0_0_2,1_0_0_3,1_0_0_2,1_0_0_1,1_0_0_0,1_0_0_7,1_0_0_6,1_0_0_5,1_0_0_4
60,0.01,1,2_0_1_0-2_1_1_0,8,0,7.45058059692e-09,0.307543055144,0.683690021614,2.0,2.0,2.0,2.0,2.0,2.0,2.0,2_0_1_0,1_0_1_5,2_0_1_1,1_0_1_2,1_0_1_3,1_0_1_0,1_0_1_1,1_0_1_6,1_0_1_7,1_0_1_4
60,0.01,1,2_0_1_3-2_1_1_3,8,0,4.65661287308e-10,0.0139312339166,0.506821632386,0.648433507636,2.0,2.0,2.0,2.0,2.0,2.0,2_0_1_3,1_0_1_6,1_0_1_0,2_0_1_2,1_0_1_2,1_0_1_3,1_0_1_1,1_0_1_7,1_0_1_4,1_0_1_5
60,0.01,1,2_0_0_0-2_1_0_0,8,0,1.45519152284e-11,0.136933551519,0.919955432665,2.0,2.0,2.0,2.0,2.0,2.0,2.0,2_0_0_0,1_0_0_5,2_0_0_1,1_0_0_3,1_0_0_2,1_0_0_1,1_0_0_0,1_0_0_7,1_0_0_6,1_0_0_4
60,0.01,1,2_0_0_2-2_1_0_2,8,0,7.45058059692e-09,0.473267482523,0.845821465941,2.0,2.0,2.0,2.0,2.0,2.0,2.0,2_0_0_2,2_0_0_3,1_0_0_1,1_0_0_3,1_0_0_2,1_0_0_0,1_0_0_7,1_0_0_6,1_0_0_5,1_0_0_4
60,0.01,1,2_0_0_1-2_1_0_1,8,0,7.45058059692e-09,0.0544195584002,0.984960406688,2.0,2.0,2.0,2.0,2.0,2.0,2.0,2_0_0_1,1_0_0_4,2_0_0_0,1_0_0_3,1_0_0_2,1_0_0_1,1_0_0_0,1_0_0_7,1_0_0_6,1_0_0_5
60,0.01,1,2_0_1_1-2_1_1_1,8,0,1.86264514923e-09,0.864686105358,2.0,2.0,2.0,2.0,2.0,2.0,2.0,2.0,2_0_1_1,2_0_1_0,1_0_1_2,1_0_1_3,1_0_1_0,1_0_1_1,1_0_1_6,1_0_1_7,1_0_1_4,1_0_1_5
60,0.01,1,2_0_1_2-2_1_1_2,8,0,4.65661287308e-10,0.0139312339166,0.856029561084,2.0,2.0,2.0,2.0,2.0,2.0,2.0,2_0_1_2,1_0_1_2,2_0_1_3,1_0_1_3,1_0_1_0,1_0_1_1,1_0_1_6,1_0_1_7,1_0_1_4,1_0_1_5
60,0.01,1,2_0_0_3-2_1_0_3,8,0,2.32830643654e-10,0.0898973745076,0.208098358994,0.750741327428,2.0,2.0,2.0,2.0,2.0,2.0,2_0_0_3,1_0_0_2,1_0_0_3,2_0_0_2,1_0_0_1,1_0_0_0,1_0_0_7,1_0_0_6,1_0_0_5,1_0_0_4
80,0.01,1,2_0_1_0-2_1_1_0,8,0,2.27373675443e-13,0.0139312339166,0.0544195584002,0.621467090358,0.845821465941,0.955503012118,2.0,2.0,2.0,2.0,2_0_1_0,1_0_1_0,1_0_1_3,2_0_1_1,1_0_1_4,1_0_1_1,1_0_1_2,1_0_1_6,1_0_1_7,1_0_1_5
80,0.01,1,2_0_1_3-2_1_1_3,8,0,8.881784197e-16,3.81469726562e-06,0.0898973745076,0.208098358994,0.765319057953,2.0,2.0,2.0,2.0,2.0,2_0_1_3,1_0_1_2,1_0_1_3,1_0_1_4,2_0_1_2,1_0_1_0,1_0_1_1,1_0_1_6,1_0_1_7,1_0_1_5
80,0.01,1,2_0_0_0-2_1_0_0,8,0,8.881784197e-16,0.0076294892927,0.136933551519,0.307543055144,1.0,2.0,2.0,2.0,2.0,2.0,2_0_0_0,1_0_0_4,1_0_0_3,1_0_0_5,2_0_0_1,1_0_0_2,1_0_0_1,1_0_0_0,1_0_0_7,1_0_0_6
80,0.01,1,2_0_0_2-2_1_0_2,8,0,1.42108547152e-14,0.0544195584002,0.136933551519,0.208098358994,1.0,2.0,2.0,2.0,2.0,2.0,2_0_0_2,1_0_0_5,1_0_0_3,1_0_0_2,2_0_0_3,1_0_0_1,1_0_0_0,1_0_0_7,1_0_0_6,1_0_0_4
80,0.01,1,2_0_0_1-2_1_0_1,8,0,3.63797880709e-12,0.0344201253605,0.0898973745076,0.307543055144,0.464599243804,0.506821632386,2.0,2.0,2.0,2.0,2_0_0_1,1_0_0_6,1_0_0_7,1_0_0_2,2_0_0_0,1_0_0_0,1_0_0_3,1_0_0_1,1_0_0_5,1_0_0_4
80,0.01,1,2_0_1_1-2_1_1_1,8,0,3.63797880709e-12,0.0323962027482,0.0544195584002,0.360813447275,0.953479779686,2.0,2.0,2.0,2.0,2.0,2_0_1_1,1_0_1_6,1_0_1_7,1_0_1_2,2_0_1_0,1_0_1_3,1_0_1_0,1_0_1_1,1_0_1_4,1_0_1_5
80,0.01,1,2_0_1_2-2_1_1_2,8,0,1.13686837722e-13,0.0001220703125,0.00048828125,0.0544195584002,0.0969792411601,2.0,2.0,2.0,2.0,2.0,2_0_1_2,1_0_1_0,1_0_1_1,1_0_1_5,2_0_1_3,1_0_1_2,1_0_1_3,1_0_1_6,1_0_1_7,1_0_1_4
80,0.01,1,2_0_0_3-2_1_0_3,8,0,1.42108547152e-14,0.0139312339166,0.0344201253605,1.0,2.0,2.0,2.0,2.0,2.0,2.0,2_0_0_3,1_0_0_6,1_0_0_5,2_0_0_2,1_0_0_3,1_0_0_2,1_0_0_1,1_0_0_0,1_0_0_7,1_0_0_4
100,0.01,1,2_0_1_0-2_1_1_0,8,0,2.84217094304e-14,0.000244140625,0.0344201253605,0.372778697097,0.51391023579,0.796453274743,2.0,2.0,2.0,2.0,2_0_1_0,1_0_1_2,1_0_1_1,1_0_1_4,1_0_1_0,2_0_1_1,1_0_1_3,1_0_1_6,1_0_1_7,1_0_1_5
100,0.01,1,2_0_1_3-2_1_1_3,8,0,2.22044604925e-16,0.011030504587,0.0139312339166,0.0323962027482,0.0323962027482,0.182961389063,0.307543055144,0.350170248995,0.372778697097,2.0,2_0_1_3,1_0_1_3,1_0_1_7,1_0_1_2,1_0_1_6,1_0_1_1,1_0_1_4,2_0_1_2,1_0_1_5,1_0_1_0
100,0.01,1,2_0_0_0-2_1_0_0,8,0,2.77555756156e-17,0.00414666244787,0.0076294892927,0.0555111512314,0.182961389063,0.192885685225,0.988949484729,2.0,2.0,2.0,2_0_0_0,1_0_0_5,1_0_0_2,1_0_0_4,1_0_0_0,1_0_0_6,2_0_0_1,1_0_0_3,1_0_0_1,1_0_0_7
100,0.01,1,2_0_0_2-2_1_0_2,8,0,1.7763568394e-15,0.0730770643368,0.0813988354946,0.123317546069,0.208098358994,0.990243358023,2.0,2.0,2.0,2.0,2_0_0_2,1_0_0_7,1_0_0_3,1_0_0_5,1_0_0_1,2_0_0_3,1_0_0_2,1_0_0_0,1_0_0_6,1_0_0_4
100,0.01,1,2_0_0_1-2_1_0_1,8,0,3.5527136788e-15,0.0323962027482,0.208098358994,0.226514893743,0.264930887835,0.307543055144,0.603298561199,0.962259584168,2.0,2.0,2_0_0_1,1_0_0_7,1_0_0_5,1_0_0_3,1_0_0_4,1_0_0_0,1_0_0_2,2_0_0_0,1_0_0_1,1_0_0_6
100,0.01,1,2_0_1_1-2_1_1_1,8,0,2.84217094304e-14,0.0323962027482,0.0555111512314,0.136933551519,0.226514893743,0.372778697097,0.921402050396,2.0,2.0,2.0,2_0_1_1,1_0_1_3,1_0_1_0,1_0_1_4,1_0_1_1,1_0_1_7,2_0_1_0,1_0_1_2,1_0_1_6,1_0_1_5
100,0.01,1,2_0_1_2-2_1_1_2,8,0,1.38777878078e-17,6.103515625e-05,0.0210361119555,0.0323962027482,0.208098358994,0.360813447275,0.663405887283,2.0,2.0,2.0,2_0_1_2,1_0_1_5,1_0_1_1,1_0_1_4,1_0_1_2,1_0_1_6,2_0_1_3,1_0_1_3,1_0_1_0,1_0_1_7
100,0.01,1,2_0_0_3-2_1_0_3,8,0,1.7763568394e-15,0.0139312339166,0.0544195584002,0.0880418701932,0.0880418701932,0.0898973745076,0.226514893743,0.782319392987,0.955503012118,2.0,2_0_0_3,1_0_0_5,1_0_0_4,1_0_0_0,1_0_0_6,1_0_0_7,1_0_0_2,2_0_0_2,1_0_0_1,1_0_0_3
20,0.01,1,2_0_0_0-2_1_0_0,5,0,0.000244140625,2.0,2.0,2.0,2.0,2.0,2.0,2.0,2.0,2_0_0_0,1_0_0_2,1_0_0_1,1_0_0_0,1_0_0_7,1_0_0_6,1_0_0_5,1_0_0_4,2_0_0_1
20,0.01,1,2_0_1_1-2_1_1_1,5,0,0.0001220703125,2.0,2.0,2.0,2.0,2.0,2.0,2.0,2.0,2.0,2_0_1_1,2_0_1_0,1_0_1_2,1_0_1_3,1_0_1_0,1_0_1_1,1_0_1_6,1_0_1_7,1_0_1_4,1_0_1_5
20,0.01,1,2_0_1_3-2_1_1_3,5,0,0.00048828125,2.0,2.0,2.0,2.0,2.0,2.0,2.0,2.0,2_0_1_3,2_0_1_2,1_0_1_2,1_0_1_3,1_0_1_0,1_0_1_1,1_0_1_6,1_0_1_7,1_0_1_4
20,0.01,1,2_0_1_2-2_1_1_2,5,0,0.0001220703125,2.0,2.0,2.0,2.0,2.0,2.0,2.0,2.0,2.0,2_0_1_2,2_0_1_3,1_0_1_2,1_0_1_3,1_0_1_0,1_0_1_1,1_0_1_6,1_0_1_7,1_0_1_4,1_0_1_5
20,0.01,1,2_0_0_2-2_1_0_2,5,0,6.103515625e-05,2.0,2.0,2.0,2.0,2.0,2.0,2.0,2_0_0_2,1_0_0_3,1_0_0_0,1_0_0_7,1_0_0_6,1_0_0_5,1_0_0_4,2_0_0_3
40,0.01,1,2_0_1_0-2_1_1_0,8,0,1.19209289551e-07,0.76636463792,2.0,2.0,2.0,2.0,2.0,2.0,2.0,2.0,2_0_1_0,2_0_1_1,1_0_1_2,1_0_1_3,1_0_1_0,1_0_1_1,1_0_1_6,1_0_1_7,1_0_1_4,1_0_1_5
40,0.01,1,2_0_1_3-2_1_1_3,8,0,1.49011611938e-08,0.560195935615,2.0,2.0,2.0,2.0,2.0,2.0,2.0,2.0,2_0_1_3,2_0_1_2,1_0_1_2,1_0_1_3,1_0_1_0,1_0_1_1,1_0_1_6,1_0_1_7,1_0_1_4,1_0_1_5
40,0.01,1,2_0_0_0-2_1_0_0,8,0,3.81469726562e-06,0.0945827307653,2.0,2.0,2.0,2.0,2.0,2.0,2.0,2.0,2_0_0_0,2_0_0_1,1_0_0_3,1_0_0_2,1_0_0_1,1_0_0_0,1_0_0_7,1_0_0_6,1_0_0_5,1_0_0_4
40,0.01,1,2_0_0_2-2_1_0_2,8,0,7.62939453125e-06,0.821839002801,2.0,2.0,2.0,2.0,2.0,2.0,2.0,2.0,2_0_0_2,2_0_0_3,1_0_0_3,1_0_0_2,1_0_0_1,1_0_0_0,1_0_0_7,1_0_0_6,1_0_0_5,1_0_0_4
40,0.01,1,2_0_0_1-2_1_0_1,8,0,4.76837158203e-07,0.788331840259,2.0,2.0,2.0,2.0,2.0,2.0,2.0,2.0,2_0_0_1,2_0_0_0,1_0_0_3,1_0_0_2,1_0_0_1,1_0_0_0,1_0_0_7,1_0_0_6,1_0_0_5,1_0_0_4
40,0.01,1,2_0_1_1-2_1_1_1,8,0,3.81469726562e-06,1.0,2.0,2.0,2.0,2.0,2.0,2.0,2.0,2.0,2_0_1_1,2_0_1_0,1_0_1_2,1_0_1_3,1_0_1_0,1_0_1_1,1_0_1_6,1_0_1_7,1_0_1_4,1_0_1_5
40,0.01,1,2_0_1_2-2_1_1_2,8,0,2.38418579102e-07,0.638791830135,2.0,2.0,2.0,2.0,2.0,2.0,2.0,2.0,2_0_1_2,2_0_1_3,1_0_1_2,1_0_1_3,1_0_1_0,1_0_1_1,1_0_1_6,1_0_1_7,1_0_1_4,1_0_1_5
40,0.01,1,2_0_0_3-2_1_0_3,8,0,1.90734863281e-06,0.548266618634,2.0,2.0,2.0,2.0,2.0,2.0,2.0,2.0,2_0_0_3,2_0_0_2,1_0_0_3,1_0_0_2,1_0_0_1,1_0_0_0,1_0_0_7,1_0_0_6,1_0_0_5,1_0_0_4
60,0.01,1,2_0_1_0-2_1_1_0,8,0,7.45058059692e-09,0.984960406688,2.0,2.0,2.0,2.0,2.0,2.0,2.0,2.0,2_0_1_0,2_0_1_1,1_0_1_2,1_0_1_3,1_0_1_0,1_0_1_1,1_0_1_6,1_0_1_7,1_0_1_4,1_0_1_5
60,0.01,1,2_0_1_3-2_1_1_3,8,0,2.91038304567e-11,0.00223928298525,0.370380418231,2.0,2.0,2.0,2.0,2.0,2.0,2.0,2_0_1_3,1_0_1_0,2_0_1_2,1_0_1_2,1_0_1_3,1_0_1_1,1_0_1_6,1_0_1_7,1_0_1_4,1_0_1_5
60,0.01,1,2_0_0_0-2_1_0_0,8,0,4.65661287308e-10,0.506821632386,0.648433507636,2.0,2.0,2.0,2.0,2.0,2.0,2.0,2_0_0_0,1_0_0_2,2_0_0_1,1_0_0_3,1_0_0_1,1_0_0_0,1_0_0_7,1_0_0_6,1_0_0_5,1_0_0_4
60,0.01,1,2_0_0_2-2_1_0_2,8,0,9.31322574615e-10,0.705186060147,0.935460705976,2.0,2.0,2.0,2.0,2.0,2.0,2.0,2_0_0_2,1_0_0_6,2_0_0_3,1_0_0_3,1_0_0_2,1_0_0_1,1_0_0_0,1_0_0_7,1_0_0_5,1_0_0_4
60,0.01,1,2_0_0_1-2_1_0_1,8,0,1.16415321827e-10,0.981647737327,2.0,2.0,2.0,2.0,2.0,2.0,2.0,2.0,2_0_0_1,2_0_0_0,1_0_0_3,1_0_0_2,1_0_0_1,1_0_0_0,1_0_0_7,1_0_0_6,1_0_0_5,1_0_0_4
60,0.01,1,2_0_1_1-2_1_1_1,8,0,5.82076609135e-11,0.925890670177,2.0,2.0,2.0,2.0,2.0,2.0,2.0,2.0,2_0_1_1,2_0_1_0,1_0_1_2,1_0_1_3,1_0_1_0,1_0_1_1,1_0_1_6,1_0_1_7,1_0_1_4,1_0_1_5
60,0.01,1,2_0_1_2-2_1_1_2,8,0,2.91038304567e-11,0.264930887835,0.980193442246,2.0,2.0,2.0,2.0,2.0,2.0,2.0,2_0_1_2,1_0_1_4,2_0_1_3,1_0_1_2,1_0_1_3,1_0_1_0,1_0_1_1,1_0_1_6,1_0_1_7,1_0_1_5
60,0.01,1,2_0_0_3-2_1_0_3,8,0,1.86264514923e-09,0.307543055144,0.666981781555,0.955503012118,2.0,2.0,2.0,2.0,2.0,2.0,2_0_0_3,1_0_0_3,2_0_0_2,1_0_0_1,1_0_0_2,1_0_0_0,1_0_0_7,1_0_0_6,1_0_0_5,1_0_0_4
80,0.01,1,2_0_1_0-2_1_1_0,8,0,7.1054273576e-15,0.0076294892927,0.264930887835,0.307543055144,0.506821632386,0.87236087889,2.0,2.0,2.0,2.0,2_0_1_0,1_0_1_1,1_0_1_3,1_0_1_4,1_0_1_6,2_0_1_1,1_0_1_2,1_0_1_0,1_0_1_7,1_0_1_5
80,0.01,1,2_0_1_3-2_1_1_3,8,0,1.81898940355e-12,0.0190168077622,0.0898973745076,0.955503012118,0.987877742448,2.0,2.0,2.0,2.0,2.0,2_0_1_3,1_0_1_2,1_0_1_0,1_0_1_6,2_0_1_2,1_0_1_3,1_0_1_1,1_0_1_7,1_0_1_4,1_0_1_5
80,0.01,1,2_0_0_0-2_1_0_0,8,0,1.7763568394e-15,0.0555111512314,0.182961389063,0.208098358994,0.45059801333,2.0,2.0,2.0,2.0,2.0,2_0_0_0,1_0_0_0,1_0_0_7,1_0_0_4,2_0_0_1,1_0_0_3,1_0_0_2,1_0_0_1,1_0_0_6,1_0_0_5
80,0.01,1,2_0_0_2-2_1_0_2,8,0,2.91038304567e-11,0.0139312339166,0.30443634614,0.578879072939,0.845821465941,2.0,2.0,2.0,2.0,2.0,2_0_0_2,1_0_0_2,1_0_0_1,2_0_0_3,1_0_0_5,1_0_0_3,1_0_0_0,1_0_0_7,1_0_0_6,1_0_0_4
80,0.01,1,2_0_0_1-2_1_0_1,8,0,1.81898940355e-12,0.0555111512314,0.307543055144,0.307543055144,0.369392747122,2.0,2.0,2.0,2.0,2.0,2_0_0_1,1_0_0_2,1_0_0_3,1_0_0_7,2_0_0_0,1_0_0_1,1_0_0_0,1_0_0_6,1_0_0_5,1_0_0_4
80,0.01,1,2_0_1_1-2_1_1_1,8,0,7.1054273576e-15,0.0190168077622,0.0880418701932,0.0880418701932,0.0898973745076,0.984960406688,2.0,2.0,2.0,2.0,2_0_1_1,1_0_1_6,1_0_1_1,1_0_1_4,1_0_1_7,2_0_1_0,1_0_1_2,1_0_1_3,1_0_1_0,1_0_1_5
80,0.01,1,2_0_1_2-2_1_1_2,8,0,1.45519152284e-11,0.00633267647171,0.0898973745076,0.264930887835,0.833543447426,2.0,2.0,2.0,2.0,2.0,2_0_1_2,1_0_1_3,1_0_1_6,1_0_1_2,2_0_1_3,1_0_1_0,1_0_1_1,1_0_1_7,1_0_1_4,1_0_1_5
80,0.01,1,2_0_0_3-2_1_0_3,8,0,4.54747350886e-13,0.00633267647171,0.0544195584002,0.0555111512314,0.987259932574,2.0,2.0,2.0,2.0,2.0,2_0_0_3,1_0_0_2,1_0_0_6,1_0_0_0,2_0_0_2,1_0_0_3,1_0_0_1,1_0_0_7,1_0_0_5,1_0_0_4
100,0.01,1,2_0_1_0-2_1_1_0,8,0,2.84217094304e-14,0.000244140625,0.00120261454299,0.603298561199,0.739313886531,0.845821465941,0.955503012118,0.99094979188,2.0,2.0,2_0_1_0,1_0_1_4,1_0_1_7,1_0_1_5,1_0_1_3,1_0_1_2,1_0_1_6,2_0_1_1,1_0_1_0,1_0_1_1
100,0.01,1,2_0_1_3-2_1_1_3,8,0,2.22044604925e-16,0.00360323726177,0.0555111512314,0.0898973745076,0.307543055144,0.307543055144,0.474127011366,1.0,2.0,2.0,2_0_1_3,1_0_1_7,1_0_1_0,1_0_1_5,1_0_1_3,1_0_1_6,1_0_1_4,2_0_1_2,1_0_1_2,1_0_1_1
100,0.01,1,2_0_0_0-2_1_0_0,8,0,8.881784197e-16,1.52587890625e-05,0.000642792655695,0.011030504587,0.0363745418276,0.0898973745076,0.136933551519,0.182961389063,2.0,2.0,2_0_0_0,1_0_0_2,1_0_0_7,1_0_0_1,2_0_0_1,1_0_0_5,1_0_0_4,1_0_0_6,1_0_0_3,1_0_0_0
100,0.01,1,2_0_0_2-2_1_0_2,8,0,1.42108547152e-14,0.0001220703125,0.0555111512314,0.0898973745076,0.123317546069,0.264930887835,0.845821465941,1.0,1.0,2.0,2_0_0_2,1_0_0_5,1_0_0_6,1_0_0_4,1_0_0_7,1_0_0_2,1_0_0_1,1_0_0_3,2_0_0_3,1_0_0_0
100,0.01,1,2_0_0_1-2_1_0_1,8,0,3.5527136788e-15,0.0076294892927,0.0323962027482,0.0555111512314,0.123317546069,0.506821632386,0.539110108164,0.866453303662,2.0,2.0,2_0_0_1,1_0_0_0,1_0_0_6,1_0_0_7,1_0_0_4,1_0_0_1,2_0_0_0,1_0_0_2,1_0_0_3,1_0_0_5
100,0.01,1,2_0_1_1-2_1_1_1,8,0,1.42108547152e-14,0.0813988354946,0.0901453427258,0.182961389063,0.560195935615,0.955503012118,1.0,1.0,2.0,2.0,2_0_1_1,1_0_1_6,2_0_1_0,1_0_1_5,1_0_1_2,1_0_1_3,1_0_1_1,1_0_1_4,1_0_1_0,1_0_1_7
100,0.01,1,2_0_1_2-2_1_1_2,8,0,8.881784197e-16,0.0880418701932,0.123317546069,0.226514893743,0.506821632386,0.560195935615,0.697070297976,0.955503012118,2.0,2.0,2_0_1_2,1_0_1_2,1_0_1_0,1_0_1_7,1_0_1_4,1_0_1_5,2_0_1_3,1_0_1_3,1_0_1_1,1_0_1_6
100,0.01,1,2_0_0_3-2_1_0_3,8,0,2.22044604925e-16,0.0323962027482,0.0323962027482,0.264930887835,0.307543055144,0.31569683902,0.372778697097,0.511817123053,0.845821465941,2.0,2_0_0_3,1_0_0_0,1_0_0_6,1_0_0_4,1_0_0_5,1_0_0_1,1_0_0_7,2_0_0_2,1_0_0_2,1_0_0_3
20,0.01,1,2_0_0_2-2_1_0_2,4,0,0.000244140625,2.0,2.0,2.0,2.0,2.0,2.0,2.0,2.0,2.0,2_0_0_2,1_0_0_3,1_0_0_2,1_0_0_1,1_0_0_0,1_0_0_7,1_0_0_6,1_0_0_5,1_0_0_4,2_0_0_3
20,0.01,1,2_0_1_3-2_1_1_3,4,0,0.0001220703125,2.0,2.0,2.0,2.0,2.0,2.0,2.0,2.0,2.0,2_0_1_3,2_0_1_2,1_0_1_2,1_0_1_3,1_0_1_0,1_0_1_1,1_0_1_6,1_0_1_7,1_0_1_4,1_0_1_5
20,0.01,1,2_0_0_3-2_1_0_3,4,0,0.00048828125,2.0,2.0,2.0,2.0,2.0,2.0,2.0,2.0,2.0,2_0_0_3,1_0_0_3,1_0_0_2,1_0_0_1,1_0_0_0,1_0_0_7,1_0_0_6,1_0_0_5,1_0_0_4,2_0_0_2
20,0.01,1,2_0_1_0-2_1_1_0,4,0,0.0001220703125,2.0,2.0,2.0,2.0,2.0,2.0,2.0,2.0,2.0,2_0_1_0,2_0_1_1,1_0_1_2,1_0_1_3,1_0_1_0,1_0_1_1,1_0_1_6,1_0_1_7,1_0_1_4,1_0_1_5
40,0.01,1,2_0_1_0-2_1_1_0,8,0,1.90734863281e-06,0.976462892133,2.0,2.0,2.0,2.0,2.0,2.0,2.0,2.0,2_0_1_0,2_0_1_1,1_0_1_2,1_0_1_3,1_0_1_0,1_0_1_1,1_0_1_6,1_0_1_7,1_0_1_4,1_0_1_5
40,0.01,1,2_0_1_3-2_1_1_3,8,0,1.49011611938e-08,0.560195935615,2.0,2.0,2.0,2.0,2.0,2.0,2.0,2.0,2_0_1_3,2_0_1_2,1_0_1_2,1_0_1_3,1_0_1_0,1_0_1_1,1_0_1_6,1_0_1_7,1_0_1_4,1_0_1_5
40,0.01,1,2_0_0_0-2_1_0_0,8,0,6.103515625e-05,0.925890670177,2.0,2.0,2.0,2.0,2.0,2.0,2.0,2.0,2_0_0_0,2_0_0_1,1_0_0_3,1_0_0_2,1_0_0_1,1_0_0_0,1_0_0_7,1_0_0_6,1_0_0_5,1_0_0_4
40,0.01,1,2_0_0_2-2_1_0_2,8,0,2.38418579102e-07,0.894633741959,2.0,2.0,2.0,2.0,2.0,2.0,2.0,2.0,2_0_0_2,2_0_0_3,1_0_0_3,1_0_0_2,1_0_0_1,1_0_0_0,1_0_0_7,1_0_0_6,1_0_0_5,1_0_0_4
40,0.01,1,2_0_0_1-2_1_0_1,8,0,2.38418579102e-07,0.0527633917379,2.0,2.0,2.0,2.0,2.0,2.0,2.0,2.0,2_0_0_1,2_0_0_0,1_0_0_3,1_0_0_2,1_0_0_1,1_0_0_0,1_0_0_7,1_0_0_6,1_0_0_5,1_0_0_4
40,0.01,1,2_0_1_1-2_1_1_1,8,0,0.0001220703125,0.399374273918,2.0,2.0,2.0,2.0,2.0,2.0,2.0,2.0,2_0_1_1,2_0_1_0,1_0_1_2,1_0_1_3,1_0_1_0,1_0_1_1,1_0_1_6,1_0_1_7,1_0_1_4,1_0_1_5
40,0.01,1,2_0_1_2-2_1_1_2,8,0,1.86264514923e-09,0.660789812877,2.0,2.0,2.0,2.0,2.0,2.0,2.0,2.0,2_0_1_2,2_0_1_3,1_0_1_2,1_0_1_3,1_0_1_0,1_0_1_1,1_0_1_6,1_0_1_7,1_0_1_4,1_0_1_5
40,0.01,1,2_0_0_3-2_1_0_3,8,0,3.0517578125e-05,0.604479308416,2.0,2.0,2.0,2.0,2.0,2.0,2.0,2.0,2_0_0_3,2_0_0_2,1_0_0_3,1_0_0_2,1_0_0_1,1_0_0_0,1_0_0_7,1_0_0_6,1_0_0_5,1_0_0_4
60,0.01,1,2_0_1_0-2_1_1_0,8,0,7.45058059692e-09,0.0898973745076,0.87236087889,2.0,2.0,2.0,2.0,2.0,2.0,2.0,2_0_1_0,1_0_1_1,2_0_1_1,1_0_1_2,1_0_1_3,1_0_1_0,1_0_1_6,1_0_1_7,1_0_1_4,1_0_1_5
60,0.01,1,2_0_1_3-2_1_1_3,8,0,3.72529029846e-09,0.0996644941675,2.0,2.0,2.0,2.0,2.0,2.0,2.0,2.0,2_0_1_3,2_0_1_2,1_0_1_2,1_0_1_3,1_0_1_0,1_0_1_1,1_0_1_6,1_0_1_7,1_0_1_4,1_0_1_5
60,0.01,1,2_0_0_0-2_1_0_0,8,0,2.32830643654e-10,0.0139312339166,0.372778697097,0.705186060147,1.0,2.0,2.0,2.0,2.0,2.0,2_0_0_0,1_0_0_2,1_0_0_4,1_0_0_0,2_0_0_1,1_0_0_3,1_0_0_1,1_0_0_7,1_0_0_6,1_0_0_5
60,0.01,1,2_0_0_2-2_1_0_2,8,0,7.27595761418e-12,0.0139312339166,0.57819621411,2.0,2.0,2.0,2.0,2.0,2.0,2.0,2_0_0_2,1_0_0_3,2_0_0_3,1_0_0_2,1_0_0_1,1_0_0_0,1_0_0_7,1_0_0_6,1_0_0_5,1_0_0_4
60,0.01,1,2_0_0_1-2_1_0_1,8,0,1.49011611938e-08,0.0323962027482,0.789907109944,2.0,2.0,2.0,2.0,2.0,2.0,2.0,2_0_0_1,1_0_0_5,2_0_0_0,1_0_0_3,1_0_0_2,1_0_0_1,1_0_0_0,1_0_0_7,1_0_0_6,1_0_0_4
60,0.01,1,2_0_1_1-2_1_1_1,8,0,4.65661287308e-10,0.0190168077622,0.648433507636,2.0,2.0,2.0,2.0,2.0,2.0,2.0,2_0_1_1,1_0_1_6,2_0_1_0,1_0_1_2,1_0_1_3,1_0_1_0,1_0_1_1,1_0_1_7,1_0_1_4,1_0_1_5
60,0.01,1,2_0_1_2-2_1_1_2,8,0,7.45058059692e-09,0.683690021614,2.0,2.0,2.0,2.0,2.0,2.0,2.0,2.0,2_0_1_2,2_0_1_3,1_0_1_2,1_0_1_3,1_0_1_0,1_0_1_1,1_0_1_6,1_0_1_7,1_0_1_4,1_0_1_5
60,0.01,1,2_0_0_3-2_1_0_3,8,0,1.86264514923e-09,0.0139312339166,0.0226893742653,2.0,2.0,2.0,2.0,2.0,2.0,2.0,2_0_0_3,1_0_0_2,2_0_0_2,1_0_0_3,1_0_0_1,1_0_0_0,1_0_0_7,1_0_0_6,1_0_0_5,1_0_0_4
80,0.01,1,2_0_1_0-2_1_1_0,8,0,2.91038304567e-11,0.123317546069,0.757030164956,0.882207868187,0.955503012118,2.0,2.0,2.0,2.0,2.0,2_0_1_0,1_0_1_5,2_0_1_1,1_0_1_3,1_0_1_4,1_0_1_2,1_0_1_0,1_0_1_1,1_0_1_6,1_0_1_7
80,0.01,1,2_0_1_3-2_1_1_3,8,0,1.13686837722e-13,0.00048828125,0.0898973745076,0.264930887835,0.307543055144,0.307543055144,0.98657576053,2.0,2.0,2.0,2_0_1_3,1_0_1_4,1_0_1_2,1_0_1_7,1_0_1_3,1_0_1_0,2_0_1_2,1_0_1_1,1_0_1_6,1_0_1_5
80,0.01,1,2_0_0_0-2_1_0_0,8,0,5.82076609135e-11,0.307543055144,0.31569683902,0.840185245457,2.0,2.0,2.0,2.0,2.0,2.0,2_0_0_0,1_0_0_7,1_0_0_0,2_0_0_1,1_0_0_3,1_0_0_2,1_0_0_1,1_0_0_6,1_0_0_5,1_0_0_4
80,0.01,1,2_0_0_2-2_1_0_2,8,0,2.27373675443e-13,0.208098358994,0.76636463792,0.948706401562,2.0,2.0,2.0,2.0,2.0,2.0,2_0_0_2,1_0_0_6,1_0_0_0,2_0_0_3,1_0_0_3,1_0_0_2,1_0_0_1,1_0_0_7,1_0_0_5,1_0_0_4
80,0.01,1,2_0_0_1-2_1_0_1,8,0,2.77555756156e-17,0.00414666244787,0.011030504587,0.0544195584002,0.0816881297957,2.0,2.0,2.0,2.0,2.0,2_0_0_1,1_0_0_4,1_0_0_1,1_0_0_0,2_0_0_0,1_0_0_3,1_0_0_2,1_0_0_7,1_0_0_6,1_0_0_5
80,0.01,1,2_0_1_1-2_1_1_1,8,0,2.91038304567e-11,0.25713238258,0.506821632386,0.560195935615,2.0,2.0,2.0,2.0,2.0,2.0,2_0_1_1,2_0_1_0,1_0_1_4,1_0_1_3,1_0_1_2,1_0_1_0,1_0_1_1,1_0_1_6,1_0_1_7,1_0_1_5
80,0.01,1,2_0_1_2-2_1_1_2,8,0,2.27373675443e-13,0.0076294892927,0.0898973745076,0.0898973745076,0.0898973745076,0.264930887835,0.809841416309,2.0,2.0,2.0,2_0_1_2,1_0_1_3,1_0_1_0,1_0_1_6,1_0_1_5,1_0_1_1,2_0_1_3,1_0_1_2,1_0_1_7,1_0_1_4
80,0.01,1,2_0_0_3-2_1_0_3,8,0,7.27595761418e-12,0.0880418701932,0.264930887835,0.988438399632,1.0,2.0,2.0,2.0,2.0,2.0,2_0_0_3,1_0_0_2,1_0_0_5,2_0_0_2,1_0_0_3,1_0_0_1,1_0_0_0,1_0_0_7,1_0_0_6,1_0_0_4
100,0.01,1,2_0_1_0-2_1_1_0,8,0,3.63797880709e-12,0.0544195584002,0.0898973745076,0.372778697097,0.372778697097,0.560195935615,0.705186060147,0.739313886531,0.747682060799,2.0,2_0_1_0,1_0_1_1,1_0_1_3,1_0_1_0,1_0_1_6,1_0_1_5,1_0_1_7,1_0_1_4,2_0_1_1,1_0_1_2
100,0.01,1,2_0_1_3-2_1_1_3,8,0,3.46944695195e-18,0.00414666244787,0.0076294892927,0.0190168077622,0.0880418701932,0.158581151933,0.307543055144,0.307543055144,0.826326598303,2.0,2_0_1_3,1_0_1_5,1_0_1_2,1_0_1_0,1_0_1_7,1_0_1_3,1_0_1_1,1_0_1_6,2_0_1_2,1_0_1_4
100,0.01,1,2_0_0_0-2_1_0_0,8,0,2.77555756156e-17,0.0323962027482,0.0544195584002,0.372778697097,0.474127011366,0.757030164956,0.76636463792,2.0,2.0,2.0,2_0_0_0,1_0_0_6,1_0_0_1,1_0_0_7,1_0_0_0,2_0_0_1,1_0_0_2,1_0_0_3,1_0_0_5,1_0_0_4
100,0.01,1,2_0_0_2-2_1_0_2,8,0,4.4408920985e-16,0.00120261454299,0.0898973745076,0.123317546069,0.123317546069,0.208098358994,0.372778697097,0.774493047431,2.0,2.0,2_0_0_2,1_0_0_3,1_0_0_2,1_0_0_0,1_0_0_4,1_0_0_1,1_0_0_5,2_0_0_3,1_0_0_7,1_0_0_6
100,0.01,1,2_0_0_1-2_1_0_1,8,0,1.7763568394e-15,0.0323962027482,0.0344201253605,0.123317546069,0.182961389063,0.372778697097,0.506821632386,0.990243358023,2.0,2.0,2_0_0_1,1_0_0_7,1_0_0_2,1_0_0_0,1_0_0_4,1_0_0_1,1_0_0_3,2_0_0_0,1_0_0_6,1_0_0_5
100,0.01,1,2_0_1_1-2_1_1_1,8,0,1.7763568394e-15,0.0898973745076,0.123317546069,0.187254161343,0.264930887835,0.506821632386,0.705186060147,0.76636463792,2.0,2.0,2_0_1_1,1_0_1_3,1_0_1_0,2_0_1_0,1_0_1_7,1_0_1_4,1_0_1_2,1_0_1_1,1_0_1_6,1_0_1_5
100,0.01,1,2_0_1_2-2_1_1_2,8,0,2.16840434497e-19,3.0517578125e-05,0.00048828125,0.0076294892927,0.0076294892927,0.0210361119555,0.0713107224635,0.136933551519,0.660789812877,2.0,2_0_1_2,1_0_1_4,1_0_1_3,1_0_1_2,1_0_1_0,1_0_1_5,2_0_1_3,1_0_1_7,1_0_1_6,1_0_1_1
100,0.01,1,2_0_0_3-2_1_0_3,8,0,1.38777878078e-17,0.000635382013836,0.0544195584002,0.317793244145,0.51391023579,0.705186060147,2.0,2.0,2.0,2.0,2_0_0_3,1_0_0_5,1_0_0_6,2_0_0_2,1_0_0_2,1_0_0_3,1_0_0_1,1_0_0_0,1_0_0_7,1_0_0_4
20,0.01,1,2_0_1_1-2_1_1_1,5,0,0.00048828125,2.0,2.0,2.0,2.0,2.0,2.0,2.0,2.0,2.0,2_0_1_1,2_0_1_0,1_0_1_2,1_0_1_3,1_0_1_0,1_0_1_1,1_0_1_6,1_0_1_7,1_0_1_4,1_0_1_5
20,0.01,1,2_0_1_2-2_1_1_2,5,0,6.103515625e-05,2.0,2.0,2.0,2.0,2.0,2.0,2.0,2.0,2.0,2_0_1_2,2_0_1_3,1_0_1_2,1_0_1_3,1_0_1_0,1_0_1_1,1_0_1_6,1_0_1_7,1_0_1_4,1_0_1_5
20,0.01,1,2_0_1_3-2_1_1_3,5,0.5,2.0,2.0,2.0,2.0,2.0,2.0,2.0,2.0,2.0,2.0,2_0_1_3,2_0_1_2,1_0_1_2,1_0_1_3,1_0_1_0,1_0_1_1,1_0_1_6,1_0_1_7,1_0_1_4,1_0_1_5
20,0.01,1,2_0_0_3-2_1_0_3,5,0,0.000244140625,2.0,2.0,2.0,2.0,2.0,2.0,2.0,2.0,2_0_0_3,1_0_0_2,1_0_0_1,1_0_0_0,1_0_0_7,1_0_0_6,1_0_0_5,1_0_0_4,2_0_0_2
20,0.01,1,2_0_1_0-2_1_1_0,5,0,0.000244140625,2.0,2.0,2.0,2.0,2.0,2.0,2.0,2.0,2_0_1_0,2_0_1_1,1_0_1_2,1_0_1_3,1_0_1_0,1_0_1_1,1_0_1_6,1_0_1_4,1_0_1_5
40,0.01,1,2_0_1_0-2_1_1_0,8,0,5.96046447754e-08,0.882207868187,2.0,2.0,2.0,2.0,2.0,2.0,2.0,2.0,2_0_1_0,2_0_1_1,1_0_1_2,1_0_1_3,1_0_1_0,1_0_1_1,1_0_1_6,1_0_1_7,1_0_1_4,1_0_1_5
40,0.01,1,2_0_1_3-2_1_1_3,8,0,2.38418579102e-07,1.0,2.0,2.0,2.0,2.0,2.0,2.0,2.0,2.0,2_0_1_3,2_0_1_2,1_0_1_2,1_0_1_3,1_0_1_0,1_0_1_1,1_0_1_6,1_0_1_7,1_0_1_4,1_0_1_5
40,0.01,1,2_0_0_0-2_1_0_0,8,0,7.62939453125e-06,0.978488754555,2.0,2.0,2.0,2.0,2.0,2.0,2.0,2.0,2_0_0_0,2_0_0_1,1_0_0_3,1_0_0_2,1_0_0_1,1_0_0_0,1_0_0_7,1_0_0_6,1_0_0_5,1_0_0_4
40,0.01,1,2_0_0_2-2_1_0_2,8,0,7.62939453125e-06,0.978488754555,2.0,2.0,2.0,2.0,2.0,2.0,2.0,2.0,2_0_0_2,2_0_0_3,1_0_0_3,1_0_0_2,1_0_0_1,1_0_0_0,1_0_0_7,1_0_0_6,1_0_0_5,1_0_0_4
40,0.01,1,2_0_0_1-2_1_0_1,8,0,2.38418579102e-07,0.360813447275,2.0,2.0,2.0,2.0,2.0,2.0,2.0,2.0,2_0_0_1,2_0_0_0,1_0_0_3,1_0_0_2,1_0_0_1,1_0_0_0,1_0_0_7,1_0_0_6,1_0_0_5,1_0_0_4
40,0.01,1,2_0_1_1-2_1_1_1,8,0,4.76837158203e-07,0.788331840259,2.0,2.0,2.0,2.0,2.0,2.0,2.0,2.0,2_0_1_1,2_0_1_0,1_0_1_2,1_0_1_3,1_0_1_0,1_0_1_1,1_0_1_6,1_0_1_7,1_0_1_4,1_0_1_5
40,0.01,1,2_0_1_2-2_1_1_2,8,0,1.90734863281e-06,0.30443634614,2.0,2.0,2.0,2.0,2.0,2.0,2.0,2.0,2_0_1_2,2_0_1_3,1_0_1_2,1_0_1_3,1_0_1_0,1_0_1_1,1_0_1_6,1_0_1_7,1_0_1_4,1_0_1_5
40,0.01,1,2_0_0_3-2_1_0_3,8,0,9.53674316406e-07,0.904686017997,2.0,2.0,2.0,2.0,2.0,2.0,2.0,2.0,2_0_0_3,2_0_0_2,1_0_0_3,1_0_0_2,1_0_0_1,1_0_0_0,1_0_0_7,1_0_0_6,1_0_0_5,1_0_0_4
60,0.01,1,2_0_1_0-2_1_1_0,8,0,1.86264514923e-09,0.307543055144,0.660789812877,0.666981781555,2.0,2.0,2.0,2.0,2.0,2.0,2_0_1_0,1_0_1_1,1_0_1_3,2_0_1_1,1_0_1_2,1_0_1_0,1_0_1_6,1_0_1_7,1_0_1_4,1_0_1_5
60,0.01,1,2_0_1_3-2_1_1_3,8,0,1.16415321827e-10,0.399374273918,2.0,2.0,2.0,2.0,2.0,2.0,2.0,2.0,2_0_1_3,2_0_1_2,1_0_1_2,1_0_1_3,1_0_1_0,1_0_1_1,1_0_1_6,1_0_1_7,1_0_1_4,1_0_1_5
60,0.01,1,2_0_0_0-2_1_0_0,8,0,2.32830643654e-10,0.931006114269,2.0,2.0,2.0,2.0,2.0,2.0,2.0,2.0,2_0_0_0,2_0_0_1,1_0_0_3,1_0_0_2,1_0_0_1,1_0_0_0,1_0_0_7,1_0_0_6,1_0_0_5,1_0_0_4
60,0.01,1,2_0_0_2-2_1_0_2,8,0,1.86264514923e-09,0.265682649305,2.0,2.0,2.0,2.0,2.0,2.0,2.0,2.0,2_0_0_2,2_0_0_3,1_0_0_3,1_0_0_2,1_0_0_1,1_0_0_0,1_0_0_7,1_0_0_6,1_0_0_5,1_0_0_4
60,0.01,1,2_0_0_1-2_1_0_1,8,0,5.96046447754e-08,0.0544195584002,0.408055002248,0.660789812877,2.0,2.0,2.0,2.0,2.0,2.0,2_0_0_1,1_0_0_3,2_0_0_0,1_0_0_7,1_0_0_2,1_0_0_1,1_0_0_0,1_0_0_6,1_0_0_5,1_0_0_4
60,0.01,1,2_0_1_1-2_1_1_1,8,0,1.16415321827e-10,0.846190043423,2.0,2.0,2.0,2.0,2.0,2.0,2.0,2.0,2_0_1_1,2_0_1_0,1_0_1_2,1_0_1_3,1_0_1_0,1_0_1_1,1_0_1_6,1_0_1_7,1_0_1_4,1_0_1_5
60,0.01,1,2_0_1_2-2_1_1_2,8,0,9.31322574615e-10,0.307543055144,0.339703339926,2.0,2.0,2.0,2.0,2.0,2.0,2.0,2_0_1_2,1_0_1_5,2_0_1_3,1_0_1_2,1_0_1_3,1_0_1_0,1_0_1_1,1_0_1_6,1_0_1_7,1_0_1_4
60,0.01,1,2_0_0_3-2_1_0_3,8,0,5.82076609135e-11,0.0898973745076,0.497287379426,2.0,2.0,2.0,2.0,2.0,2.0,2.0,2_0_0_3,1_0_0_5,2_0_0_2,1_0_0_3,1_0_0_2,1_0_0_1,1_0_0_0,1_0_0_7,1_0_0_6,1_0_0_4
80,0.01,1,2_0_1_0-2_1_1_0,8,0,7.27595761418e-12,0.0898973745076,0.0898973745076,0.264930887835,0.372778697097,0.900562035476,2.0,2.0,2.0,2.0,2_0_1_0,1_0_1_2,1_0_1_4,1_0_1_5,1_0_1_3,2_0_1_1,1_0_1_0,1_0_1_1,1_0_1_6,1_0_1_7
80,0.01,1,2_0_1_3-2_1_1_3,8,0,4.54747350886e-13,0.00048828125,0.00360323726177,0.109844727526,0.208098358994,2.0,2.0,2.0,2.0,2.0,2_0_1_3,1_0_1_1,1_0_1_6,2_0_1_2,1_0_1_2,1_0_1_3,1_0_1_0,1_0_1_7,1_0_1_4,1_0_1_5
80,0.01,1,2_0_0_0-2_1_0_0,8,0,2.27373675443e-13,0.00633267647171,0.0323962027482,0.948706401562,1.0,2.0,2.0,2.0,2.0,2.0,2_0_0_0,1_0_0_4,1_0_0_6,2_0_0_1,1_0_0_7,1_0_0_3,1_0_0_2,1_0_0_1,1_0_0_0,1_0_0_5
80,0.01,1,2_0_0_2-2_1_0_2,8,0,3.63797880709e-12,0.0898973745076,0.660789812877,0.705186060147,0.826326598303,0.955503012118,2.0,2.0,2.0,2.0,2_0_0_2,1_0_0_7,1_0_0_6,1_0_0_2,2_0_0_3,1_0_0_5,1_0_0_3,1_0_0_1,1_0_0_0,1_0_0_4
80,0.01,1,2_0_0_1-2_1_0_1,8,0,3.63797880709e-12,0.0544195584002,0.307543055144,0.953479779686,1.0,2.0,2.0,2.0,2.0,2.0,2_0_0_1,1_0_0_2,1_0_0_1,2_0_0_0,1_0_0_3,1_0_0_0,1_0_0_7,1_0_0_6,1_0_0_5,1_0_0_4
80,0.01,1,2_0_1_1-2_1_1_1,8,0,1.13686837722e-13,0.00048828125,0.0898973745076,0.264930887835,0.705186060147,0.712572469161,2.0,2.0,2.0,2.0,2_0_1_1,1_0_1_7,1_0_1_6,1_0_1_1,1_0_1_3,2_0_1_0,1_0_1_2,1_0_1_0,1_0_1_4,1_0_1_5
80,0.01,1,2_0_1_2-2_1_1_2,8,0,9.09494701773e-13,0.136933551519,0.372778697097,0.636543275718,0.845821465941,2.0,2.0,2.0,2.0,2.0,2_0_1_2,1_0_1_5,1_0_1_0,2_0_1_3,1_0_1_2,1_0_1_3,1_0_1_1,1_0_1_6,1_0_1_7,1_0_1_4
80,0.01,1,2_0_0_3-2_1_0_3,8,0,1.13686837722e-13,0.0880418701932,0.136933551519,0.307543055144,0.845821465941,0.885365050205,2.0,2.0,2.0,2.0,2_0_0_3,1_0_0_1,1_0_0_2,1_0_0_0,1_0_0_5,2_0_0_2,1_0_0_3,1_0_0_7,1_0_0_6,1_0_0_4
100,0.01,1,2_0_1_0-2_1_1_0,8,0,2.77555756156e-17,0.0001220703125,0.0323962027482,0.0544195584002,0.0898973745076,0.264930887835,0.560195935615,0.757030164956,0.845821465941,0.955503012118,2_0_1_0,1_0_1_2,1_0_1_0,1_0_1_7,1_0_1_6,1_0_1_5,1_0_1_3,2_0_1_1,1_0_1_4,1_0_1_1
100,0.01,1,2_0_1_3-2_1_1_3,8,0,1.73472347598e-18,0.00414666244787,0.0076294892927,0.0323962027482,0.0323962027482,0.0813988354946,0.705186060147,0.987877742448,2.0,2.0,2_0_1_3,1_0_1_0,1_0_1_2,1_0_1_3,1_0_1_4,1_0_1_7,1_0_1_5,2_0_1_2,1_0_1_1,1_0_1_6
100,0.01,1,2_0_0_0-2_1_0_0,8,0,5.55111512313e-17,0.000642792655695,0.00114039904705,0.0126949945836,0.506821632386,0.660789812877,0.660789812877,0.957440242792,2.0,2.0,2_0_0_0,1_0_0_1,1_0_0_4,1_0_0_6,1_0_0_0,1_0_0_2,1_0_0_7,2_0_0_1,1_0_0_3,1_0_0_5
100,0.01,1,2_0_0_2-2_1_0_2,8,0,1.42108547152e-14,0.0139312339166,0.0880418701932,0.158581151933,0.307543055144,0.360813447275,0.372778697097,0.716037589587,2.0,2.0,2_0_0_2,1_0_0_4,1_0_0_3,1_0_0_0,1_0_0_6,1_0_0_7,1_0_0_1,2_0_0_3,1_0_0_2,1_0_0_5
100,0.01,1,2_0_0_1-2_1_0_1,8,0,1.13686837722e-13,0.011030504587,0.108669077249,0.208098358994,0.226514893743,0.307543055144,0.660789812877,0.991265985197,2.0,2.0,2_0_0_1,1_0_0_4,1_0_0_1,1_0_0_5,1_0_0_0,1_0_0_7,1_0_0_2,2_0_0_0,1_0_0_3,1_0_0_6
100,0.01,1,2_0_1_1-2_1_1_1,8,0,1.7763568394e-15,0.0190168077622,0.0555111512314,0.182961389063,0.208098358994,0.226514893743,0.450097262055,2.0,2.0,2.0,2_0_1_1,1_0_1_4,1_0_1_6,1_0_1_1,1_0_1_7,1_0_1_0,2_0_1_0,1_0_1_2,1_0_1_3,1_0_1_5
100,0.01,1,2_0_1_2-2_1_1_2,8,0,8.881784197e-16,3.0517578125e-05,0.0898973745076,0.226514893743,0.560195935615,0.76636463792,0.851997995315,2.0,2.0,2.0,2_0_1_2,1_0_1_7,1_0_1_2,1_0_1_3,1_0_1_0,1_0_1_4,2_0_1_3,1_0_1_1,1_0_1_6,1_0_1_5
100,0.01,1,2_0_0_3-2_1_0_3,8,0,6.93889390391e-18,0.000642792655695,0.00223928298525,0.0076294892927,0.0190168077622,0.136933551519,0.387181916949,0.739313886531,2.0,2.0,2_0_0_3,1_0_0_0,1_0_0_4,1_0_0_3,1_0_0_7,1_0_0_1,2_0_0_2,1_0_0_6,1_0_0_2,1_0_0_5
20,0.01,1,2_0_1_1-2_1_1_1,4,0,6.103515625e-05,2.0,2.0,2.0,2.0,2.0,2.0,2.0,2.0,2.0,2_0_1_1,2_0_1_0,1_0_1_2,1_0_1_3,1_0_1_0,1_0_1_1,1_0_1_6,1_0_1_7,1_0_1_4,1_0_1_5
20,0.01,1,2_0_1_3-2_1_1_3,4,0,0.00048828125,2.0,2.0,2.0,2.0,2.0,2.0,2.0,2.0,2.0,2_0_1_3,2_0_1_2,1_0_1_2,1_0_1_3,1_0_1_0,1_0_1_1,1_0_1_6,1_0_1_7,1_0_1_4,1_0_1_5
20,0.01,1,2_0_0_1-2_1_0_1,4,0,0.00048828125,2.0,2.0,2.0,2.0,2.0,2.0,2.0,2.0,2.0,2_0_0_1,1_0_0_3,1_0_0_2,1_0_0_1,1_0_0_0,1_0_0_7,1_0_0_6,1_0_0_5,1_0_0_4,2_0_0_0
20,0.01,1,2_0_1_0-2_1_1_0,4,0,0.000244140625,2.0,2.0,2.0,2.0,2.0,2.0,2.0,2.0,2.0,2_0_1_0,2_0_1_1,1_0_1_2,1_0_1_3,1_0_1_0,1_0_1_1,1_0_1_6,1_0_1_7,1_0_1_4,1_0_1_5
40,0.01,1,2_0_1_0-2_1_1_0,8,0,7.62939453125e-06,0.338814155266,2.0,2.0,2.0,2.0,2.0,2.0,2.0,2.0,2_0_1_0,2_0_1_1,1_0_1_2,1_0_1_3,1_0_1_0,1_0_1_1,1_0_1_6,1_0_1_7,1_0_1_4,1_0_1_5
40,0.01,1,2_0_1_3-2_1_1_3,8,0,4.76837158203e-07,0.51391023579,2.0,2.0,2.0,2.0,2.0,2.0,2.0,2.0,2_0_1_3,2_0_1_2,1_0_1_2,1_0_1_3,1_0_1_0,1_0_1_1,1_0_1_6,1_0_1_7,1_0_1_4,1_0_1_5
40,0.01,1,2_0_0_0-2_1_0_0,8,0,1.90734863281e-06,0.548266618634,2.0,2.0,2.0,2.0,2.0,2.0,2.0,2.0,2_0_0_0,2_0_0_1,1_0_0_3,1_0_0_2,1_0_0_1,1_0_0_0,1_0_0_7,1_0_0_6,1_0_0_5,1_0_0_4
40,0.01,1,2_0_0_2-2_1_0_2,8,0,1.90734863281e-06,0.976462892133,2.0,2.0,2.0,2.0,2.0,2.0,2.0,2.0,2_0_0_2,2_0_0_3,1_0_0_3,1_0_0_2,1_0_0_1,1_0_0_0,1_0_0_7,1_0_0_6,1_0_0_5,1_0_0_4
40,0.01,1,2_0_0_1-2_1_0_1,8,0,9.53674316406e-07,0.668505756766,2.0,2.0,2.0,2.0,2.0,2.0,2.0,2.0,2_0_0_1,2_0_0_0,1_0_0_3,1_0_0_2,1_0_0_1,1_0_0_0,1_0_0_7,1_0_0_6,1_0_0_5,1_0_0_4
40,0.01,1,2_0_1_1-2_1_1_1,8,0,4.76837158203e-07,0.51391023579,2.0,2.0,2.0,2.0,2.0,2.0,2.0,2.0,2_0_1_1,2_0_1_0,1_0_1_2,1_0_1_3,1_0_1_0,1_0_1_1,1_0_1_6,1_0_1_7,1_0_1_4,1_0_1_5
40,0.01,1,2_0_1_2-2_1_1_2,8,0,9.53674316406e-07,1.0,2.0,2.0,2.0,2.0,2.0,2.0,2.0,2.0,2_0_1_2,2_0_1_3,1_0_1_2,1_0_1_3,1_0_1_0,1_0_1_1,1_0_1_6,1_0_1_7,1_0_1_4,1_0_1_5
40,0.01,1,2_0_0_3-2_1_0_3,8,0,5.96046447754e-08,1.0,2.0,2.0,2.0,2.0,2.0,2.0,2.0,2.0,2_0_0_3,2_0_0_2,1_0_0_3,1_0_0_2,1_0_0_1,1_0_0_0,1_0_0_7,1_0_0_6,1_0_0_5,1_0_0_4
60,0.01,1,2_0_1_0-2_1_1_0,8,0,1.16415321827e-10,0.627729429802,2.0,2.0,2.0,2.0,2.0,2.0,2.0,2.0,2_0_1_0,2_0_1_1,1_0_1_2,1_0_1_3,1_0_1_0,1_0_1_1,1_0_1_6,1_0_1_7,1_0_1_4,1_0_1_5
60,0.01,1,2_0_1_3-2_1_1_3,8,0,4.65661287308e-10,0.000244140625,0.241742854922,2.0,2.0,2.0,2.0,2.0,2.0,2.0,2_0_1_3,1_0_1_1,2_0_1_2,1_0_1_2,1_0_1_3,1_0_1_0,1_0_1_6,1_0_1_7,1_0_1_4,1_0_1_5
60,0.01,1,2_0_0_0-2_1_0_0,8,0,2.32830643654e-10,0.0323962027482,0.307543055144,0.931006114269,2.0,2.0,2.0,2.0,2.0,2.0,2_0_0_0,1_0_0_5,1_0_0_2,2_0_0_1,1_0_0_3,1_0_0_1,1_0_0_0,1_0_0_7,1_0_0_6,1_0_0_4
60,0.01,1,2_0_0_2-2_1_0_2,8,0,1.49011611938e-08,0.587314758254,2.0,2.0,2.0,2.0,2.0,2.0,2.0,2.0,2_0_0_2,2_0_0_3,1_0_0_3,1_0_0_2,1_0_0_1,1_0_0_0,1_0_0_7,1_0_0_6,1_0_0_5,1_0_0_4
60,0.01,1,2_0_0_1-2_1_0_1,8,0,4.65661287308e-10,0.0544195584002,0.241742854922,2.0,2.0,2.0,2.0,2.0,2.0,2.0,2_0_0_1,1_0_0_6,2_0_0_0,1_0_0_3,1_0_0_2,1_0_0_1,1_0_0_0,1_0_0_7,1_0_0_5,1_0_0_4
60,0.01,1,2_0_1_1-2_1_1_1,8,0,5.82076609135e-11,0.208098358994,0.734241178475,2.0,2.0,2.0,2.0,2.0,2.0,2.0,2_0_1_1,1_0_1_4,2_0_1_0,1_0_1_2,1_0_1_3,1_0_1_0,1_0_1_1,1_0_1_6,1_0_1_7,1_0_1_5
60,0.01,1,2_0_1_2-2_1_1_2,8,0,7.45058059692e-09,0.0139312339166,0.87236087889,2.0,2.0,2.0,2.0,2.0,2.0,2.0,2_0_1_2,1_0_1_1,2_0_1_3,1_0_1_2,1_0_1_3,1_0_1_0,1_0_1_6,1_0_1_7,1_0_1_4,1_0_1_5
60,0.01,1,2_0_0_3-2_1_0_3,8,0,1.49011611938e-08,0.0898973745076,0.386718151772,2.0,2.0,2.0,2.0,2.0,2.0,2.0,2_0_0_3,1_0_0_6,2_0_0_2,1_0_0_3,1_0_0_2,1_0_0_1,1_0_0_0,1_0_0_7,1_0_0_5,1_0_0_4
80,0.01,1,2_0_1_0-2_1_1_0,8,0,1.42108547152e-14,0.0544195584002,0.0730770643368,0.307543055144,0.789907109944,2.0,2.0,2.0,2.0,2.0,2_0_1_0,1_0_1_0,1_0_1_4,1_0_1_6,2_0_1_1,1_0_1_2,1_0_1_3,1_0_1_1,1_0_1_7,1_0_1_5
80,0.01,1,2_0_1_3-2_1_1_3,8,0,5.68434188608e-14,0.00048828125,0.0544195584002,0.0610928562746,0.136933551519,2.0,2.0,2.0,2.0,2.0,2_0_1_3,1_0_1_3,1_0_1_5,2_0_1_2,1_0_1_2,1_0_1_0,1_0_1_1,1_0_1_6,1_0_1_7,1_0_1_4
80,0.01,1,2_0_0_0-2_1_0_0,8,0,4.4408920985e-16,1.52587890625e-05,0.0898973745076,0.856029561084,2.0,2.0,2.0,2.0,2.0,2.0,2_0_0_0,1_0_0_0,1_0_0_5,2_0_0_1,1_0_0_3,1_0_0_2,1_0_0_1,1_0_0_7,1_0_0_6,1_0_0_4
80,0.01,1,2_0_0_2-2_1_0_2,8,0,1.45519152284e-11,6.103515625e-05,0.660789812877,0.660789812877,1.0,2.0,2.0,2.0,2.0,2.0,2_0_0_2,1_0_0_3,1_0_0_7,1_0_0_5,2_0_0_3,1_0_0_2,1_0_0_1,1_0_0_0,1_0_0_6,1_0_0_4
80,0.01,1,2_0_0_1-2_1_0_1,8,0,4.54747350886e-13,0.00223928298525,0.0139312339166,0.0898973745076,0.208098358994,0.307543055144,0.531728443246,2.0,2.0,2.0,2_0_0_1,1_0_0_7,1_0_0_4,1_0_0_2,1_0_0_0,1_0_0_5,2_0_0_0,1_0_0_3,1_0_0_1,1_0_0_6
80,0.01,1,2_0_1_1-2_1_1_1,8,0,5.82076609135e-11,0.00048828125,0.506821632386,0.675419346525,0.845821465941,0.845821465941,2.0,2.0,2.0,2.0,2_0_1_1,1_0_1_4,1_0_1_5,2_0_1_0,1_0_1_3,1_0_1_0,1_0_1_2,1_0_1_1,1_0_1_6,1_0_1_7
80,0.01,1,2_0_1_2-2_1_1_2,8,0,5.68434188608e-14,0.0076294892927,0.0898973745076,0.264930887835,0.372778697097,1.0,2.0,2.0,2.0,2.0,2_0_1_2,1_0_1_6,1_0_1_1,1_0_1_3,1_0_1_2,2_0_1_3,1_0_1_0,1_0_1_7,1_0_1_4,1_0_1_5
80,0.01,1,2_0_0_3-2_1_0_3,8,0,2.27373675443e-13,0.0323962027482,0.0898973745076,0.208098358994,0.307543055144,0.428082744173,0.955503012118,2.0,2.0,2.0,2_0_0_3,1_0_0_5,1_0_0_6,1_0_0_1,1_0_0_3,2_0_0_2,1_0_0_2,1_0_0_0,1_0_0_7,1_0_0_4
100,0.01,1,2_0_1_0-2_1_1_0,8,0,8.881784197e-16,3.0517578125e-05,0.011030504587,0.0323962027482,0.307543055144,0.603298561199,0.960779184222,1.0,2.0,2.0,2_0_1_0,1_0_1_2,1_0_1_1,1_0_1_7,1_0_1_4,1_0_1_3,2_0_1_1,1_0_1_6,1_0_1_0,1_0_1_5
100,0.01,1,2_0_1_3-2_1_1_3,8,0,3.46944695195e-18,9.59054767626e-05,9.59054767626e-05,0.0139312339166,0.0555111512314,0.464599243804,0.660789812877,2.0,2.0,2.0,2_0_1_3,1_0_1_7,1_0_1_4,1_0_1_1,1_0_1_6,2_0_1_2,1_0_1_0,1_0_1_2,1_0_1_3,1_0_1_5
100,0.01,1,2_0_0_0-2_1_0_0,8,0,2.27373675443e-13,0.0555111512314,0.136933551519,0.264930887835,0.474127011366,0.660789812877,0.739313886531,0.966098391353,2.0,2.0,2_0_0_0,1_0_0_7,1_0_0_4,1_0_0_2,1_0_0_6,1_0_0_3,1_0_0_1,2_0_0_1,1_0_0_0,1_0_0_5
100,0.01,1,2_0_0_2-2_1_0_2,8,0,1.38777878078e-17,0.0323962027482,0.0344201253605,0.0544195584002,0.136933551519,0.182961389063,0.42763075233,0.955548067165,2.0,2.0,2_0_0_2,1_0_0_3,1_0_0_5,1_0_0_2,1_0_0_4,1_0_0_0,1_0_0_6,2_0_0_3,1_0_0_1,1_0_0_7
100,0.01,1,2_0_0_1-2_1_0_1,8,0,3.46944695195e-18,0.0076294892927,0.0126949945836,0.0544195584002,0.136933551519,0.208098358994,0.307543055144,0.307543055144,0.307543055144,1.0,2_0_0_1,1_0_0_7,1_0_0_1,1_0_0_6,1_0_0_0,1_0_0_4,1_0_0_3,1_0_0_2,1_0_0_5,2_0_0_0
100,0.01,1,2_0_1_1-2_1_1_1,8,0,1.42108547152e-14,0.0076294892927,0.0323962027482,0.0344201253605,0.307543055144,0.372778697097,0.660789812877,0.866453303662,0.963632280189,2.0,2_0_1_1,1_0_1_6,1_0_1_1,1_0_1_0,1_0_1_2,1_0_1_4,1_0_1_5,1_0_1_7,2_0_1_0,1_0_1_3
100,0.01,1,2_0_1_2-2_1_1_2,8,0,2.22044604925e-16,0.00633267647171,0.0076294892927,0.0211758236814,0.208098358994,0.660789812877,0.845821465941,1.0,2.0,2.0,2_0_1_2,1_0_1_5,1_0_1_6,1_0_1_3,1_0_1_2,1_0_1_4,1_0_1_7,2_0_1_3,1_0_1_0,1_0_1_1
100,0.01,1,2_0_0_3-2_1_0_3,8,0,1.11022302463e-16,0.0076294892927,0.0190168077622,0.208098358994,0.264930887835,0.31569683902,0.372778697097,0.372778697097,0.908636820968,2.0,2_0_0_3,1_0_0_4,1_0_0_1,1_0_0_0,1_0_0_5,1_0_0_3,1_0_0_2,1_0_0_6,2_0_0_2,1_0_0_7
20,0.01,1,2_0_1_1-2_1_1_1,4,0,0.000244140625,2.0,2.0,2.0,2.0,2.0,2.0,2.0,2.0,2_0_1_1,2_0_1_0,1_0_1_2,1_0_1_3,1_0_1_1,1_0_1_6,1_0_1_7,1_0_1_4,1_0_1_5
20,0.01,1,2_0_1_3-2_1_1_3,4,0.5,2.0,2.0,2.0,2.0,2.0,2.0,2.0,2.0,2.0,2_0_1_3,2_0_1_2,1_0_1_2,1_0_1_3,1_0_1_0,1_0_1_6,1_0_1_7,1_0_1_4,1_0_1_5
20,0.01,1,2_0_0_1-2_1_0_1,4,0,0.00048828125,2.0,2.0,2.0,2.0,2.0,2.0,2.0,2.0,2.0,2_0_0_1,1_0_0_3,1_0_0_2,1_0_0_1,1_0_0_0,1_0_0_7,1_0_0_6,1_0_0_5,1_0_0_4,2_0_0_0
20,0.01,1,2_0_1_0-2_1_1_0,4,0,0.00048828125,2.0,2.0,2.0,2.0,2.0,2.0,2.0,2_0_1_0,2_0_1_1,1_0_1_2,1_0_1_3,1_0_1_0,1_0_1_1,1_0_1_6,1_0_1_5
40,0.01,1,2_0_1_0-2_1_1_0,8,0,4.76837158203e-07,0.51391023579,2.0,2.0,2.0,2.0,2.0,2.0,2.0,2.0,2_0_1_0,2_0_1_1,1_0_1_2,1_0_1_3,1_0_1_0,1_0_1_1,1_0_1_6,1_0_1_7,1_0_1_4,1_0_1_5
40,0.01,1,2_0_1_3-2_1_1_3,8,0,1.90734863281e-06,0.976462892133,2.0,2.0,2.0,2.0,2.0,2.0,2.0,2.0,2_0_1_3,2_0_1_2,1_0_1_2,1_0_1_3,1_0_1_0,1_0_1_1,1_0_1_6,1_0_1_7,1_0_1_4,1_0_1_5
40,0.01,1,2_0_0_0-2_1_0_0,8,0,1.52587890625e-05,0.919955432665,2.0,2.0,2.0,2.0,2.0,2.0,2.0,2.0,2_0_0_0,2_0_0_1,1_0_0_3,1_0_0_2,1_0_0_1,1_0_0_0,1_0_0_7,1_0_0_6,1_0_0_5,1_0_0_4
40,0.01,1,2_0_0_2-2_1_0_2,8,0,0.000244140625,0.931006114269,2.0,2.0,2.0,2.0,2.0,2.0,2.0,2.0,2_0_0_2,2_0_0_3,1_0_0_3,1_0_0_2,1_0_0_1,1_0_0_0,1_0_0_7,1_0_0_6,1_0_0_5,1_0_0_4
40,0.01,1,2_0_0_1-2_1_0_1,8,0,1.90734863281e-06,0.548266618634,2.0,2.0,2.0,2.0,2.0,2.0,2.0,2.0,2_0_0_1,2_0_0_0,1_0_0_3,1_0_0_2,1_0_0_1,1_0_0_0,1_0_0_7,1_0_0_6,1_0_0_5,1_0_0_4
40,0.01,1,2_0_1_1-2_1_1_1,8,0,1.90734863281e-06,0.30443634614,2.0,2.0,2.0,2.0,2.0,2.0,2.0,2.0,2_0_1_1,2_0_1_0,1_0_1_2,1_0_1_3,1_0_1_0,1_0_1_1,1_0_1_6,1_0_1_7,1_0_1_4,1_0_1_5
40,0.01,1,2_0_1_2-2_1_1_2,8,0,9.53674316406e-07,0.668505756766,2.0,2.0,2.0,2.0,2.0,2.0,2.0,2.0,2_0_1_2,2_0_1_3,1_0_1_2,1_0_1_3,1_0_1_0,1_0_1_1,1_0_1_6,1_0_1_7,1_0_1_4,1_0_1_5
40,0.01,1,2_0_0_3-2_1_0_3,8,0,1.90734863281e-06,0.976462892133,2.0,2.0,2.0,2.0,2.0,2.0,2.0,2.0,2_0_0_3,2_0_0_2,1_0_0_3,1_0_0_2,1_0_0_1,1_0_0_0,1_0_0_7,1_0_0_6,1_0_0_5,1_0_0_4
60,0.01,1,2_0_1_0-2_1_1_0,8,0,4.65661287308e-10,0.0544195584002,0.241742854922,2.0,2.0,2.0,2.0,2.0,2.0,2.0,2_0_1_0,1_0_1_1,2_0_1_1,1_0_1_2,1_0_1_3,1_0_1_0,1_0_1_6,1_0_1_7,1_0_1_4,1_0_1_5
60,0.01,1,2_0_1_3-2_1_1_3,8,0,7.27595761418e-12,0.00414666244787,0.0139312339166,0.0898973745076,0.163849200104,2.0,2.0,2.0,2.0,2.0,2_0_1_3,1_0_1_5,1_0_1_6,1_0_1_2,2_0_1_2,1_0_1_3,1_0_1_0,1_0_1_1,1_0_1_7,1_0_1_4
60,0.01,1,2_0_0_0-2_1_0_0,8,0,3.63797880709e-12,0.0323962027482,0.0898973745076,0.912986006158,2.0,2.0,2.0,2.0,2.0,2.0,2_0_0_0,1_0_0_1,1_0_0_0,2_0_0_1,1_0_0_3,1_0_0_2,1_0_0_7,1_0_0_6,1_0_0_5,1_0_0_4
60,0.01,1,2_0_0_2-2_1_0_2,8,0,4.65661287308e-10,0.648433507636,2.0,2.0,2.0,2.0,2.0,2.0,2.0,2.0,2_0_0_2,2_0_0_3,1_0_0_3,1_0_0_2,1_0_0_1,1_0_0_0,1_0_0_7,1_0_0_6,1_0_0_5,1_0_0_4
60,0.01,1,2_0_0_1-2_1_0_1,8,0,9.31322574615e-10,0.765319057953,2.0,2.0,2.0,2.0,2.0,2.0,2.0,2.0,2_0_0_1,2_0_0_0,1_0_0_3,1_0_0_2,1_0_0_1,1_0_0_0,1_0_0_7,1_0_0_6,1_0_0_5,1_0_0_4
60,0.01,1,2_0_1_1-2_1_1_1,8,0,1.16415321827e-10,0.136933551519,0.627729429802,2.0,2.0,2.0,2.0,2.0,2.0,2.0,2_0_1_1,1_0_1_3,2_0_1_0,1_0_1_2,1_0_1_0,1_0_1_1,1_0_1_6,1_0_1_7,1_0_1_4,1_0_1_5
60,0.01,1,2_0_1_2-2_1_1_2,8,0,1.45519152284e-11,0.506821632386,0.506821632386,1.0,2.0,2.0,2.0,2.0,2.0,2.0,2_0_1_2,1_0_1_2,1_0_1_1,2_0_1_3,1_0_1_3,1_0_1_0,1_0_1_6,1_0_1_7,1_0_1_4,1_0_1_5
60,0.01,1,2_0_0_3-2_1_0_3,8,0,1.16415321827e-10,0.136933551519,0.846190043423,2.0,2.0,2.0,2.0,2.0,2.0,2.0,2_0_0_3,1_0_0_3,2_0_0_2,1_0_0_2,1_0_0_1,1_0_0_0,1_0_0_7,1_0_0_6,1_0_0_5,1_0_0_4
80,0.01,1,2_0_1_0-2_1_1_0,8,0,5.82076609135e-11,0.307543055144,0.307543055144,0.603298561199,0.957440242792,2.0,2.0,2.0,2.0,2.0,2_0_1_0,1_0_1_3,1_0_1_4,1_0_1_5,2_0_1_1,1_0_1_2,1_0_1_0,1_0_1_1,1_0_1_6,1_0_1_7
80,0.01,1,2_0_1_3-2_1_1_3,8,0,1.42108547152e-14,0.0544195584002,0.0898973745076,0.0898973745076,0.136933551519,0.660789812877,0.789907109944,2.0,2.0,2.0,2_0_1_3,1_0_1_0,1_0_1_4,1_0_1_5,1_0_1_7,1_0_1_2,2_0_1_2,1_0_1_3,1_0_1_1,1_0_1_6
80,0.01,1,2_0_0_0-2_1_0_0,8,0,2.27373675443e-13,0.0323962027482,0.0544195584002,0.264930887835,1.0,2.0,2.0,2.0,2.0,2.0,2_0_0_0,1_0_0_0,1_0_0_4,1_0_0_6,2_0_0_1,1_0_0_3,1_0_0_2,1_0_0_1,1_0_0_7,1_0_0_5
80,0.01,1,2_0_0_2-2_1_0_2,8,0,1.81898940355e-12,0.0898973745076,0.208098358994,0.660789812877,0.845821465941,0.895964716108,2.0,2.0,2.0,2.0,2_0_0_2,1_0_0_4,1_0_0_6,1_0_0_3,1_0_0_2,2_0_0_3,1_0_0_1,1_0_0_0,1_0_0_7,1_0_0_5
80,0.01,1,2_0_0_1-2_1_0_1,8,0,1.45519152284e-11,0.0076294892927,0.0898973745076,0.123317546069,0.136933551519,0.481266704697,2.0,2.0,2.0,2.0,2_0_0_1,1_0_0_1,1_0_0_7,1_0_0_5,1_0_0_3,2_0_0_0,1_0_0_2,1_0_0_0,1_0_0_6,1_0_0_4
80,0.01,1,2_0_1_1-2_1_1_1,8,0,4.54747350886e-13,0.0190168077622,0.560195935615,0.987259932574,2.0,2.0,2.0,2.0,2.0,2.0,2_0_1_1,1_0_1_6,1_0_1_4,2_0_1_0,1_0_1_2,1_0_1_3,1_0_1_0,1_0_1_1,1_0_1_7,1_0_1_5
80,0.01,1,2_0_1_2-2_1_1_2,8,0,5.55111512313e-17,0.0076294892927,0.0139312339166,0.0880418701932,0.208098358994,0.925890670177,2.0,2.0,2.0,2.0,2_0_1_2,1_0_1_0,1_0_1_3,1_0_1_7,1_0_1_2,2_0_1_3,1_0_1_1,1_0_1_6,1_0_1_4,1_0_1_5
80,0.01,1,2_0_0_3-2_1_0_3,8,0,2.27373675443e-13,0.00633267647171,0.0139312339166,0.208098358994,0.948706401562,2.0,2.0,2.0,2.0,2.0,2_0_0_3,1_0_0_0,1_0_0_1,1_0_0_4,2_0_0_2,1_0_0_3,1_0_0_2,1_0_0_7,1_0_0_6,1_0_0_5
100,0.01,1,2_0_1_0-2_1_1_0,8,0,8.881784197e-16,0.000342138553278,0.0210361119555,0.0813988354946,0.0880418701932,0.660789812877,0.851997995315,2.0,2.0,2.0,2_0_1_0,1_0_1_6,1_0_1_2,1_0_1_5,1_0_1_0,1_0_1_4,2_0_1_1,1_0_1_3,1_0_1_1,1_0_1_7
100,0.01,1,2_0_1_3-2_1_1_3,8,0,8.881784197e-16,0.00414666244787,0.0076294892927,0.0344201253605,0.0880418701932,0.208098358994,0.506821632386,0.845821465941,0.851997995315,2.0,2_0_1_3,1_0_1_2,1_0_1_0,1_0_1_7,1_0_1_1,1_0_1_6,1_0_1_5,1_0_1_4,2_0_1_2,1_0_1_3
100,0.01,1,2_0_0_0-2_1_0_0,8,0,1.42108547152e-14,0.0126949945836,0.0880418701932,0.31569683902,0.716037589587,0.866453303662,1.0,2.0,2.0,2.0,2_0_0_0,1_0_0_0,1_0_0_3,1_0_0_7,2_0_0_1,1_0_0_2,1_0_0_5,1_0_0_1,1_0_0_6,1_0_0_4
100,0.01,1,2_0_0_2-2_1_0_2,8,0,1.38777878078e-17,0.00360323726177,0.00414666244787,0.0076294892927,0.0076294892927,0.0190168077622,0.481266704697,0.739313886531,2.0,2.0,2_0_0_2,1_0_0_2,1_0_0_5,1_0_0_3,1_0_0_7,1_0_0_6,2_0_0_3,1_0_0_1,1_0_0_0,1_0_0_4
100,0.01,1,2_0_0_1-2_1_0_1,8,0,8.881784197e-16,0.0126949945836,0.0544195584002,0.123317546069,0.307543055144,0.372778697097,0.866453303662,1.0,2.0,2.0,2_0_0_1,1_0_0_4,1_0_0_1,1_0_0_7,1_0_0_3,1_0_0_6,1_0_0_2,2_0_0_0,1_0_0_0,1_0_0_5
100,0.01,1,2_0_1_1-2_1_1_1,8,0,8.881784197e-16,3.0517578125e-05,0.0344201253605,0.0898973745076,0.264930887835,0.660789812877,0.697070297976,0.705186060147,2.0,2.0,2_0_1_1,1_0_1_4,1_0_1_2,1_0_1_7,1_0_1_0,1_0_1_6,2_0_1_0,1_0_1_1,1_0_1_3,1_0_1_5
100,0.01,1,2_0_1_2-2_1_1_2,8,0,4.4408920985e-16,0.00048828125,0.00414666244787,0.0190168077622,0.0210361119555,0.0544195584002,0.174590469613,0.42763075233,2.0,2.0,2_0_1_2,1_0_1_3,1_0_1_6,1_0_1_2,1_0_1_0,1_0_1_7,2_0_1_3,1_0_1_1,1_0_1_4,1_0_1_5
100,0.01,1,2_0_0_3-2_1_0_3,8,0,1.42108547152e-14,0.000642792655695,0.00203416162085,0.0076294892927,0.551684176108,0.560195935615,0.660789812877,0.866453303662,2.0,2.0,2_0_0_3,1_0_0_6,1_0_0_5,1_0_0_0,2_0_0_2,1_0_0_2,1_0_0_3,1_0_0_1,1_0_0_7,1_0_0_4
20,0.01,1,2_0_0_2-2_1_0_2,2,0,0.00048828125,2.0,2.0,2.0,2.0,2.0,2.0,2.0,2.0,2.0,2_0_0_2,1_0_0_3,1_0_0_2,1_0_0_1,1_0_0_0,1_0_0_7,1_0_0_6,1_0_0_5,1_0_0_4,2_0_0_3
20,0.01,1,2_0_1_3-2_1_1_3,2,0,0.000244140625,2.0,2.0,2.0,2.0,2.0,2.0,2.0,2.0,2_0_1_3,2_0_1_2,1_0_1_2,1_0_1_3,1_0_1_0,1_0_1_1,1_0_1_6,1_0_1_7,1_0_1_5
40,0.01,1,2_0_1_0-2_1_1_0,8,0,3.81469726562e-06,1.0,2.0,2.0,2.0,2.0,2.0,2.0,2.0,2.0,2_0_1_0,2_0_1_1,1_0_1_2,1_0_1_3,1_0_1_0,1_0_1_1,1_0_1_6,1_0_1_7,1_0_1_4,1_0_1_5
40,0.01,1,2_0_1_3-2_1_1_3,8,0,9.53674316406e-07,1.0,2.0,2.0,2.0,2.0,2.0,2.0,2.0,2.0,2_0_1_3,2_0_1_2,1_0_1_2,1_0_1_3,1_0_1_0,1_0_1_1,1_0_1_6,1_0_1_7,1_0_1_4,1_0_1_5
40,0.01,1,2_0_0_0-2_1_0_0,8,0,2.38418579102e-07,0.894633741959,2.0,2.0,2.0,2.0,2.0,2.0,2.0,2.0,2_0_0_0,2_0_0_1,1_0_0_3,1_0_0_2,1_0_0_1,1_0_0_0,1_0_0_7,1_0_0_6,1_0_0_5,1_0_0_4
40,0.01,1,2_0_0_2-2_1_0_2,8,0,1.19209289551e-07,0.955503012118,0.971000058911,2.0,2.0,2.0,2.0,2.0,2.0,2.0,2_0_0_2,1_0_0_1,2_0_0_3,1_0_0_3,1_0_0_2,1_0_0_0,1_0_0_7,1_0_0_6,1_0_0_5,1_0_0_4
40,0.01,1,2_0_0_1-2_1_0_1,8,0,2.38418579102e-07,0.894633741959,2.0,2.0,2.0,2.0,2.0,2.0,2.0,2.0,2_0_0_1,2_0_0_0,1_0_0_3,1_0_0_2,1_0_0_1,1_0_0_0,1_0_0_7,1_0_0_6,1_0_0_5,1_0_0_4
40,0.01,1,2_0_1_1-2_1_1_1,8,0,7.45058059692e-09,0.705186060147,2.0,2.0,2.0,2.0,2.0,2.0,2.0,2.0,2_0_1_1,2_0_1_0,1_0_1_2,1_0_1_3,1_0_1_0,1_0_1_1,1_0_1_6,1_0_1_7,1_0_1_4,1_0_1_5
40,0.01,1,2_0_1_2-2_1_1_2,8,0,1.52587890625e-05,0.11668954908,2.0,2.0,2.0,2.0,2.0,2.0,2.0,2.0,2_0_1_2,2_0_1_3,1_0_1_2,1_0_1_3,1_0_1_0,1_0_1_1,1_0_1_6,1_0_1_7,1_0_1_4,1_0_1_5
40,0.01,1,2_0_0_3-2_1_0_3,8,0,1.90734863281e-06,0.976462892133,2.0,2.0,2.0,2.0,2.0,2.0,2.0,2.0,2_0_0_3,2_0_0_2,1_0_0_3,1_0_0_2,1_0_0_1,1_0_0_0,1_0_0_7,1_0_0_6,1_0_0_5,1_0_0_4
60,0.01,1,2_0_1_0-2_1_1_0,8,0,4.65661287308e-10,0.0544195584002,0.856029561084,2.0,2.0,2.0,2.0,2.0,2.0,2.0,2_0_1_0,1_0_1_7,2_0_1_1,1_0_1_2,1_0_1_3,1_0_1_0,1_0_1_1,1_0_1_6,1_0_1_4,1_0_1_5
60,0.01,1,2_0_1_3-2_1_1_3,8,0,5.82076609135e-11,0.0076294892927,0.286228524366,2.0,2.0,2.0,2.0,2.0,2.0,2.0,2_0_1_3,1_0_1_4,2_0_1_2,1_0_1_2,1_0_1_3,1_0_1_0,1_0_1_1,1_0_1_6,1_0_1_7,1_0_1_5
60,0.01,1,2_0_0_0-2_1_0_0,8,0,2.91038304567e-11,0.0898973745076,0.208098358994,0.980193442246,2.0,2.0,2.0,2.0,2.0,2.0,2_0_0_0,1_0_0_4,1_0_0_7,2_0_0_1,1_0_0_3,1_0_0_2,1_0_0_1,1_0_0_0,1_0_0_6,1_0_0_5
60,0.01,1,2_0_0_2-2_1_0_2,8,0,1.45519152284e-11,0.660789812877,0.919955432665,2.0,2.0,2.0,2.0,2.0,2.0,2.0,2_0_0_2,1_0_0_6,2_0_0_3,1_0_0_3,1_0_0_2,1_0_0_1,1_0_0_0,1_0_0_7,1_0_0_5,1_0_0_4
60,0.01,1,2_0_0_1-2_1_0_1,8,0,4.65661287308e-10,0.241742854922,2.0,2.0,2.0,2.0,2.0,2.0,2.0,2.0,2_0_0_1,2_0_0_0,1_0_0_3,1_0_0_2,1_0_0_1,1_0_0_0,1_0_0_7,1_0_0_6,1_0_0_5,1_0_0_4
60,0.01,1,2_0_1_1-2_1_1_1,8,0,1.49011611938e-08,0.264930887835,0.789907109944,2.0,2.0,2.0,2.0,2.0,2.0,2.0,2_0_1_1,1_0_1_5,2_0_1_0,1_0_1_2,1_0_1_3,1_0_1_0,1_0_1_1,1_0_1_6,1_0_1_7,1_0_1_4
60,0.01,1,2_0_1_2-2_1_1_2,8,0,2.91038304567e-11,0.307543055144,0.834907358928,2.0,2.0,2.0,2.0,2.0,2.0,2.0,2_0_1_2,1_0_1_3,2_0_1_3,1_0_1_2,1_0_1_0,1_0_1_1,1_0_1_6,1_0_1_7,1_0_1_4,1_0_1_5
60,0.01,1,2_0_0_3-2_1_0_3,8,0,4.65661287308e-10,0.982903042702,2.0,2.0,2.0,2.0,2.0,2.0,2.0,2.0,2_0_0_3,2_0_0_2,1_0_0_3,1_0_0_2,1_0_0_1,1_0_0_0,1_0_0_7,1_0_0_6,1_0_0_5,1_0_0_4
80,0.01,1,2_0_1_0-2_1_1_0,8,0,5.82076609135e-11,0.0544195584002,0.0898973745076,0.136933551519,0.205261195631,0.307543055144,2.0,2.0,2.0,2.0,2_0_1_0,1_0_1_7,1_0_1_6,1_0_1_4,2_0_1_1,1_0_1_0,1_0_1_2,1_0_1_3,1_0_1_1,1_0_1_5
80,0.01,1,2_0_1_3-2_1_1_3,8,0,1.42108547152e-14,0.208098358994,0.506821632386,0.560195935615,0.587314758254,2.0,2.0,2.0,2.0,2.0,2_0_1_3,1_0_1_6,1_0_1_2,1_0_1_7,2_0_1_2,1_0_1_3,1_0_1_0,1_0_1_1,1_0_1_4,1_0_1_5
80,0.01,1,2_0_0_0-2_1_0_0,8,0,9.09494701773e-13,0.0076294892927,0.0898973745076,0.182961389063,0.636543275718,0.962232129069,2.0,2.0,2.0,2.0,2_0_0_0,1_0_0_7,1_0_0_0,1_0_0_4,2_0_0_1,1_0_0_6,1_0_0_3,1_0_0_2,1_0_0_1,1_0_0_5
80,0.01,1,2_0_0_2-2_1_0_2,8,0,9.09494701773e-13,0.0898973745076,0.42763075233,0.660789812877,0.951209587585,2.0,2.0,2.0,2.0,2.0,2_0_0_2,1_0_0_4,1_0_0_7,1_0_0_1,2_0_0_3,1_0_0_3,1_0_0_2,1_0_0_0,1_0_0_6,1_0_0_5
80,0.01,1,2_0_0_1-2_1_0_1,8,0,1.81898940355e-12,0.0544195584002,0.0898973745076,0.369392747122,0.845821465941,2.0,2.0,2.0,2.0,2.0,2_0_0_1,1_0_0_2,1_0_0_6,2_0_0_0,1_0_0_3,1_0_0_1,1_0_0_0,1_0_0_7,1_0_0_5,1_0_0_4
80,0.01,1,2_0_1_1-2_1_1_1,8,0,2.91038304567e-11,0.0139312339166,0.264930887835,0.560195935615,0.660789812877,0.757030164956,2.0,2.0,2.0,2.0,2_0_1_1,1_0_1_4,1_0_1_3,1_0_1_5,1_0_1_7,2_0_1_0,1_0_1_2,1_0_1_0,1_0_1_1,1_0_1_6
80,0.01,1,2_0_1_2-2_1_1_2,8,0,7.1054273576e-15,0.0076294892927,0.011030504587,0.0898973745076,0.87236087889,0.955503012118,2.0,2.0,2.0,2.0,2_0_1_2,1_0_1_3,1_0_1_6,1_0_1_5,2_0_1_3,1_0_1_2,1_0_1_0,1_0_1_1,1_0_1_7,1_0_1_4
80,0.01,1,2_0_0_3-2_1_0_3,8,0,1.16415321827e-10,0.0880418701932,0.208098358994,0.226514893743,0.592608642959,2.0,2.0,2.0,2.0,2.0,2_0_0_3,1_0_0_6,1_0_0_7,1_0_0_1,2_0_0_2,1_0_0_3,1_0_0_2,1_0_0_0,1_0_0_5,1_0_0_4
100,0.01,1,2_0_1_0-2_1_1_0,8,0,2.84217094304e-14,3.0517578125e-05,0.0880418701932,0.0898973745076,0.226514893743,0.264930887835,0.921402050396,0.962232129069,2.0,2.0,2_0_1_0,1_0_1_2,1_0_1_6,1_0_1_7,1_0_1_3,1_0_1_0,2_0_1_1,1_0_1_4,1_0_1_1,1_0_1_5
100,0.01,1,2_0_1_3-2_1_1_3,8,0,1.11022302463e-16,0.00048828125,0.011030504587,0.0555111512314,0.0813988354946,0.739313886531,0.989417294391,2.0,2.0,2.0,2_0_1_3,1_0_1_5,1_0_1_4,1_0_1_7,1_0_1_0,1_0_1_6,2_0_1_2,1_0_1_2,1_0_1_3,1_0_1_1
100,0.01,1,2_0_0_0-2_1_0_0,8,0,8.881784197e-16,0.0880418701932,0.0898973745076,0.233598207883,0.307543055144,0.474127011366,0.603298561199,0.955503012118,2.0,2.0,2_0_0_0,1_0_0_6,1_0_0_5,2_0_0_1,1_0_0_3,1_0_0_1,1_0_0_2,1_0_0_0,1_0_0_7,1_0_0_4
100,0.01,1,2_0_0_2-2_1_0_2,8,0,5.55111512313e-17,0.000342138553278,0.0898973745076,0.208098358994,0.208098358994,0.372778697097,0.675419346525,0.705186060147,0.739313886531,2.0,2_0_0_2,1_0_0_0,1_0_0_6,1_0_0_7,1_0_0_5,1_0_0_4,2_0_0_3,1_0_0_3,1_0_0_1,1_0_0_2
100,0.01,1,2_0_0_1-2_1_0_1,8,0,1.73472347598e-18,6.103515625e-05,0.00223928298525,0.0323962027482,0.0544195584002,0.123317546069,0.369392747122,0.372778697097,2.0,2.0,2_0_0_1,1_0_0_7,1_0_0_1,1_0_0_3,1_0_0_5,1_0_0_6,2_0_0_0,1_0_0_0,1_0_0_2,1_0_0_4
100,0.01,1,2_0_1_1-2_1_1_1,8,0,1.7763568394e-15,0.0210361119555,0.0880418701932,0.307543055144,0.450097262055,0.660789812877,0.660789812877,0.882207868187,2.0,2.0,2_0_1_1,1_0_1_6,1_0_1_1,1_0_1_2,2_0_1_0,1_0_1_3,1_0_1_5,1_0_1_0,1_0_1_7,1_0_1_4
100,0.01,1,2_0_1_2-2_1_1_2,8,0,1.42108547152e-14,0.0001220703125,0.0076294892927,0.136933551519,0.182961389063,0.226514893743,0.845821465941,0.862186282156,2.0,2.0,2_0_1_2,1_0_1_5,1_0_1_4,1_0_1_1,1_0_1_7,1_0_1_2,1_0_1_3,2_0_1_3,1_0_1_0,1_0_1_6
100,0.01,1,2_0_0_3-2_1_0_3,8,0,3.5527136788e-15,0.0139312339166,0.0323962027482,0.208098358994,0.360813447275,0.51391023579,0.706857592182,2.0,2.0,2.0,2_0_0_3,1_0_0_2,1_0_0_4,1_0_0_3,1_0_0_1,1_0_0_6,2_0_0_2,1_0_0_0,1_0_0_7,1_0_0_5
20,0.01,1,2_0_0_2-2_1_0_2,4,0,0.00048828125,2.0,2.0,2.0,2.0,2.0,2.0,2.0,2.0,2_0_0_2,1_0_0_3,1_0_0_2,1_0_0_1,1_0_0_0,1_0_0_7,1_0_0_6,1_0_0_5,2_0_0_3
20,0.01,1,2_0_1_3-2_1_1_3,4,0,0.00048828125,2.0,2.0,2.0,2.0,2.0,2.0,2.0,2.0,2.0,2_0_1_3,2_0_1_2,1_0_1_2,1_0_1_3,1_0_1_0,1_0_1_1,1_0_1_6,1_0_1_7,1_0_1_4,1_0_1_5
20,0.01,1,2_0_0_1-2_1_0_1,4,0,0.000244140625,2.0,2.0,2.0,2.0,2.0,2.0,2.0,2.0,2_0_0_1,1_0_0_3,1_0_0_1,1_0_0_0,1_0_0_7,1_0_0_6,1_0_0_5,1_0_0_4,2_0_0_0
20,0.01,1,2_0_1_0-2_1_1_0,4,0,6.103515625e-05,2.0,2.0,2.0,2.0,2.0,2.0,2.0,2.0,2_0_1_0,2_0_1_1,1_0_1_2,1_0_1_3,1_0_1_1,1_0_1_6,1_0_1_7,1_0_1_4,1_0_1_5
40,0.01,1,2_0_1_0-2_1_1_0,8,0,1.19209289551e-07,0.76636463792,2.0,2.0,2.0,2.0,2.0,2.0,2.0,2.0,2_0_1_0,2_0_1_1,1_0_1_2,1_0_1_3,1_0_1_0,1_0_1_1,1_0_1_6,1_0_1_7,1_0_1_4,1_0_1_5
40,0.01,1,2_0_1_3-2_1_1_3,8,0,9.53674316406e-07,0.904686017997,2.0,2.0,2.0,2.0,2.0,2.0,2.0,2.0,2_0_1_3,2_0_1_2,1_0_1_2,1_0_1_3,1_0_1_0,1_0_1_1,1_0_1_6,1_0_1_7,1_0_1_4,1_0_1_5
40,0.01,1,2_0_0_0-2_1_0_0,8,0,2.38418579102e-07,0.894633741959,2.0,2.0,2.0,2.0,2.0,2.0,2.0,2.0,2_0_0_0,2_0_0_1,1_0_0_3,1_0_0_2,1_0_0_1,1_0_0_0,1_0_0_7,1_0_0_6,1_0_0_5,1_0_0_4
40,0.01,1,2_0_0_2-2_1_0_2,8,0,5.96046447754e-08,0.882207868187,2.0,2.0,2.0,2.0,2.0,2.0,2.0,2.0,2_0_0_2,2_0_0_3,1_0_0_3,1_0_0_2,1_0_0_1,1_0_0_0,1_0_0_7,1_0_0_6,1_0_0_5,1_0_0_4
40,0.01,1,2_0_0_1-2_1_0_1,8,0,9.53674316406e-07,0.400913000929,2.0,2.0,2.0,2.0,2.0,2.0,2.0,2.0,2_0_0_1,2_0_0_0,1_0_0_3,1_0_0_2,1_0_0_1,1_0_0_0,1_0_0_7,1_0_0_6,1_0_0_5,1_0_0_4
40,0.01,1,2_0_1_1-2_1_1_1,8,0,6.103515625e-05,1.0,2.0,2.0,2.0,2.0,2.0,2.0,2.0,2.0,2_0_1_1,2_0_1_0,1_0_1_2,1_0_1_3,1_0_1_0,1_0_1_1,1_0_1_6,1_0_1_7,1_0_1_4,1_0_1_5
40,0.01,1,2_0_1_2-2_1_1_2,8,0,1.52587890625e-05,0.715413952241,2.0,2.0,2.0,2.0,2.0,2.0,2.0,2.0,2_0_1_2,2_0_1_3,1_0_1_2,1_0_1_3,1_0_1_0,1_0_1_1,1_0_1_6,1_0_1_7,1_0_1_4,1_0_1_5
40,0.01,1,2_0_0_3-2_1_0_3,8,0,4.76837158203e-07,0.974015606426,2.0,2.0,2.0,2.0,2.0,2.0,2.0,2.0,2_0_0_3,2_0_0_2,1_0_0_3,1_0_0_2,1_0_0_1,1_0_0_0,1_0_0_7,1_0_0_6,1_0_0_5,1_0_0_4
60,0.01,1,2_0_1_0-2_1_1_0,8,0,1.49011611938e-08,0.224796422907,0.845821465941,2.0,2.0,2.0,2.0,2.0,2.0,2.0,2_0_1_0,2_0_1_1,1_0_1_6,1_0_1_2,1_0_1_3,1_0_1_0,1_0_1_1,1_0_1_7,1_0_1_4,1_0_1_5
60,0.01,1,2_0_1_3-2_1_1_3,8,0,2.91038304567e-11,0.0076294892927,0.0323962027482,0.604479308416,2.0,2.0,2.0,2.0,2.0,2.0,2_0_1_3,1_0_1_0,1_0_1_4,2_0_1_2,1_0_1_2,1_0_1_3,1_0_1_1,1_0_1_6,1_0_1_7,1_0_1_5
60,0.01,1,2_0_0_0-2_1_0_0,8,0,2.32830643654e-10,0.523159117878,2.0,2.0,2.0,2.0,2.0,2.0,2.0,2.0,2_0_0_0,2_0_0_1,1_0_0_3,1_0_0_2,1_0_0_1,1_0_0_0,1_0_0_7,1_0_0_6,1_0_0_5,1_0_0_4
60,0.01,1,2_0_0_2-2_1_0_2,8,0,1.49011611938e-08,0.208098358994,0.587314758254,2.0,2.0,2.0,2.0,2.0,2.0,2.0,2_0_0_2,1_0_0_5,2_0_0_3,1_0_0_3,1_0_0_2,1_0_0_1,1_0_0_0,1_0_0_7,1_0_0_6,1_0_0_4
60,0.01,1,2_0_0_1-2_1_0_1,8,0,7.27595761418e-12,0.0139312339166,0.338814155266,2.0,2.0,2.0,2.0,2.0,2.0,2.0,2_0_0_1,1_0_0_5,2_0_0_0,1_0_0_3,1_0_0_2,1_0_0_1,1_0_0_0,1_0_0_7,1_0_0_6,1_0_0_4
60,0.01,1,2_0_1_1-2_1_1_1,8,0,4.65661287308e-10,0.648433507636,2.0,2.0,2.0,2.0,2.0,2.0,2.0,2.0,2_0_1_1,2_0_1_0,1_0_1_2,1_0_1_3,1_0_1_0,1_0_1_1,1_0_1_6,1_0_1_7,1_0_1_4,1_0_1_5
60,0.01,1,2_0_1_2-2_1_1_2,8,0,3.72529029846e-09,0.264930887835,0.939374778934,2.0,2.0,2.0,2.0,2.0,2.0,2.0,2_0_1_2,1_0_1_0,2_0_1_3,1_0_1_2,1_0_1_3,1_0_1_1,1_0_1_6,1_0_1_7,1_0_1_4,1_0_1_5
60,0.01,1,2_0_0_3-2_1_0_3,8,0,2.98023223877e-08,0.660789812877,0.985813925669,2.0,2.0,2.0,2.0,2.0,2.0,2.0,2_0_0_3,1_0_0_0,2_0_0_2,1_0_0_3,1_0_0_2,1_0_0_1,1_0_0_7,1_0_0_6,1_0_0_5,1_0_0_4
80,0.01,1,2_0_1_0-2_1_1_0,8,0,4.54747350886e-13,0.350680127858,0.560195935615,2.0,2.0,2.0,2.0,2.0,2.0,2.0,2_0_1_0,2_0_1_1,1_0_1_7,1_0_1_2,1_0_1_3,1_0_1_0,1_0_1_1,1_0_1_6,1_0_1_4,1_0_1_5
80,0.01,1,2_0_1_3-2_1_1_3,8,0,1.81898940355e-12,0.00414666244787,0.0898973745076,0.736653035923,2.0,2.0,2.0,2.0,2.0,2.0,2_0_1_3,1_0_1_0,1_0_1_5,2_0_1_2,1_0_1_2,1_0_1_3,1_0_1_1,1_0_1_6,1_0_1_7,1_0_1_4
80,0.01,1,2_0_0_0-2_1_0_0,8,0,3.63797880709e-12,0.0527633917379,0.0544195584002,0.660789812877,1.0,2.0,2.0,2.0,2.0,2.0,2_0_0_0,1_0_0_2,1_0_0_0,1_0_0_6,2_0_0_1,1_0_0_3,1_0_0_1,1_0_0_7,1_0_0_5,1_0_0_4
80,0.01,1,2_0_0_2-2_1_0_2,8,0,4.54747350886e-13,0.0139312339166,0.0555111512314,0.136933551519,0.725135557592,2.0,2.0,2.0,2.0,2.0,2_0_0_2,1_0_0_0,1_0_0_3,1_0_0_4,2_0_0_3,1_0_0_2,1_0_0_1,1_0_0_7,1_0_0_6,1_0_0_5
80,0.01,1,2_0_0_1-2_1_0_1,8,0,1.13686837722e-13,0.0210361119555,0.0898973745076,0.712572469161,2.0,2.0,2.0,2.0,2.0,2.0,2_0_0_1,1_0_0_7,1_0_0_4,2_0_0_0,1_0_0_3,1_0_0_2,1_0_0_1,1_0_0_0,1_0_0_6,1_0_0_5
80,0.01,1,2_0_1_1-2_1_1_1,8,0,3.63797880709e-12,0.0076294892927,0.307543055144,0.705186060147,0.953479779686,2.0,2.0,2.0,2.0,2.0,2_0_1_1,1_0_1_4,1_0_1_6,1_0_1_1,2_0_1_0,1_0_1_2,1_0_1_3,1_0_1_0,1_0_1_7,1_0_1_5
80,0.01,1,2_0_1_2-2_1_1_2,8,0,5.68434188608e-14,0.0001220703125,0.208098358994,0.307543055144,0.945932402273,2.0,2.0,2.0,2.0,2.0,2_0_1_2,1_0_1_1,1_0_1_5,1_0_1_3,2_0_1_3,1_0_1_2,1_0_1_0,1_0_1_6,1_0_1_7,1_0_1_4
80,0.01,1,2_0_0_3-2_1_0_3,8,0,2.84217094304e-14,0.123317546069,0.182961389063,0.494235589195,0.506821632386,2.0,2.0,2.0,2.0,2.0,2_0_0_3,1_0_0_1,1_0_0_6,2_0_0_2,1_0_0_4,1_0_0_3,1_0_0_2,1_0_0_0,1_0_0_7,1_0_0_5
100,0.01,1,2_0_1_0-2_1_1_0,8,0,4.4408920985e-16,0.00414666244787,0.0527633917379,0.0898973745076,0.264930887835,0.845821465941,0.989847102132,1.0,2.0,2.0,2_0_1_0,1_0_1_3,1_0_1_2,1_0_1_0,1_0_1_4,1_0_1_1,2_0_1_1,1_0_1_5,1_0_1_6,1_0_1_7
100,0.01,1,2_0_1_3-2_1_1_3,8,0,1.38777878078e-17,0.00223928298525,0.0555111512314,0.0880418701932,0.264930887835,0.31569683902,0.372778697097,1.0,2.0,2.0,2_0_1_3,1_0_1_7,1_0_1_0,1_0_1_3,1_0_1_6,1_0_1_4,1_0_1_2,2_0_1_2,1_0_1_1,1_0_1_5
100,0.01,1,2_0_0_0-2_1_0_0,8,0,3.5527136788e-15,0.00120261454299,0.00360323726177,0.560195935615,0.894633741959,1.0,2.0,2.0,2.0,2.0,2_0_0_0,1_0_0_2,1_0_0_7,1_0_0_1,1_0_0_3,2_0_0_1,1_0_0_0,1_0_0_6,1_0_0_5,1_0_0_4
100,0.01,1,2_0_0_2-2_1_0_2,8,0,3.5527136788e-15,0.00223928298525,0.0323962027482,0.0344201253605,0.208098358994,0.264930887835,0.706857592182,0.845821465941,2.0,2.0,2_0_0_2,1_0_0_1,1_0_0_5,1_0_0_2,1_0_0_3,1_0_0_7,2_0_0_3,1_0_0_0,1_0_0_6,1_0_0_4
100,0.01,1,2_0_0_1-2_1_0_1,8,0,2.22044604925e-16,0.00808153794333,0.0323962027482,0.0323962027482,0.0336619793581,0.560195935615,0.686614199276,2.0,2.0,2.0,2_0_0_1,1_0_0_4,1_0_0_2,1_0_0_6,1_0_0_7,1_0_0_1,2_0_0_0,1_0_0_3,1_0_0_0,1_0_0_5
100,0.01,1,2_0_1_1-2_1_1_1,8,0,1.7763568394e-15,0.000244140625,0.00223928298525,0.0139312339166,0.182961389063,0.267040675672,0.782319392987,0.845821465941,2.0,2.0,2_0_1_1,1_0_1_0,1_0_1_1,1_0_1_3,1_0_1_6,1_0_1_4,2_0_1_0,1_0_1_5,1_0_1_2,1_0_1_7
100,0.01,1,2_0_1_2-2_1_1_2,8,0,1.11022302463e-16,0.0076294892927,0.011030504587,0.0898973745076,0.0898973745076,0.136933551519,0.182961389063,0.372778697097,0.766085584251,2.0,2_0_1_2,1_0_1_5,1_0_1_1,1_0_1_2,1_0_1_3,1_0_1_7,1_0_1_6,1_0_1_0,2_0_1_3,1_0_1_4
100,0.01,1,2_0_0_3-2_1_0_3,8,0,4.4408920985e-16,0.0323962027482,0.0323962027482,0.0527633917379,0.0555111512314,0.0898973745076,0.28786049918,0.307543055144,2.0,2.0,2_0_0_3,1_0_0_2,1_0_0_0,1_0_0_7,1_0_0_6,1_0_0_4,2_0_0_2,1_0_0_3,1_0_0_1,1_0_0_5
20,0.01,1,2_0_1_1-2_1_1_1,4,0,0.0001220703125,2.0,2.0,2.0,2.0,2.0,2.0,2.0,2.0,2.0,2_0_1_1,2_0_1_0,1_0_1_2,1_0_1_3,1_0_1_0,1_0_1_1,1_0_1_6,1_0_1_7,1_0_1_4,1_0_1_5
20,0.01,1,2_0_1_3-2_1_1_3,4,0,0.000244140625,2.0,2.0,2.0,2.0,2.0,2.0,2.0,2.0,2_0_1_3,2_0_1_2,1_0_1_2,1_0_1_3,1_0_1_0,1_0_1_1,1_0_1_7,1_0_1_4,1_0_1_5
20,0.01,1,2_0_0_3-2_1_0_3,4,0,0.00048828125,2.0,2.0,2.0,2.0,2.0,2.0,2.0,2.0,2.0,2_0_0_3,1_0_0_3,1_0_0_2,1_0_0_1,1_0_0_0,1_0_0_7,1_0_0_6,1_0_0_5,1_0_0_4,2_0_0_2
20,0.01,1,2_0_1_2-2_1_1_2,4,0,0.00048828125,2.0,2.0,2.0,2.0,2.0,2.0,2.0,2.0,2.0,2_0_1_2,2_0_1_3,1_0_1_2,1_0_1_3,1_0_1_0,1_0_1_1,1_0_1_6,1_0_1_7,1_0_1_4,1_0_1_5
40,0.01,1,2_0_1_0-2_1_1_0,8,0,9.53674316406e-07,0.668505756766,2.0,2.0,2.0,2.0,2.0,2.0,2.0,2.0,2_0_1_0,2_0_1_1,1_0_1_2,1_0_1_3,1_0_1_0,1_0_1_1,1_0_1_6,1_0_1_7,1_0_1_4,1_0_1_5
40,0.01,1,2_0_1_3-2_1_1_3,8,0,1.19209289551e-07,0.76636463792,2.0,2.0,2.0,2.0,2.0,2.0,2.0,2.0,2_0_1_3,2_0_1_2,1_0_1_2,1_0_1_3,1_0_1_0,1_0_1_1,1_0_1_6,1_0_1_7,1_0_1_4,1_0_1_5
40,0.01,1,2_0_0_0-2_1_0_0,8,0,9.53674316406e-07,1.0,2.0,2.0,2.0,2.0,2.0,2.0,2.0,2.0,2_0_0_0,2_0_0_1,1_0_0_3,1_0_0_2,1_0_0_1,1_0_0_0,1_0_0_7,1_0_0_6,1_0_0_5,1_0_0_4
40,0.01,1,2_0_0_2-2_1_0_2,8,0,1.19209289551e-07,0.971000058911,2.0,2.0,2.0,2.0,2.0,2.0,2.0,2.0,2_0_0_2,2_0_0_3,1_0_0_3,1_0_0_2,1_0_0_1,1_0_0_0,1_0_0_7,1_0_0_6,1_0_0_5,1_0_0_4
40,0.01,1,2_0_0_1-2_1_0_1,8,0,1.90734863281e-06,0.976462892133,2.0,2.0,2.0,2.0,2.0,2.0,2.0,2_0_0_1,2_0_0_0,1_0_0_3,1_0_0_1,1_0_0_0,1_0_0_7,1_0_0_6,1_0_0_5,1_0_0_4
40,0.01,1,2_0_1_1-2_1_1_1,8,0,7.62939453125e-06,0.978488754555,2.0,2.0,2.0,2.0,2.0,2.0,2.0,2.0,2_0_1_1,2_0_1_0,1_0_1_2,1_0_1_3,1_0_1_0,1_0_1_1,1_0_1_6,1_0_1_7,1_0_1_4,1_0_1_5
40,0.01,1,2_0_1_2-2_1_1_2,8,0,2.38418579102e-07,0.638791830135,2.0,2.0,2.0,2.0,2.0,2.0,2.0,2.0,2_0_1_2,2_0_1_3,1_0_1_2,1_0_1_3,1_0_1_0,1_0_1_1,1_0_1_6,1_0_1_7,1_0_1_4,1_0_1_5
40,0.01,1,2_0_0_3-2_1_0_3,8,0,5.96046447754e-08,0.603298561199,2.0,2.0,2.0,2.0,2.0,2.0,2.0,2.0,2_0_0_3,2_0_0_2,1_0_0_3,1_0_0_2,1_0_0_1,1_0_0_0,1_0_0_7,1_0_0_6,1_0_0_5,1_0_0_4
60,0.01,1,2_0_1_0-2_1_1_0,8,0,1.49011611938e-08,0.587314758254,2.0,2.0,2.0,2.0,2.0,2.0,2.0,2.0,2_0_1_0,2_0_1_1,1_0_1_2,1_0_1_3,1_0_1_0,1_0_1_1,1_0_1_6,1_0_1_7,1_0_1_4,1_0_1_5
60,0.01,1,2_0_1_3-2_1_1_3,8,0,3.72529029846e-09,0.939374778934,2.0,2.0,2.0,2.0,2.0,2.0,2.0,2.0,2_0_1_3,2_0_1_2,1_0_1_2,1_0_1_3,1_0_1_0,1_0_1_1,1_0_1_6,1_0_1_7,1_0_1_4,1_0_1_5
60,0.01,1,2_0_0_0-2_1_0_0,8,0,2.32830643654e-10,0.660789812877,0.750741327428,2.0,2.0,2.0,2.0,2.0,2.0,2.0,2_0_0_0,1_0_0_4,2_0_0_1,1_0_0_3,1_0_0_2,1_0_0_1,1_0_0_0,1_0_0_7,1_0_0_6,1_0_0_5
60,0.01,1,2_0_0_2-2_1_0_2,8,0,4.65661287308e-10,0.0898973745076,0.856029561084,2.0,2.0,2.0,2.0,2.0,2.0,2.0,2_0_0_2,1_0_0_7,2_0_0_3,1_0_0_3,1_0_0_2,1_0_0_1,1_0_0_0,1_0_0_6,1_0_0_5,1_0_0_4
60,0.01,1,2_0_0_1-2_1_0_1,8,0,7.45058059692e-09,0.372778697097,0.683690021614,2.0,2.0,2.0,2.0,2.0,2.0,2.0,2_0_0_1,1_0_0_4,2_0_0_0,1_0_0_3,1_0_0_2,1_0_0_1,1_0_0_0,1_0_0_7,1_0_0_6,1_0_0_5
60,0.01,1,2_0_1_1-2_1_1_1,8,0,1.49011611938e-08,1.0,2.0,2.0,2.0,2.0,2.0,2.0,2.0,2.0,2_0_1_1,2_0_1_0,1_0_1_2,1_0_1_3,1_0_1_0,1_0_1_1,1_0_1_6,1_0_1_7,1_0_1_4,1_0_1_5
60,0.01,1,2_0_1_2-2_1_1_2,8,0,9.31322574615e-10,0.00120261454299,0.0111509344581,2.0,2.0,2.0,2.0,2.0,2.0,2.0,2_0_1_2,1_0_1_6,2_0_1_3,1_0_1_2,1_0_1_3,1_0_1_0,1_0_1_1,1_0_1_7,1_0_1_4,1_0_1_5
60,0.01,1,2_0_0_3-2_1_0_3,8,0,9.31322574615e-10,0.0544195584002,0.546585022801,2.0,2.0,2.0,2.0,2.0,2.0,2.0,2_0_0_3,1_0_0_7,2_0_0_2,1_0_0_3,1_0_0_2,1_0_0_1,1_0_0_0,1_0_0_6,1_0_0_5,1_0_0_4
80,0.01,1,2_0_1_0-2_1_1_0,8,0,2.27373675443e-13,6.103515625e-05,0.208098358994,0.264930887835,0.948706401562,2.0,2.0,2.0,2.0,2.0,2_0_1_0,1_0_1_7,1_0_1_5,1_0_1_1,2_0_1_1,1_0_1_2,1_0_1_3,1_0_1_0,1_0_1_6,1_0_1_4
80,0.01,1,2_0_1_3-2_1_1_3,8,0,2.27373675443e-13,0.0544195584002,0.0544195584002,0.506821632386,0.809841416309,2.0,2.0,2.0,2.0,2.0,2_0_1_3,1_0_1_0,1_0_1_7,1_0_1_3,2_0_1_2,1_0_1_2,1_0_1_1,1_0_1_6,1_0_1_4,1_0_1_5
80,0.01,1,2_0_0_0-2_1_0_0,8,0,8.881784197e-16,0.00223928298525,0.208098358994,0.339703339926,0.372778697097,2.0,2.0,2.0,2.0,2.0,2_0_0_0,1_0_0_3,1_0_0_1,2_0_0_1,1_0_0_6,1_0_0_2,1_0_0_0,1_0_0_7,1_0_0_5,1_0_0_4
80,0.01,1,2_0_0_2-2_1_0_2,8,0,7.27595761418e-12,0.182961389063,0.24105293382,0.506821632386,0.660789812877,2.0,2.0,2.0,2.0,2.0,2_0_0_2,1_0_0_3,2_0_0_3,1_0_0_7,1_0_0_5,1_0_0_2,1_0_0_1,1_0_0_0,1_0_0_6,1_0_0_4
80,0.01,1,2_0_0_1-2_1_0_1,8,0,4.65661287308e-10,0.372778697097,0.603298561199,0.60549152238,2.0,2.0,2.0,2.0,2.0,2.0,2_0_0_1,1_0_0_7,1_0_0_5,2_0_0_0,1_0_0_3,1_0_0_2,1_0_0_1,1_0_0_0,1_0_0_6,1_0_0_4
80,0.01,1,2_0_1_1-2_1_1_1,8,0,7.27595761418e-12,0.0544195584002,0.372778697097,0.560195935615,0.56421998845,0.845821465941,2.0,2.0,2.0,2.0,2_0_1_1,1_0_1_5,1_0_1_1,1_0_1_6,2_0_1_0,1_0_1_0,1_0_1_2,1_0_1_3,1_0_1_7,1_0_1_4
80,0.01,1,2_0_1_2-2_1_1_2,8,0,5.68434188608e-14,0.00414666244787,0.0544195584002,0.0898973745076,0.123317546069,0.130186343734,2.0,2.0,2.0,2.0,2_0_1_2,1_0_1_5,1_0_1_3,1_0_1_7,1_0_1_0,2_0_1_3,1_0_1_2,1_0_1_1,1_0_1_6,1_0_1_4
80,0.01,1,2_0_0_3-2_1_0_3,8,0,2.84217094304e-14,0.011030504587,0.0555111512314,0.307543055144,0.985813925669,2.0,2.0,2.0,2.0,2.0,2_0_0_3,1_0_0_0,1_0_0_1,1_0_0_4,2_0_0_2,1_0_0_3,1_0_0_2,1_0_0_7,1_0_0_6,1_0_0_5
100,0.01,1,2_0_1_0-2_1_1_0,8,0,2.84217094304e-14,0.0190168077622,0.0880418701932,0.208098358994,0.226514893743,0.31569683902,0.796453274743,2.0,2.0,2.0,2_0_1_0,1_0_1_2,1_0_1_6,1_0_1_1,1_0_1_7,1_0_1_4,2_0_1_1,1_0_1_3,1_0_1_0,1_0_1_5
100,0.01,1,2_0_1_3-2_1_1_3,8,0,1.7763568394e-15,0.00120261454299,0.0323962027482,0.0544195584002,0.0555111512314,0.0880418701932,0.208098358994,0.617601418733,2.0,2.0,2_0_1_3,1_0_1_6,1_0_1_7,1_0_1_4,1_0_1_3,1_0_1_2,1_0_1_5,2_0_1_2,1_0_1_0,1_0_1_1
100,0.01,1,2_0_0_0-2_1_0_0,8,0,1.73472347598e-18,0.0323962027482,0.0880418701932,0.0898973745076,0.136933551519,0.136933551519,0.307543055144,0.372778697097,0.506821632386,0.54853815163,2_0_0_0,1_0_0_0,1_0_0_6,1_0_0_7,1_0_0_2,1_0_0_1,1_0_0_5,1_0_0_3,1_0_0_4,2_0_0_1
100,0.01,1,2_0_0_2-2_1_0_2,8,0,2.22044604925e-16,5.05453934982e-05,0.264930887835,0.307543055144,0.42763075233,0.660789812877,0.959177884841,2.0,2.0,2.0,2_0_0_2,1_0_0_0,1_0_0_4,1_0_0_7,1_0_0_5,1_0_0_1,2_0_0_3,1_0_0_3,1_0_0_2,1_0_0_6
100,0.01,1,2_0_0_1-2_1_0_1,8,0,1.11022302463e-16,0.00203416162085,0.00633267647171,0.0076294892927,0.136933551519,0.161778282978,0.208098358994,2.0,2.0,2.0,2_0_0_1,1_0_0_0,1_0_0_3,1_0_0_4,1_0_0_6,2_0_0_0,1_0_0_5,1_0_0_2,1_0_0_1,1_0_0_7
100,0.01,1,2_0_1_1-2_1_1_1,8,0,4.4408920985e-16,0.0323962027482,0.174590469613,0.372778697097,0.474127011366,0.506821632386,0.845821465941,0.894633741959,2.0,2.0,2_0_1_1,1_0_1_4,2_0_1_0,1_0_1_1,1_0_1_6,1_0_1_2,1_0_1_3,1_0_1_0,1_0_1_7,1_0_1_5
100,0.01,1,2_0_1_2-2_1_1_2,8,0,8.881784197e-16,0.00414666244787,0.0555111512314,0.0880418701932,0.307543055144,0.307543055144,0.76636463792,1.0,2.0,2.0,2_0_1_2,1_0_1_7,1_0_1_0,1_0_1_1,1_0_1_6,1_0_1_5,1_0_1_3,2_0_1_3,1_0_1_2,1_0_1_4
100,0.01,1,2_0_0_3-2_1_0_3,8,0,1.73472347598e-18,0.0076294892927,0.0555111512314,0.0813988354946,0.0898973745076,0.0898973745076,0.123317546069,0.987877742448,2.0,2.0,2_0_0_3,1_0_0_2,1_0_0_5,1_0_0_3,1_0_0_1,1_0_0_7,1_0_0_4,2_0_0_2,1_0_0_0,1_0_0_6
