#flows,epsilon,is_correlated,key,count_chern,byte_chern,class
200,0.01,1,2_0_1_0-2_1_1_0,9.1567711917e-15,6.9232041925e-14,1
200,0.01,1,2_0_1_3-2_1_1_3,1.63326038186e-09,5.62101921068e-10,1
200,0.01,1,2_0_0_0-2_1_0_0,7.29239763548e-18,5.91749740958e-18,1
200,0.01,1,2_0_0_2-2_1_0_2,9.09563006131e-12,1.84952685562e-11,1
200,0.01,1,2_0_0_1-2_1_0_1,8.61737215994e-23,6.24387924753e-23,1
200,0.01,1,2_0_1_1-2_1_1_1,6.0056974018e-11,2.55247907363e-10,1
200,0.01,1,2_0_1_2-2_1_1_2,1.66324298134e-11,1.17161617215e-09,1
200,0.01,1,2_0_0_3-2_1_0_3,3.38134337286e-12,5.73728282045e-12,1
200,0.01,0,2_0_1_0-2_1_1_0,0.00179304640395,0.00151378721156,1
200,0.01,0,2_0_1_3-2_1_1_3,0.191388685108,0.121517862778,-1
200,0.01,0,2_0_0_0-2_1_0_0,0.124136251156,0.12883476497,-1
200,0.01,0,2_0_0_2-2_1_0_2,0.0266928446255,0.0143340299373,-1
200,0.01,0,2_0_0_1-2_1_0_1,0.00020501320085,0.00015426194476,1
200,0.01,0,2_0_1_1-2_1_1_1,0.000215198010491,0.000491501849735,1
200,0.01,0,2_0_1_2-2_1_1_2,0.030318103559,0.0382271678537,-1
200,0.01,0,2_0_0_3-2_1_0_3,1.90073350958e-08,5.55479356604e-08,1
500,0.01,1,2_0_1_0-2_1_1_0,1.88247759227e-20,5.2786961392e-16,1
500,0.01,1,2_0_1_3-2_1_1_3,9.27691896624e-22,4.86257295525e-17,1
500,0.01,1,2_0_0_0-2_1_0_0,2.73172512902e-34,4.67270816523e-30,1
500,0.01,1,2_0_0_2-2_1_0_2,2.54017908389e-23,2.27240787791e-18,1
500,0.01,1,2_0_0_1-2_1_0_1,5.933722843e-33,8.08593168841e-25,1
500,0.01,1,2_0_1_1-2_1_1_1,3.08104678075e-22,9.07208248413e-19,1
500,0.01,1,2_0_1_2-2_1_1_2,1.49402016363e-12,1.14528321518e-09,1
500,0.01,1,2_0_0_3-2_1_0_3,2.95814543098e-17,2.05269065171e-14,1
500,0.01,0,2_0_1_0-2_1_1_0,0.0185444061584,0.00736822173973,0
500,0.01,0,2_0_1_3-2_1_1_3,0.182043903313,0.44448112301,-1
500,0.01,0,2_0_0_0-2_1_0_0,0.0903543527787,0.125737065098,-1
500,0.01,0,2_0_0_2-2_1_0_2,0.00780572145629,0.00254161746191,1
500,0.01,0,2_0_0_1-2_1_0_1,4.69964648786e-05,4.54148181872e-05,1
500,0.01,0,2_0_1_1-2_1_1_1,0.00096070226502,0.000846553468241,1
500,0.01,0,2_0_1_2-2_1_1_2,0.0621337873705,0.142716199031,-1
500,0.01,0,2_0_0_3-2_1_0_3,5.27108787174e-07,8.97679005675e-08,1
800,0.01,1,2_0_1_0-2_1_1_0,4.80058025151e-24,2.59822635134e-20,1
800,0.01,1,2_0_1_3-2_1_1_3,6.54881745798e-21,3.66526553101e-19,1
800,0.01,1,2_0_0_0-2_1_0_0,1.93057347732e-44,2.19913852928e-33,1
800,0.01,1,2_0_0_2-2_1_0_2,2.33605015006e-23,4.815747857e-23,1
800,0.01,1,2_0_0_1-2_1_0_1,8.98467959236e-40,1.74366555059e-37,1
800,0.01,1,2_0_1_1-2_1_1_1,6.77146029308e-22,6.27511661782e-17,1
800,0.01,1,2_0_1_2-2_1_1_2,5.3512234127e-16,3.68978021203e-13,1
800,0.01,1,2_0_0_3-2_1_0_3,3.06540982016e-20,5.66976235115e-17,1
800,0.01,0,2_0_1_0-2_1_1_0,0.029950526749,0.164211561314,-1
800,0.01,0,2_0_1_3-2_1_1_3,0.0229445367569,0.122481123603,-1
800,0.01,0,2_0_0_0-2_1_0_0,0.245546321707,0.0672402254099,-1
800,0.01,0,2_0_0_2-2_1_0_2,0.000170093360764,0.000313269055399,1
800,0.01,0,2_0_0_1-2_1_0_1,0.0038786006137,0.00404400258773,1
800,0.01,0,2_0_1_1-2_1_1_1,4.94530875056e-05,3.15011519788e-05,1
800,0.01,0,2_0_1_2-2_1_1_2,0.271202097801,0.513435012632,-1
800,0.01,0,2_0_0_3-2_1_0_3,1.52552096484e-07,3.36749399231e-07,1
1100,0.01,1,2_0_1_0-2_1_1_0,6.51801326077e-24,1.433109437e-19,1
1100,0.01,1,2_0_1_3-2_1_1_3,5.03621980868e-23,1.13081614671e-17,1
1100,0.01,1,2_0_0_0-2_1_0_0,1.93664416149e-43,2.28517435826e-37,1
1100,0.01,1,2_0_0_2-2_1_0_2,1.55418930249e-27,4.9425702958e-21,1
1100,0.01,1,2_0_0_1-2_1_0_1,1.83976567867e-38,2.53648371236e-33,1
1100,0.01,1,2_0_1_1-2_1_1_1,7.21937101381e-24,4.13393599056e-19,1
1100,0.01,1,2_0_1_2-2_1_1_2,1.85987163232e-18,7.48243478303e-15,1
1100,0.01,1,2_0_0_3-2_1_0_3,1.24598315366e-16,3.88686296307e-14,1
1100,0.01,0,2_0_1_0-2_1_1_0,0.0198379924568,0.00369756547157,0
1100,0.01,0,2_0_1_3-2_1_1_3,0.0159940319166,0.0609356034495,-1
1100,0.01,0,2_0_0_0-2_1_0_0,0.177215346331,0.0887405993255,-1
1100,0.01,0,2_0_0_2-2_1_0_2,0.00181416633273,0.000845208981516,1
1100,0.01,0,2_0_0_1-2_1_0_1,0.00196137645374,0.00140405575991,1
1100,0.01,0,2_0_1_1-2_1_1_1,0.000175033994956,2.86250859475e-06,1
1100,0.01,0,2_0_1_2-2_1_1_2,0.187593291657,0.126177924652,-1
1100,0.01,0,2_0_0_3-2_1_0_3,3.96873765994e-09,9.4189641604e-09,1
1400,0.01,1,2_0_1_0-2_1_1_0,8.07794376223e-25,3.81301596918e-19,1
1400,0.01,1,2_0_1_3-2_1_1_3,4.2761206355e-21,9.1075140503e-19,1
1400,0.01,1,2_0_0_0-2_1_0_0,4.35003970882e-43,1.09520976581e-31,1
1400,0.01,1,2_0_0_2-2_1_0_2,7.51222622968e-31,3.57771803999e-23,1
1400,0.01,1,2_0_0_1-2_1_0_1,8.05904448727e-43,5.28405029987e-33,1
1400,0.01,1,2_0_1_1-2_1_1_1,6.94923618467e-23,4.048018445e-18,1
1400,0.01,1,2_0_1_2-2_1_1_2,1.65411533254e-20,5.29559051557e-19,1
1400,0.01,1,2_0_0_3-2_1_0_3,1.91359423093e-19,1.022256266e-17,1
1400,0.01,0,2_0_1_0-2_1_1_0,0.00778376061424,0.00551209672153,1
1400,0.01,0,2_0_1_3-2_1_1_3,0.0750731327447,0.186454880255,-1
1400,0.01,0,2_0_0_0-2_1_0_0,0.21905194153,0.407074631632,-1
1400,0.01,0,2_0_0_2-2_1_0_2,0.000133352977068,0.000709864331503,1
1400,0.01,0,2_0_0_1-2_1_0_1,8.43060507239e-05,6.82158488138e-05,1
1400,0.01,0,2_0_1_1-2_1_1_1,0.000117707880444,3.70529185915e-05,1
1400,0.01,0,2_0_1_2-2_1_1_2,0.0476957923897,0.161410833397,-1
1400,0.01,0,2_0_0_3-2_1_0_3,5.62614720722e-07,4.20032009705e-07,1
1700,0.01,1,2_0_1_0-2_1_1_0,6.20354581478e-25,2.18406227803e-21,1
1700,0.01,1,2_0_1_3-2_1_1_3,8.43962256763e-25,4.53133122491e-17,1
1700,0.01,1,2_0_0_0-2_1_0_0,6.5191275788e-45,1.78998341075e-38,1
1700,0.01,1,2_0_0_2-2_1_0_2,7.81656374768e-34,7.26863360318e-23,1
1700,0.01,1,2_0_0_1-2_1_0_1,1.69299761268e-46,1.02078720222e-42,1
1700,0.01,1,2_0_1_1-2_1_1_1,1.05064292936e-26,6.11664630986e-20,1
1700,0.01,1,2_0_1_2-2_1_1_2,4.25805672973e-18,2.27518393716e-15,1
1700,0.01,1,2_0_0_3-2_1_0_3,1.89114120395e-20,4.21126367885e-17,1
1700,0.01,0,2_0_1_0-2_1_1_0,0.0122222872086,0.00285127717456,0
1700,0.01,0,2_0_1_3-2_1_1_3,0.0255063961894,0.423075260844,-1
1700,0.01,0,2_0_0_0-2_1_0_0,0.223220646425,0.684046333481,-1
1700,0.01,0,2_0_0_2-2_1_0_2,0.000614856439812,2.81165280067e-05,1
1700,0.01,0,2_0_0_1-2_1_0_1,0.00187920775619,0.0157753075318,1
1700,0.01,0,2_0_1_1-2_1_1_1,1.90264556229e-05,9.66551401564e-05,1
1700,0.01,0,2_0_1_2-2_1_1_2,0.2621621617,0.709220034909,-1
1700,0.01,0,2_0_0_3-2_1_0_3,1.77436396348e-08,5.32380004632e-09,1
2000,0.01,1,2_0_1_0-2_1_1_0,6.30844988642e-33,1.20556057077e-27,1
2000,0.01,1,2_0_1_3-2_1_1_3,1.16558642932e-26,2.16042413116e-16,1
2000,0.01,1,2_0_0_0-2_1_0_0,2.3758382088e-51,1.24847003515e-37,1
2000,0.01,1,2_0_0_2-2_1_0_2,9.68486798331e-31,1.52771566206e-22,1
2000,0.01,1,2_0_0_1-2_1_0_1,3.05135835219e-47,2.81762703336e-34,1
2000,0.01,1,2_0_1_1-2_1_1_1,3.37686531891e-29,2.34890403374e-16,1
2000,0.01,1,2_0_1_2-2_1_1_2,1.00432270553e-21,1.28312050793e-15,1
2000,0.01,1,2_0_0_3-2_1_0_3,6.23188592972e-24,7.01517925991e-16,1
2000,0.01,0,2_0_1_0-2_1_1_0,0.0255677823858,0.0174750447131,-1
2000,0.01,0,2_0_1_3-2_1_1_3,0.216960084659,0.4644038934,-1
2000,0.01,0,2_0_0_0-2_1_0_0,0.0549584191727,0.0957492948587,-1
2000,0.01,0,2_0_0_2-2_1_0_2,0.0070721309104,0.00221938648599,1
2000,0.01,0,2_0_0_1-2_1_0_1,0.00112305554751,0.000769476371864,1
2000,0.01,0,2_0_1_1-2_1_1_1,0.000103615509442,1.10449182715e-05,1
2000,0.01,0,2_0_1_2-2_1_1_2,0.316515161994,0.571955056369,-1
2000,0.01,0,2_0_0_3-2_1_0_3,2.73592282593e-06,1.5838479631e-08,1
200,0.01,1,2_0_1_0-2_1_1_0,3.84293712513e-13,1.60734457933e-13,1
200,0.01,1,2_0_1_3-2_1_1_3,5.22096472803e-11,1.89396815412e-10,1
200,0.01,1,2_0_0_0-2_1_0_0,4.06377932654e-19,1.34604304998e-17,1
200,0.01,1,2_0_0_2-2_1_0_2,3.32983787379e-16,3.46804616366e-16,1
200,0.01,1,2_0_0_1-2_1_0_1,2.39815655611e-19,7.30158030047e-19,1
200,0.01,1,2_0_1_1-2_1_1_1,3.20867886723e-11,4.45679005786e-11,1
200,0.01,1,2_0_1_2-2_1_1_2,1.69196613422e-11,3.42379715668e-09,1
200,0.01,1,2_0_0_3-2_1_0_3,4.92438046924e-07,1.79828337553e-05,1
200,0.01,0,2_0_1_0-2_1_1_0,0.0749932106204,0.196045629672,-1
200,0.01,0,2_0_1_3-2_1_1_3,0.750616898527,0.664481961198,-1
200,0.01,0,2_0_0_0-2_1_0_0,0.232245189608,0.147129089621,-1
200,0.01,0,2_0_0_2-2_1_0_2,0.0013686268543,0.00755275943387,1
200,0.01,0,2_0_0_1-2_1_0_1,0.0291823393104,0.0422485932889,-1
200,0.01,0,2_0_1_1-2_1_1_1,0.0190459275641,0.0119733804009,-1
200,0.01,0,2_0_1_2-2_1_1_2,0.0100578995054,0.0312381318514,-1
200,0.01,0,2_0_0_3-2_1_0_3,1.33041025558e-06,2.62590867499e-06,1
500,0.01,1,2_0_1_0-2_1_1_0,2.70817033714e-21,5.58464353191e-20,1
500,0.01,1,2_0_1_3-2_1_1_3,7.72556326018e-19,3.50902992272e-14,1
500,0.01,1,2_0_0_0-2_1_0_0,5.49764651707e-34,4.59071646348e-28,1
500,0.01,1,2_0_0_2-2_1_0_2,1.10382129071e-26,7.54797531991e-21,1
500,0.01,1,2_0_0_1-2_1_0_1,1.39149917429e-36,1.72459268738e-30,1
500,0.01,1,2_0_1_1-2_1_1_1,4.19126536004e-26,4.23203094097e-22,1
500,0.01,1,2_0_1_2-2_1_1_2,6.06599123794e-17,1.02764834309e-15,1
500,0.01,1,2_0_0_3-2_1_0_3,1.37431225087e-17,7.98257541487e-14,1
500,0.01,0,2_0_1_0-2_1_1_0,0.0140841685422,0.0389284654885,-1
500,0.01,0,2_0_1_3-2_1_1_3,0.457087500223,0.594954951795,-1
500,0.01,0,2_0_0_0-2_1_0_0,0.0786935934949,0.0160465667761,-1
500,0.01,0,2_0_0_2-2_1_0_2,0.00140668433492,0.00177785340837,1
500,0.01,0,2_0_0_1-2_1_0_1,9.27321201059e-05,5.94233376289e-05,1
500,0.01,0,2_0_1_1-2_1_1_1,6.58337592715e-06,6.98480922875e-05,1
500,0.01,0,2_0_1_2-2_1_1_2,0.0992181599814,0.24125202313,-1
500,0.01,0,2_0_0_3-2_1_0_3,4.25488080883e-08,4.81925274313e-08,1
800,0.01,1,2_0_1_0-2_1_1_0,6.94923618467e-23,4.03525704362e-19,1
800,0.01,1,2_0_1_3-2_1_1_3,2.67661197748e-18,1.75338246178e-16,1
800,0.01,1,2_0_0_0-2_1_0_0,5.72473604518e-41,2.69459328385e-30,1
800,0.01,1,2_0_0_2-2_1_0_2,4.51825425367e-29,1.38261386126e-21,1
800,0.01,1,2_0_0_1-2_1_0_1,4.17280644505e-42,4.42686012815e-33,1
800,0.01,1,2_0_1_1-2_1_1_1,2.26890178619e-27,3.65830905121e-21,1
800,0.01,1,2_0_1_2-2_1_1_2,2.56504244805e-12,8.32069976737e-10,1
800,0.01,1,2_0_0_3-2_1_0_3,4.32068350644e-18,2.73177695213e-18,1
800,0.01,0,2_0_1_0-2_1_1_0,0.196115071135,0.115089452536,-1
800,0.01,0,2_0_1_3-2_1_1_3,0.173849257858,0.601907885161,-1
800,0.01,0,2_0_0_0-2_1_0_0,0.0223418325326,0.0926306904755,-1
800,0.01,0,2_0_0_2-2_1_0_2,0.00847515413409,0.00978444835323,1
800,0.01,0,2_0_0_1-2_1_0_1,6.28006244453e-05,0.000531189054006,1
800,0.01,0,2_0_1_1-2_1_1_1,0.000436101336534,0.000666711433435,1
800,0.01,0,2_0_1_2-2_1_1_2,0.288700564364,0.511997212011,-1
800,0.01,0,2_0_0_3-2_1_0_3,3.27938731994e-08,1.9135933217e-09,1
1100,0.01,1,2_0_1_0-2_1_1_0,1.91129542402e-22,4.06849144234e-15,1
1100,0.01,1,2_0_1_3-2_1_1_3,1.89985244827e-24,3.54063440829e-22,1
1100,0.01,1,2_0_0_0-2_1_0_0,2.66481689636e-42,2.27855433459e-39,1
1100,0.01,1,2_0_0_2-2_1_0_2,1.81546251878e-28,1.14202953026e-22,1
1100,0.01,1,2_0_0_1-2_1_0_1,1.22624494074e-43,1.82454513251e-34,1
1100,0.01,1,2_0_1_1-2_1_1_1,6.86779432758e-24,1.28255815819e-22,1
1100,0.01,1,2_0_1_2-2_1_1_2,1.76431345334e-15,2.1523717112e-12,1
1100,0.01,1,2_0_0_3-2_1_0_3,5.03266112873e-19,2.38637778803e-17,1
1100,0.01,0,2_0_1_0-2_1_1_0,0.02219966621,0.0214326556061,-1
1100,0.01,0,2_0_1_3-2_1_1_3,0.0235829894168,0.205664146431,-1
1100,0.01,0,2_0_0_0-2_1_0_0,0.129410994185,0.215284170149,-1
1100,0.01,0,2_0_0_2-2_1_0_2,0.000191995310199,0.000866469045752,1
1100,0.01,0,2_0_0_1-2_1_0_1,1.02283943109e-06,6.44016727723e-06,1
1100,0.01,0,2_0_1_1-2_1_1_1,1.01263135247e-05,1.89138492673e-05,1
1100,0.01,0,2_0_1_2-2_1_1_2,0.0989524043453,0.625008036807,-1
1100,0.01,0,2_0_0_3-2_1_0_3,4.25580582466e-09,6.54129089901e-09,1
1400,0.01,1,2_0_1_0-2_1_1_0,2.64278695867e-28,2.33923966467e-19,1
1400,0.01,1,2_0_1_3-2_1_1_3,5.15049339851e-20,5.78420449305e-17,1
1400,0.01,1,2_0_0_0-2_1_0_0,1.33386054282e-45,2.04939080625e-33,1
1400,0.01,1,2_0_0_2-2_1_0_2,6.55079412682e-29,1.89154737812e-21,1
1400,0.01,1,2_0_0_1-2_1_0_1,6.70965697166e-42,3.69404490549e-35,1
1400,0.01,1,2_0_1_1-2_1_1_1,3.25363423747e-27,1.09080837899e-20,1
1400,0.01,1,2_0_1_2-2_1_1_2,8.56763708126e-21,1.01670824756e-13,1
1400,0.01,1,2_0_0_3-2_1_0_3,8.86575132239e-22,1.83506359381e-20,1
1400,0.01,0,2_0_1_0-2_1_1_0,0.0190047757387,0.0132201544887,-1
1400,0.01,0,2_0_1_3-2_1_1_3,0.104751679996,0.696144767961,-1
1400,0.01,0,2_0_0_0-2_1_0_0,0.0659317166395,0.175672807089,-1
1400,0.01,0,2_0_0_2-2_1_0_2,0.00448803299033,0.000576893183454,1
1400,0.01,0,2_0_0_1-2_1_0_1,0.000624359130294,0.00595851512285,1
1400,0.01,0,2_0_1_1-2_1_1_1,8.64890251191e-06,1.60601562428e-05,1
1400,0.01,0,2_0_1_2-2_1_1_2,0.0509477667127,0.0597387143936,-1
1400,0.01,0,2_0_0_3-2_1_0_3,6.53396459619e-07,6.44818839913e-08,1
1700,0.01,1,2_0_1_0-2_1_1_0,9.74364123517e-24,1.18768173173e-17,1
1700,0.01,1,2_0_1_3-2_1_1_3,6.79374324379e-27,1.99771099113e-20,1
1700,0.01,1,2_0_0_0-2_1_0_0,1.5770942998e-45,1.61882171299e-37,1
1700,0.01,1,2_0_0_2-2_1_0_2,1.43767582004e-30,2.24857674356e-24,1
1700,0.01,1,2_0_0_1-2_1_0_1,7.14082006132e-42,1.77086979084e-31,1
1700,0.01,1,2_0_1_1-2_1_1_1,1.80353633002e-27,1.37128742103e-19,1
1700,0.01,1,2_0_1_2-2_1_1_2,1.24706865352e-18,4.07529528446e-15,1
1700,0.01,1,2_0_0_3-2_1_0_3,1.39926229878e-21,2.80744228297e-16,1
1700,0.01,0,2_0_1_0-2_1_1_0,0.0031351811087,0.000515001369827,1
1700,0.01,0,2_0_1_3-2_1_1_3,0.0978298507316,0.132106924883,-1
1700,0.01,0,2_0_0_0-2_1_0_0,0.341919790491,0.0957181344499,-1
1700,0.01,0,2_0_0_2-2_1_0_2,0.0173908756945,0.00153938159682,0
1700,0.01,0,2_0_0_1-2_1_0_1,8.21016475818e-05,0.000111526188663,1
1700,0.01,0,2_0_1_1-2_1_1_1,2.54261370338e-05,0.000253743446396,1
1700,0.01,0,2_0_1_2-2_1_1_2,0.224306579635,0.137825583798,-1
1700,0.01,0,2_0_0_3-2_1_0_3,1.78006208698e-09,6.89000779202e-11,1
2000,0.01,1,2_0_1_0-2_1_1_0,2.85008492659e-25,4.46122789591e-19,1
2000,0.01,1,2_0_1_3-2_1_1_3,5.18064947564e-24,3.24534448507e-18,1
2000,0.01,1,2_0_0_0-2_1_0_0,8.4920712428e-48,2.82626159539e-36,1
2000,0.01,1,2_0_0_2-2_1_0_2,1.04253793545e-33,1.8296976907e-25,1
2000,0.01,1,2_0_0_1-2_1_0_1,2.11457912461e-43,3.1682176109e-34,1
2000,0.01,1,2_0_1_1-2_1_1_1,9.92543971049e-30,1.88793106288e-21,1
2000,0.01,1,2_0_1_2-2_1_1_2,2.56512501589e-18,3.72066931664e-13,1
2000,0.01,1,2_0_0_3-2_1_0_3,8.48106831647e-22,2.38923270845e-13,1
2000,0.01,0,2_0_1_0-2_1_1_0,0.000947710099614,0.00335872938509,1
2000,0.01,0,2_0_1_3-2_1_1_3,0.0838434392412,0.464522792642,-1
2000,0.01,0,2_0_0_0-2_1_0_0,0.382172961273,0.21835464214,-1
2000,0.01,0,2_0_0_2-2_1_0_2,0.000613293157023,0.000161944378729,1
2000,0.01,0,2_0_0_1-2_1_0_1,0.000218530164298,0.00564925753723,1
2000,0.01,0,2_0_1_1-2_1_1_1,4.82290854952e-05,0.000277393219501,1
2000,0.01,0,2_0_1_2-2_1_1_2,0.547343070246,0.833670494623,-1
2000,0.01,0,2_0_0_3-2_1_0_3,1.52907787539e-07,3.72852707851e-07,1
200,0.01,1,2_0_1_0-2_1_1_0,1.18446441512e-13,5.8859362619e-14,1
200,0.01,1,2_0_1_3-2_1_1_3,2.05239600759e-16,1.33024360974e-16,1
200,0.01,1,2_0_0_0-2_1_0_0,3.00260057562e-21,4.0405428525e-20,1
200,0.01,1,2_0_0_2-2_1_0_2,1.60645124298e-14,4.56592652178e-14,1
200,0.01,1,2_0_0_1-2_1_0_1,3.63537253446e-27,1.2620717315e-25,1
200,0.01,1,2_0_1_1-2_1_1_1,1.48438292121e-11,1.01896346779e-10,1
200,0.01,1,2_0_1_2-2_1_1_2,1.57608005748e-13,1.08098426439e-12,1
200,0.01,1,2_0_0_3-2_1_0_3,6.90217992137e-11,2.68736186481e-10,1
200,0.01,0,2_0_1_0-2_1_1_0,0.0813842441458,0.0967295932329,-1
200,0.01,0,2_0_1_3-2_1_1_3,0.208333386977,0.509994018683,-1
200,0.01,0,2_0_0_0-2_1_0_0,0.558594111191,0.318210568944,-1
200,0.01,0,2_0_0_2-2_1_0_2,0.00194070977953,0.00750144021482,1
200,0.01,0,2_0_0_1-2_1_0_1,0.308201764733,0.545535158383,-1
200,0.01,0,2_0_1_1-2_1_1_1,0.00342544992183,0.014349712308,1
200,0.01,0,2_0_1_2-2_1_1_2,0.102990549386,0.0216137895026,-1
200,0.01,0,2_0_0_3-2_1_0_3,1.3749913949e-08,4.58287705418e-09,1
500,0.01,1,2_0_1_0-2_1_1_0,2.82223257587e-21,8.19792861289e-15,1
500,0.01,1,2_0_1_3-2_1_1_3,2.19195398248e-16,1.44107781719e-14,1
500,0.01,1,2_0_0_0-2_1_0_0,6.29529155896e-38,5.37182720243e-33,1
500,0.01,1,2_0_0_2-2_1_0_2,2.48600708681e-24,8.11230184565e-19,1
500,0.01,1,2_0_0_1-2_1_0_1,2.09751553999e-37,1.23680220187e-33,1
500,0.01,1,2_0_1_1-2_1_1_1,2.84333719663e-20,4.92906980508e-20,1
500,0.01,1,2_0_1_2-2_1_1_2,1.60748150881e-13,6.72971388087e-10,1
500,0.01,1,2_0_0_3-2_1_0_3,3.65748134411e-17,3.94616770823e-16,1
500,0.01,0,2_0_1_0-2_1_1_0,0.0298884188192,0.0263399814621,-1
500,0.01,0,2_0_1_3-2_1_1_3,0.425623669379,0.774856218919,-1
500,0.01,0,2_0_0_0-2_1_0_0,0.180178448298,0.0434410186257,-1
500,0.01,0,2_0_0_2-2_1_0_2,0.00709418661841,0.00983306829793,1
500,0.01,0,2_0_0_1-2_1_0_1,0.000644452418023,0.0191912409136,1
500,0.01,0,2_0_1_1-2_1_1_1,0.000583179515278,0.000755884500342,1
500,0.01,0,2_0_1_2-2_1_1_2,0.203900419972,0.424156653821,-1
500,0.01,0,2_0_0_3-2_1_0_3,7.20906643152e-09,7.91611439949e-10,1
800,0.01,1,2_0_1_0-2_1_1_0,8.57601730414e-24,1.77111425938e-21,1
800,0.01,1,2_0_1_3-2_1_1_3,1.43384189959e-24,1.88257802162e-20,1
800,0.01,1,2_0_0_0-2_1_0_0,9.11462941361e-43,1.87007966722e-35,1
800,0.01,1,2_0_0_2-2_1_0_2,7.7236699026e-22,3.66984833466e-20,1
800,0.01,1,2_0_0_1-2_1_0_1,2.98562979857e-36,9.01327188647e-28,1
800,0.01,1,2_0_1_1-2_1_1_1,6.34097413953e-24,1.11914662454e-20,1
800,0.01,1,2_0_1_2-2_1_1_2,1.61535456777e-17,3.73865408891e-15,1
800,0.01,1,2_0_0_3-2_1_0_3,4.41223922061e-19,7.0985142407e-15,1
800,0.01,0,2_0_1_0-2_1_1_0,0.0962760015192,0.120199643322,-1
800,0.01,0,2_0_1_3-2_1_1_3,0.0977307280188,0.188507972449,-1
800,0.01,0,2_0_0_0-2_1_0_0,0.119690455668,0.17471785345,-1
800,0.01,0,2_0_0_2-2_1_0_2,0.0035718401665,0.0134097453634,1
800,0.01,0,2_0_0_1-2_1_0_1,0.000182271685016,0.000144406109898,1
800,0.01,0,2_0_1_1-2_1_1_1,1.57436245152e-06,0.000170747425114,1
800,0.01,0,2_0_1_2-2_1_1_2,0.169230729071,0.340380115214,-1
800,0.01,0,2_0_0_3-2_1_0_3,4.06881458873e-07,6.04784722963e-08,1
1100,0.01,1,2_0_1_0-2_1_1_0,3.87772276791e-23,1.17922761002e-19,1
1100,0.01,1,2_0_1_3-2_1_1_3,4.33699758254e-22,1.07573670837e-20,1
1100,0.01,1,2_0_0_0-2_1_0_0,5.0976433255e-40,3.44385008026e-34,1
1100,0.01,1,2_0_0_2-2_1_0_2,1.9259550486e-28,1.44244620718e-24,1
1100,0.01,1,2_0_0_1-2_1_0_1,2.40962945833e-39,9.48514710875e-33,1
1100,0.01,1,2_0_1_1-2_1_1_1,2.18762365113e-23,3.11677609297e-18,1
1100,0.01,1,2_0_1_2-2_1_1_2,1.34967358175e-18,1.37426483673e-15,1
1100,0.01,1,2_0_0_3-2_1_0_3,1.17234840679e-17,6.07513830872e-15,1
1100,0.01,0,2_0_1_0-2_1_1_0,0.031533808671,0.0321619644487,-1
1100,0.01,0,2_0_1_3-2_1_1_3,0.117342537805,0.436403081255,-1
1100,0.01,0,2_0_0_0-2_1_0_0,0.371566613783,0.152462829347,-1
1100,0.01,0,2_0_0_2-2_1_0_2,0.0107004526001,0.00630828732968,0
1100,0.01,0,2_0_0_1-2_1_0_1,0.000619428126587,0.0155250804812,1
1100,0.01,0,2_0_1_1-2_1_1_1,1.96991431595e-05,0.00011264313165,1
1100,0.01,0,2_0_1_2-2_1_1_2,0.469879685653,0.691572717082,-1
1100,0.01,0,2_0_0_3-2_1_0_3,3.45221508033e-08,5.53305721874e-09,1
1400,0.01,1,2_0_1_0-2_1_1_0,5.9393057303e-27,2.91723634062e-24,1
1400,0.01,1,2_0_1_3-2_1_1_3,1.12614833704e-23,1.16012848386e-20,1
1400,0.01,1,2_0_0_0-2_1_0_0,2.94763739601e-50,1.25008732913e-43,1
1400,0.01,1,2_0_0_2-2_1_0_2,4.35450039247e-26,4.17695062141e-22,1
1400,0.01,1,2_0_0_1-2_1_0_1,9.28649627421e-39,4.59839676883e-35,1
1400,0.01,1,2_0_1_1-2_1_1_1,3.22806408928e-24,1.76317275905e-17,1
1400,0.01,1,2_0_1_2-2_1_1_2,1.69079739572e-16,8.27736686723e-14,1
1400,0.01,1,2_0_0_3-2_1_0_3,8.16937256467e-18,3.62005021659e-13,1
1400,0.01,0,2_0_1_0-2_1_1_0,0.0275578268723,0.027320880158,-1
1400,0.01,0,2_0_1_3-2_1_1_3,0.191391769114,0.69683392561,-1
1400,0.01,0,2_0_0_0-2_1_0_0,0.0261952285786,0.00554719273484,0
1400,0.01,0,2_0_0_2-2_1_0_2,0.00177593127939,0.000611299610587,1
1400,0.01,0,2_0_0_1-2_1_0_1,0.00043163010805,0.00365390633395,1
1400,0.01,0,2_0_1_1-2_1_1_1,1.03632701034e-05,3.4607138092e-05,1
1400,0.01,0,2_0_1_2-2_1_1_2,0.0336899871638,0.0224568899568,-1
1400,0.01,0,2_0_0_3-2_1_0_3,4.34055690045e-06,2.2856605798e-07,1
1700,0.01,1,2_0_1_0-2_1_1_0,2.86199719059e-31,5.13860273747e-23,1
1700,0.01,1,2_0_1_3-2_1_1_3,7.66164550752e-26,2.26404234945e-17,1
1700,0.01,1,2_0_0_0-2_1_0_0,1.63395140457e-43,2.03206190077e-34,1
1700,0.01,1,2_0_0_2-2_1_0_2,7.81242563345e-34,5.49556808249e-26,1
1700,0.01,1,2_0_0_1-2_1_0_1,3.63663391697e-51,2.29508470131e-38,1
1700,0.01,1,2_0_1_1-2_1_1_1,3.25363423747e-27,2.82490763276e-20,1
1700,0.01,1,2_0_1_2-2_1_1_2,2.12814592894e-19,9.69218160813e-15,1
1700,0.01,1,2_0_0_3-2_1_0_3,7.73701307701e-19,1.52955654028e-13,1
1700,0.01,0,2_0_1_0-2_1_1_0,0.00291031965573,0.00855779097854,1
1700,0.01,0,2_0_1_3-2_1_1_3,0.0291976994902,0.0522140333339,-1
1700,0.01,0,2_0_0_0-2_1_0_0,0.118257658707,0.23315673029,-1
1700,0.01,0,2_0_0_2-2_1_0_2,0.000572926770232,4.40492895769e-05,1
1700,0.01,0,2_0_0_1-2_1_0_1,0.0010917804021,0.0035970074308,1
1700,0.01,0,2_0_1_1-2_1_1_1,1.91767310969e-06,6.86909651344e-06,1
1700,0.01,0,2_0_1_2-2_1_1_2,0.255830302076,0.277978566446,-1
1700,0.01,0,2_0_0_3-2_1_0_3,3.97093222237e-07,2.41282793218e-08,1
2000,0.01,1,2_0_1_0-2_1_1_0,4.55321928864e-28,2.20124503366e-22,1
2000,0.01,1,2_0_1_3-2_1_1_3,5.65630822855e-27,5.76660817817e-18,1
2000,0.01,1,2_0_0_0-2_1_0_0,4.26430804029e-48,3.67995590739e-33,1
2000,0.01,1,2_0_0_2-2_1_0_2,5.2988408996e-31,1.17689820698e-23,1
2000,0.01,1,2_0_0_1-2_1_0_1,3.03322576344e-46,7.94141766865e-34,1
2000,0.01,1,2_0_1_1-2_1_1_1,8.1431495813e-30,9.21037460435e-21,1
2000,0.01,1,2_0_1_2-2_1_1_2,1.19170926566e-16,1.3486574769e-13,1
2000,0.01,1,2_0_0_3-2_1_0_3,2.63798847465e-23,5.82834888234e-15,1
2000,0.01,0,2_0_1_0-2_1_1_0,0.00687107695345,0.00270471067874,1
2000,0.01,0,2_0_1_3-2_1_1_3,0.0777972089494,0.323597854995,-1
2000,0.01,0,2_0_0_0-2_1_0_0,0.0363121400408,0.114331811392,-1
2000,0.01,0,2_0_0_2-2_1_0_2,0.0016551943466,0.0258957033527,1
2000,0.01,0,2_0_0_1-2_1_0_1,0.00159415735895,0.0136074669545,1
2000,0.01,0,2_0_1_1-2_1_1_1,2.83133686829e-05,0.000298543763592,1
2000,0.01,0,2_0_1_2-2_1_1_2,0.759745367108,0.682771535948,-1
2000,0.01,0,2_0_0_3-2_1_0_3,0.000172345803667,8.91707252751e-08,1
200,0.01,1,2_0_1_0-2_1_1_0,1.32125907163e-11,8.50784531118e-11,1
200,0.01,1,2_0_1_3-2_1_1_3,1.01598057881e-12,9.11733772835e-13,1
200,0.01,1,2_0_0_0-2_1_0_0,1.42148483502e-23,4.69019050891e-24,1
200,0.01,1,2_0_0_2-2_1_0_2,1.31251030318e-13,2.40634874171e-11,1
200,0.01,1,2_0_0_1-2_1_0_1,2.82977948465e-24,9.34357859261e-21,1
200,0.01,1,2_0_1_1-2_1_1_1,4.71012338063e-11,2.47873739027e-10,1
200,0.01,1,2_0_1_2-2_1_1_2,1.41851048509e-12,2.62695410526e-12,1
200,0.01,1,2_0_0_3-2_1_0_3,3.65032535213e-10,3.90702701195e-09,1
200,0.01,0,2_0_1_0-2_1_1_0,0.0221994573302,0.0308144680093,-1
200,0.01,0,2_0_1_3-2_1_1_3,0.24960406982,0.309791010149,-1
200,0.01,0,2_0_0_0-2_1_0_0,0.220170412249,0.229974945293,-1
200,0.01,0,2_0_0_2-2_1_0_2,0.0166158171565,0.0235517698654,-1
200,0.01,0,2_0_0_1-2_1_0_1,0.00417963049234,0.00740306533394,1
200,0.01,0,2_0_1_1-2_1_1_1,0.236105612961,0.203778259672,-1
200,0.01,0,2_0_1_2-2_1_1_2,0.314436982086,0.313965282443,-1
200,0.01,0,2_0_0_3-2_1_0_3,6.07141721859e-06,0.000205277178395,1
500,0.01,1,2_0_1_0-2_1_1_0,1.04941497252e-19,1.74439155831e-18,1
500,0.01,1,2_0_1_3-2_1_1_3,2.94368048572e-19,4.58521123455e-16,1
500,0.01,1,2_0_0_0-2_1_0_0,1.34257273716e-33,1.92167812375e-29,1
500,0.01,1,2_0_0_2-2_1_0_2,3.31020647493e-20,1.13989137292e-15,1
500,0.01,1,2_0_0_1-2_1_0_1,1.0465230473e-41,1.62617229655e-35,1
500,0.01,1,2_0_1_1-2_1_1_1,1.84546068285e-21,5.34629197475e-18,1
500,0.01,1,2_0_1_2-2_1_1_2,1.38645148014e-15,4.19423290442e-14,1
500,0.01,1,2_0_0_3-2_1_0_3,9.22774843557e-12,9.23028478681e-09,1
500,0.01,0,2_0_1_0-2_1_1_0,0.0015533104952,0.00245397379604,1
500,0.01,0,2_0_1_3-2_1_1_3,0.12939374334,0.511126688881,-1
500,0.01,0,2_0_0_0-2_1_0_0,0.0214880575285,0.0334835063125,-1
500,0.01,0,2_0_0_2-2_1_0_2,7.61005132093e-05,0.000400459220117,1
500,0.01,0,2_0_0_1-2_1_0_1,0.00161332831366,0.0114210401728,1
500,0.01,0,2_0_1_1-2_1_1_1,0.000253250212235,0.000243833700876,1
500,0.01,0,2_0_1_2-2_1_1_2,0.290588021634,0.289611845783,-1
500,0.01,0,2_0_0_3-2_1_0_3,2.31605686214e-07,1.76545176072e-08,1
800,0.01,1,2_0_1_0-2_1_1_0,1.03201530185e-24,1.2264559957e-19,1
800,0.01,1,2_0_1_3-2_1_1_3,4.1917882807e-19,4.78916727534e-15,1
800,0.01,1,2_0_0_0-2_1_0_0,2.263292564e-43,1.1950187836e-37,1
800,0.01,1,2_0_0_2-2_1_0_2,6.23972408572e-27,2.86187581824e-23,1
800,0.01,1,2_0_0_1-2_1_0_1,3.66124902454e-40,6.12871605485e-31,1
800,0.01,1,2_0_1_1-2_1_1_1,1.56207973717e-24,7.07346818953e-20,1
800,0.01,1,2_0_1_2-2_1_1_2,1.31864959755e-17,2.54645864699e-15,1
800,0.01,1,2_0_0_3-2_1_0_3,7.25938652376e-18,1.81214227666e-16,1
800,0.01,0,2_0_1_0-2_1_1_0,0.00221103114845,0.000516355181522,1
800,0.01,0,2_0_1_3-2_1_1_3,0.0583195997691,0.251527163841,-1
800,0.01,0,2_0_0_0-2_1_0_0,0.16630449762,0.108441180436,-1
800,0.01,0,2_0_0_2-2_1_0_2,0.0153754429301,0.00253550549049,0
800,0.01,0,2_0_0_1-2_1_0_1,6.92909107315e-08,2.22828154885e-06,1
800,0.01,0,2_0_1_1-2_1_1_1,1.72145452818e-07,1.37597892262e-05,1
800,0.01,0,2_0_1_2-2_1_1_2,0.334387503416,0.352962607552,-1
800,0.01,0,2_0_0_3-2_1_0_3,4.88266582167e-08,6.93378373183e-08,1
1100,0.01,1,2_0_1_0-2_1_1_0,2.55164676185e-25,1.13536740359e-22,1
1100,0.01,1,2_0_1_3-2_1_1_3,1.67876868403e-17,1.84148985258e-15,1
1100,0.01,1,2_0_0_0-2_1_0_0,1.64523655793e-45,1.20326294267e-38,1
1100,0.01,1,2_0_0_2-2_1_0_2,1.20976515438e-28,5.55692435258e-22,1
1100,0.01,1,2_0_0_1-2_1_0_1,1.16829310738e-43,3.20371256182e-39,1
1100,0.01,1,2_0_1_1-2_1_1_1,1.79016075934e-24,1.22668308189e-19,1
1100,0.01,1,2_0_1_2-2_1_1_2,3.06468718038e-18,3.97657528322e-13,1
1100,0.01,1,2_0_0_3-2_1_0_3,5.08723207873e-21,4.17501869888e-20,1
1100,0.01,0,2_0_1_0-2_1_1_0,0.0134118889407,0.061407285388,-1
1100,0.01,0,2_0_1_3-2_1_1_3,0.105501776205,0.308873613945,-1
1100,0.01,0,2_0_0_0-2_1_0_0,0.094231430708,0.215445727885,-1
1100,0.01,0,2_0_0_2-2_1_0_2,0.00174441306966,0.000997159560447,1
1100,0.01,0,2_0_0_1-2_1_0_1,1.82083001904e-05,9.52345676251e-06,1
1100,0.01,0,2_0_1_1-2_1_1_1,2.87867477951e-05,0.000155311572522,1
1100,0.01,0,2_0_1_2-2_1_1_2,0.44105397807,0.139788531886,-1
1100,0.01,0,2_0_0_3-2_1_0_3,3.78455395406e-08,1.03672498061e-09,1
1400,0.01,1,2_0_1_0-2_1_1_0,5.02634544261e-28,3.72116460996e-22,1
1400,0.01,1,2_0_1_3-2_1_1_3,7.88743578473e-23,3.23977623561e-18,1
1400,0.01,1,2_0_0_0-2_1_0_0,8.12649346987e-44,1.06533656216e-33,1
1400,0.01,1,2_0_0_2-2_1_0_2,8.23682556276e-25,2.58510048048e-24,1
1400,0.01,1,2_0_0_1-2_1_0_1,9.15166106632e-42,1.00221479512e-35,1
1400,0.01,1,2_0_1_1-2_1_1_1,3.93347736767e-28,1.4123303449e-22,1
1400,0.01,1,2_0_1_2-2_1_1_2,2.93391678163e-18,3.50451536722e-14,1
1400,0.01,1,2_0_0_3-2_1_0_3,2.39470031334e-16,7.77726964609e-14,1
1400,0.01,0,2_0_1_0-2_1_1_0,0.0278410033292,0.045610825208,-1
1400,0.01,0,2_0_1_3-2_1_1_3,0.0997681891405,0.365315776822,-1
1400,0.01,0,2_0_0_0-2_1_0_0,0.207828221103,0.105993275318,-1
1400,0.01,0,2_0_0_2-2_1_0_2,0.00204942762408,0.000863408001647,1
1400,0.01,0,2_0_0_1-2_1_0_1,0.000409012197601,0.00141334976228,1
1400,0.01,0,2_0_1_1-2_1_1_1,6.64984689955e-06,0.000655934320719,1
1400,0.01,0,2_0_1_2-2_1_1_2,0.126347208299,0.531629779654,-1
1400,0.01,0,2_0_0_3-2_1_0_3,9.02661708346e-08,1.66376062274e-06,1
1700,0.01,1,2_0_1_0-2_1_1_0,5.3304618388e-26,8.38043358647e-18,1
1700,0.01,1,2_0_1_3-2_1_1_3,1.70386267067e-23,5.01925912311e-16,1
1700,0.01,1,2_0_0_0-2_1_0_0,5.46600690725e-46,3.85216007341e-32,1
1700,0.01,1,2_0_0_2-2_1_0_2,5.79510813732e-32,3.08280933438e-25,1
1700,0.01,1,2_0_0_1-2_1_0_1,8.00223782629e-44,8.63792477669e-36,1
1700,0.01,1,2_0_1_1-2_1_1_1,1.21172729546e-25,1.53007650241e-22,1
1700,0.01,1,2_0_1_2-2_1_1_2,1.67455711222e-18,1.58216903234e-16,1
1700,0.01,1,2_0_0_3-2_1_0_3,8.57230766327e-24,4.37156390846e-20,1
1700,0.01,0,2_0_1_0-2_1_1_0,0.0138820531145,0.0354218797059,-1
1700,0.01,0,2_0_1_3-2_1_1_3,0.0276175032328,0.179574384642,-1
1700,0.01,0,2_0_0_0-2_1_0_0,0.524463988909,0.431333042798,-1
1700,0.01,0,2_0_0_2-2_1_0_2,0.000800931069324,0.00149865455852,1
1700,0.01,0,2_0_0_1-2_1_0_1,0.000111988757196,0.00117555337163,1
1700,0.01,0,2_0_1_1-2_1_1_1,0.0002890398289,0.000178317974808,1
1700,0.01,0,2_0_1_2-2_1_1_2,0.173192274058,0.369267601551,-1
1700,0.01,0,2_0_0_3-2_1_0_3,3.82203530062e-08,1.40850806101e-08,1
2000,0.01,1,2_0_1_0-2_1_1_0,1.40950978268e-27,2.62299431745e-22,1
2000,0.01,1,2_0_1_3-2_1_1_3,2.59721266151e-24,6.57542801051e-19,1
2000,0.01,1,2_0_0_0-2_1_0_0,2.16586643933e-50,9.57901514947e-32,1
2000,0.01,1,2_0_0_2-2_1_0_2,8.89305974806e-31,4.18482770108e-26,1
2000,0.01,1,2_0_0_1-2_1_0_1,1.43876781736e-49,1.16996147861e-36,1
2000,0.01,1,2_0_1_1-2_1_1_1,3.84327623724e-28,5.36395424888e-20,1
2000,0.01,1,2_0_1_2-2_1_1_2,1.90386171495e-21,2.66568847786e-16,1
2000,0.01,1,2_0_0_3-2_1_0_3,1.64570260596e-22,2.74960359753e-17,1
2000,0.01,0,2_0_1_0-2_1_1_0,0.00597713092454,0.0792850253846,1
2000,0.01,0,2_0_1_3-2_1_1_3,0.226473098371,0.688639531671,-1
2000,0.01,0,2_0_0_0-2_1_0_0,0.208810352769,0.293702024935,-1
2000,0.01,0,2_0_0_2-2_1_0_2,0.00257747683215,0.0278984321623,1
2000,0.01,0,2_0_0_1-2_1_0_1,2.91092930565e-06,0.000226786980824,1
2000,0.01,0,2_0_1_1-2_1_1_1,0.0011116901447,0.000801421113522,1
2000,0.01,0,2_0_1_2-2_1_1_2,0.142593770494,0.329802972038,-1
2000,0.01,0,2_0_0_3-2_1_0_3,8.42447246852e-05,1.17693052341e-06,1
200,0.01,1,2_0_1_0-2_1_1_0,5.38002813291e-13,6.05425932491e-11,1
200,0.01,1,2_0_1_3-2_1_1_3,9.01820229941e-11,1.20694168167e-09,1
200,0.01,1,2_0_0_0-2_1_0_0,3.92847128612e-19,2.89791191032e-18,1
200,0.01,1,2_0_0_2-2_1_0_2,5.71231955852e-16,1.12861688128e-15,1
200,0.01,1,2_0_0_1-2_1_0_1,2.25434963626e-24,2.47979594879e-24,1
200,0.01,1,2_0_1_1-2_1_1_1,1.79498431777e-12,7.35624597404e-11,1
200,0.01,1,2_0_1_2-2_1_1_2,3.03530072244e-15,2.65886055485e-15,1
200,0.01,1,2_0_0_3-2_1_0_3,1.55480138357e-09,4.68823847625e-10,1
200,0.01,0,2_0_1_0-2_1_1_0,0.046568606497,0.0380584000963,-1
200,0.01,0,2_0_1_3-2_1_1_3,0.0241090401958,0.0754175232167,-1
200,0.01,0,2_0_0_0-2_1_0_0,0.145489998665,0.158581202723,-1
200,0.01,0,2_0_0_2-2_1_0_2,0.0355361983643,0.0672507117099,-1
200,0.01,0,2_0_0_1-2_1_0_1,0.0844714402867,0.113700225582,-1
200,0.01,0,2_0_1_1-2_1_1_1,0.00484212562142,0.0188397093185,1
200,0.01,0,2_0_1_2-2_1_1_2,0.272576442088,0.168652643527,-1
200,0.01,0,2_0_0_3-2_1_0_3,0.000846159147837,0.000114268428364,1
500,0.01,1,2_0_1_0-2_1_1_0,1.53107357443e-19,2.85615455152e-17,1
500,0.01,1,2_0_1_3-2_1_1_3,1.46326900621e-16,1.62135075042e-13,1
500,0.01,1,2_0_0_0-2_1_0_0,1.20615255226e-35,3.48046156875e-28,1
500,0.01,1,2_0_0_2-2_1_0_2,4.34919569781e-23,4.17141267552e-20,1
500,0.01,1,2_0_0_1-2_1_0_1,1.12160607238e-40,2.70858017843e-31,1
500,0.01,1,2_0_1_1-2_1_1_1,3.29663469095e-20,2.85887808606e-16,1
500,0.01,1,2_0_1_2-2_1_1_2,4.28097459078e-17,2.58175098101e-14,1
500,0.01,1,2_0_0_3-2_1_0_3,1.02277417988e-13,2.68952889896e-13,1
500,0.01,0,2_0_1_0-2_1_1_0,0.0439680339907,0.0173451664565,-1
500,0.01,0,2_0_1_3-2_1_1_3,0.0794716203509,0.361450431934,-1
500,0.01,0,2_0_0_0-2_1_0_0,0.0960788527792,0.168039726224,-1
500,0.01,0,2_0_0_2-2_1_0_2,0.012742789554,0.0131881236622,-1
500,0.01,0,2_0_0_1-2_1_0_1,0.000359700658156,0.000212705074748,1
500,0.01,0,2_0_1_1-2_1_1_1,0.00663983619301,0.00114358814118,1
500,0.01,0,2_0_1_2-2_1_1_2,0.0197860863732,0.11067239636,-1
500,0.01,0,2_0_0_3-2_1_0_3,5.39079505355e-07,1.88524663291e-07,1
800,0.01,1,2_0_1_0-2_1_1_0,1.39770087539e-26,3.68753335465e-23,1
800,0.01,1,2_0_1_3-2_1_1_3,1.74011791165e-20,6.32326745466e-15,1
800,0.01,1,2_0_0_0-2_1_0_0,3.0319892182e-44,9.22472378617e-33,1
800,0.01,1,2_0_0_2-2_1_0_2,3.98070658708e-26,5.94292924335e-22,1
800,0.01,1,2_0_0_1-2_1_0_1,1.33160637329e-39,3.22881255012e-34,1
800,0.01,1,2_0_1_1-2_1_1_1,6.77146029308e-22,1.99952013868e-19,1
800,0.01,1,2_0_1_2-2_1_1_2,3.22440569107e-16,5.25894822484e-17,1
800,0.01,1,2_0_0_3-2_1_0_3,3.7416108784e-18,1.50230671139e-16,1
800,0.01,0,2_0_1_0-2_1_1_0,0.0667325862968,0.0916825732421,-1
800,0.01,0,2_0_1_3-2_1_1_3,0.276574906939,0.741666643242,-1
800,0.01,0,2_0_0_0-2_1_0_0,0.123709685112,0.206807142699,-1
800,0.01,0,2_0_0_2-2_1_0_2,0.000696191856184,0.00532321705546,1
800,0.01,0,2_0_0_1-2_1_0_1,5.89686892801e-05,0.0019710712968,1
800,0.01,0,2_0_1_1-2_1_1_1,3.98436889928e-05,1.51289693566e-05,1
800,0.01,0,2_0_1_2-2_1_1_2,0.22448962779,0.121055050266,-1
800,0.01,0,2_0_0_3-2_1_0_3,1.66132736776e-07,1.05895235086e-07,1
1100,0.01,1,2_0_1_0-2_1_1_0,1.33554031742e-22,2.56518383259e-16,1
1100,0.01,1,2_0_1_3-2_1_1_3,8.39484945097e-20,5.38058755537e-16,1
1100,0.01,1,2_0_0_0-2_1_0_0,2.90699473055e-43,1.90053018199e-35,1
1100,0.01,1,2_0_0_2-2_1_0_2,5.47505815799e-34,4.90320924713e-29,1
1100,0.01,1,2_0_0_1-2_1_0_1,1.97304396761e-41,1.76864834714e-33,1
1100,0.01,1,2_0_1_1-2_1_1_1,3.72020976649e-27,3.08251156112e-21,1
1100,0.01,1,2_0_1_2-2_1_1_2,3.13327070156e-20,2.40177118154e-17,1
1100,0.01,1,2_0_0_3-2_1_0_3,8.52352863009e-20,3.77305574639e-16,1
1100,0.01,0,2_0_1_0-2_1_1_0,0.038646469008,0.104521185768,-1
1100,0.01,0,2_0_1_3-2_1_1_3,0.0100121205107,0.388556645287,-1
1100,0.01,0,2_0_0_0-2_1_0_0,0.24323552375,0.195276779458,-1
1100,0.01,0,2_0_0_2-2_1_0_2,0.000133488416591,0.00199480209259,1
1100,0.01,0,2_0_0_1-2_1_0_1,0.000751765017844,0.00273016802434,1
1100,0.01,0,2_0_1_1-2_1_1_1,2.44608732177e-05,3.74780712994e-05,1
1100,0.01,0,2_0_1_2-2_1_1_2,0.112496471759,0.272441758384,-1
1100,0.01,0,2_0_0_3-2_1_0_3,1.06658375506e-07,1.09846130602e-07,1
1400,0.01,1,2_0_1_0-2_1_1_0,1.83062723267e-26,4.33911874285e-24,1
1400,0.01,1,2_0_1_3-2_1_1_3,2.96312484428e-23,5.9283169861e-18,1
1400,0.01,1,2_0_0_0-2_1_0_0,7.70867395821e-49,3.90383092363e-39,1
1400,0.01,1,2_0_0_2-2_1_0_2,4.20229369855e-30,2.78197605e-27,1
1400,0.01,1,2_0_0_1-2_1_0_1,2.69231205681e-41,1.918884291e-32,1
1400,0.01,1,2_0_1_1-2_1_1_1,3.18604677957e-26,2.44679264717e-20,1
1400,0.01,1,2_0_1_2-2_1_1_2,3.95296309938e-18,7.00935178327e-16,1
1400,0.01,1,2_0_0_3-2_1_0_3,1.94909417282e-20,5.88800337012e-17,1
1400,0.01,0,2_0_1_0-2_1_1_0,0.0497515496601,0.0724987251757,-1
1400,0.01,0,2_0_1_3-2_1_1_3,0.165107321638,0.539902133155,-1
1400,0.01,0,2_0_0_0-2_1_0_0,0.146201046657,0.0915914372291,-1
1400,0.01,0,2_0_0_2-2_1_0_2,0.001843754657,0.0015664254708,1
1400,0.01,0,2_0_0_1-2_1_0_1,0.00166249967338,0.0030207430792,1
1400,0.01,0,2_0_1_1-2_1_1_1,8.27969219797e-06,2.25641530194e-05,1
1400,0.01,0,2_0_1_2-2_1_1_2,0.0730113194577,0.225590315187,-1
1400,0.01,0,2_0_0_3-2_1_0_3,1.33597225747e-07,4.58339588954e-09,1
1700,0.01,1,2_0_1_0-2_1_1_0,2.64781951562e-26,4.83271015182e-19,1
1700,0.01,1,2_0_1_3-2_1_1_3,8.2473350943e-24,1.77155324831e-16,1
1700,0.01,1,2_0_0_0-2_1_0_0,1.80275575465e-46,2.99495212522e-37,1
1700,0.01,1,2_0_0_2-2_1_0_2,1.0265402154e-30,5.81214368753e-19,1
1700,0.01,1,2_0_0_1-2_1_0_1,2.49974889717e-48,3.48788941524e-35,1
1700,0.01,1,2_0_1_1-2_1_1_1,4.35450039247e-26,1.05432094426e-16,1
1700,0.01,1,2_0_1_2-2_1_1_2,9.51954164353e-20,5.11418329082e-15,1
1700,0.01,1,2_0_0_3-2_1_0_3,2.43058028814e-19,3.54436794919e-21,1
1700,0.01,0,2_0_1_0-2_1_1_0,0.00215521601265,0.00403081216821,1
1700,0.01,0,2_0_1_3-2_1_1_3,0.0191314482699,0.19193703245,-1
1700,0.01,0,2_0_0_0-2_1_0_0,0.194394348799,0.167009561663,-1
1700,0.01,0,2_0_0_2-2_1_0_2,0.00214766652903,0.0015959942815,1
1700,0.01,0,2_0_0_1-2_1_0_1,0.000820901331795,0.00059142533883,1
1700,0.01,0,2_0_1_1-2_1_1_1,0.00011283018062,2.49161340269e-06,1
1700,0.01,0,2_0_1_2-2_1_1_2,0.0248966740347,0.277103534991,-1
1700,0.01,0,2_0_0_3-2_1_0_3,2.21414985859e-06,1.19560407684e-06,1
2000,0.01,1,2_0_1_0-2_1_1_0,4.61043733654e-25,2.00244189483e-17,1
2000,0.01,1,2_0_1_3-2_1_1_3,8.101189725e-29,4.17991305111e-19,1
2000,0.01,1,2_0_0_0-2_1_0_0,4.14060370764e-51,6.35151076774e-41,1
2000,0.01,1,2_0_0_2-2_1_0_2,1.34861406294e-28,8.12225599852e-23,1
2000,0.01,1,2_0_0_1-2_1_0_1,4.807670266e-44,1.05240445818e-34,1
2000,0.01,1,2_0_1_1-2_1_1_1,9.90790676307e-27,6.6293578893e-22,1
2000,0.01,1,2_0_1_2-2_1_1_2,6.49147731867e-20,6.89667836729e-14,1
2000,0.01,1,2_0_0_3-2_1_0_3,1.61275145326e-21,2.84211398731e-17,1
2000,0.01,0,2_0_1_0-2_1_1_0,0.000356873783591,0.00336305883836,1
2000,0.01,0,2_0_1_3-2_1_1_3,0.0244164893266,0.302562564938,-1
2000,0.01,0,2_0_0_0-2_1_0_0,0.035209537183,0.0110183079329,-1
2000,0.01,0,2_0_0_2-2_1_0_2,0.0023408998087,0.00775997028736,1
2000,0.01,0,2_0_0_1-2_1_0_1,0.000184748806756,0.00553607602105,1
2000,0.01,0,2_0_1_1-2_1_1_1,5.78208116673e-06,1.16630254936e-05,1
2000,0.01,0,2_0_1_2-2_1_1_2,0.293627310864,0.447152500712,-1
2000,0.01,0,2_0_0_3-2_1_0_3,4.92480341523e-05,3.79959842771e-06,1
200,0.01,1,2_0_1_0-2_1_1_0,5.87097984679e-12,7.35771409111e-12,1
200,0.01,1,2_0_1_3-2_1_1_3,1.27737215445e-12,2.78667601255e-12,1
200,0.01,1,2_0_0_0-2_1_0_0,1.03982087793e-17,4.81895322906e-17,1
200,0.01,1,2_0_0_2-2_1_0_2,2.81913084061e-13,6.94728599521e-12,1
200,0.01,1,2_0_0_1-2_1_0_1,1.53087353785e-25,1.22924044917e-22,1
200,0.01,1,2_0_1_1-2_1_1_1,5.21987734457e-12,5.39246435577e-11,1
200,0.01,1,2_0_1_2-2_1_1_2,3.2120022123e-11,2.36346016991e-11,1
200,0.01,1,2_0_0_3-2_1_0_3,7.82413942519e-17,8.66328335823e-16,1
200,0.01,0,2_0_1_0-2_1_1_0,0.107171494081,0.0558568251398,-1
200,0.01,0,2_0_1_3-2_1_1_3,0.257826822985,0.233968629319,-1
200,0.01,0,2_0_0_0-2_1_0_0,0.0590713381213,0.116983004233,-1
200,0.01,0,2_0_0_2-2_1_0_2,0.0151761702178,0.00505344485666,0
200,0.01,0,2_0_0_1-2_1_0_1,0.0114356760019,0.0446142955718,-1
200,0.01,0,2_0_1_1-2_1_1_1,0.00169267526079,0.00328635101023,1
200,0.01,0,2_0_1_2-2_1_1_2,0.352199081134,0.351845294451,-1
200,0.01,0,2_0_0_3-2_1_0_3,3.08371055958e-08,3.62310863696e-08,1
500,0.01,1,2_0_1_0-2_1_1_0,6.82206443453e-19,1.05406114656e-18,1
500,0.01,1,2_0_1_3-2_1_1_3,1.44954017238e-18,1.14541144722e-15,1
500,0.01,1,2_0_0_0-2_1_0_0,6.51027328179e-31,1.23670726525e-28,1
500,0.01,1,2_0_0_2-2_1_0_2,2.17439171233e-25,1.16123189584e-19,1
500,0.01,1,2_0_0_1-2_1_0_1,3.97912928437e-35,2.1732880774e-28,1
500,0.01,1,2_0_1_1-2_1_1_1,1.42146790231e-23,8.1334786485e-19,1
500,0.01,1,2_0_1_2-2_1_1_2,2.12374593954e-13,3.66767483536e-09,1
500,0.01,1,2_0_0_3-2_1_0_3,4.81913121294e-18,2.38981310292e-16,1
500,0.01,0,2_0_1_0-2_1_1_0,0.00379606746331,0.0155857986699,1
500,0.01,0,2_0_1_3-2_1_1_3,0.242659980855,0.71652570733,-1
500,0.01,0,2_0_0_0-2_1_0_0,0.418480807087,0.216240184854,-1
500,0.01,0,2_0_0_2-2_1_0_2,0.01116571656,0.0412577230143,-1
500,0.01,0,2_0_0_1-2_1_0_1,0.00711123917674,0.0290950039717,1
500,0.01,0,2_0_1_1-2_1_1_1,4.28141889691e-05,4.12461931836e-05,1
500,0.01,0,2_0_1_2-2_1_1_2,0.411695220703,0.164366837778,-1
500,0.01,0,2_0_0_3-2_1_0_3,3.70722869835e-06,5.75722931792e-06,1
800,0.01,1,2_0_1_0-2_1_1_0,2.60782630536e-23,1.02883980586e-18,1
800,0.01,1,2_0_1_3-2_1_1_3,2.63893775631e-20,1.51429283459e-16,1
800,0.01,1,2_0_0_0-2_1_0_0,5.23378617245e-42,5.26739806767e-29,1
800,0.01,1,2_0_0_2-2_1_0_2,1.03994840582e-29,1.5758832484e-22,1
800,0.01,1,2_0_0_1-2_1_0_1,2.23565053907e-37,2.50304991339e-33,1
800,0.01,1,2_0_1_1-2_1_1_1,1.17544650223e-21,1.30213741636e-14,1
800,0.01,1,2_0_1_2-2_1_1_2,3.74634334166e-19,1.82879303297e-15,1
800,0.01,1,2_0_0_3-2_1_0_3,8.59649736276e-17,7.59335578641e-13,1
800,0.01,0,2_0_1_0-2_1_1_0,0.00266894548306,0.0169768673261,1
800,0.01,0,2_0_1_3-2_1_1_3,0.0925489405403,0.542113472173,-1
800,0.01,0,2_0_0_0-2_1_0_0,0.062041032767,0.0945952695346,-1
800,0.01,0,2_0_0_2-2_1_0_2,0.00702248257641,0.000760182873838,1
800,0.01,0,2_0_0_1-2_1_0_1,0.000613735555734,0.000685776570353,1
800,0.01,0,2_0_1_1-2_1_1_1,8.58446448664e-05,2.19979446414e-06,1
800,0.01,0,2_0_1_2-2_1_1_2,0.384507441375,0.389276887316,-1
800,0.01,0,2_0_0_3-2_1_0_3,2.37978207575e-08,2.11126977438e-06,1
1100,0.01,1,2_0_1_0-2_1_1_0,2.29512866955e-28,4.36650318725e-20,1
1100,0.01,1,2_0_1_3-2_1_1_3,3.36362505413e-22,4.54216774481e-18,1
1100,0.01,1,2_0_0_0-2_1_0_0,1.43274361079e-40,3.22149435048e-32,1
1100,0.01,1,2_0_0_2-2_1_0_2,3.30109334053e-28,4.78844839772e-23,1
1100,0.01,1,2_0_0_1-2_1_0_1,4.43532723147e-40,2.97123359397e-31,1
1100,0.01,1,2_0_1_1-2_1_1_1,3.78429321674e-27,2.67782262912e-20,1
1100,0.01,1,2_0_1_2-2_1_1_2,1.88505459316e-20,1.13324177005e-14,1
1100,0.01,1,2_0_0_3-2_1_0_3,2.66581047589e-19,5.200728889e-16,1
1100,0.01,0,2_0_1_0-2_1_1_0,0.017276223589,0.0117406899549,-1
1100,0.01,0,2_0_1_3-2_1_1_3,0.344425950868,0.29682197162,-1
1100,0.01,0,2_0_0_0-2_1_0_0,0.156923065483,0.0602654045453,-1
1100,0.01,0,2_0_0_2-2_1_0_2,0.00184671003362,0.000751070031576,1
1100,0.01,0,2_0_0_1-2_1_0_1,0.000100239890895,6.0439315531e-06,1
1100,0.01,0,2_0_1_1-2_1_1_1,2.54099469349e-05,1.46058141397e-06,1
1100,0.01,0,2_0_1_2-2_1_1_2,0.189865918637,0.665895827313,-1
1100,0.01,0,2_0_0_3-2_1_0_3,1.89732511274e-08,1.32875262739e-07,1
1400,0.01,1,2_0_1_0-2_1_1_0,4.28289994187e-25,1.32200390725e-19,1
1400,0.01,1,2_0_1_3-2_1_1_3,3.71305301912e-19,8.43440407396e-19,1
1400,0.01,1,2_0_0_0-2_1_0_0,1.3053341643e-46,1.77508216945e-32,1
1400,0.01,1,2_0_0_2-2_1_0_2,1.44728109958e-27,4.52530066317e-23,1
1400,0.01,1,2_0_0_1-2_1_0_1,4.83650586243e-43,1.06400570481e-35,1
1400,0.01,1,2_0_1_1-2_1_1_1,3.50043662262e-27,7.77937337303e-25,1
1400,0.01,1,2_0_1_2-2_1_1_2,5.30213215796e-18,1.41404796247e-15,1
1400,0.01,1,2_0_0_3-2_1_0_3,1.93530741329e-20,3.79270610031e-15,1
1400,0.01,0,2_0_1_0-2_1_1_0,0.00119716050305,0.000666280913982,1
1400,0.01,0,2_0_1_3-2_1_1_3,0.092993013269,0.362950822565,-1
1400,0.01,0,2_0_0_0-2_1_0_0,0.0702858641374,0.33017396586,-1
1400,0.01,0,2_0_0_2-2_1_0_2,0.00588567232167,0.015362471869,1
1400,0.01,0,2_0_0_1-2_1_0_1,0.00186652755446,0.00489983141306,1
1400,0.01,0,2_0_1_1-2_1_1_1,2.0781051584e-05,5.57034095186e-05,1
1400,0.01,0,2_0_1_2-2_1_1_2,0.169558254844,0.166731191417,-1
1400,0.01,0,2_0_0_3-2_1_0_3,1.834896749e-07,6.93145858998e-06,1
1700,0.01,1,2_0_1_0-2_1_1_0,1.82256606751e-26,3.26397227199e-21,1
1700,0.01,1,2_0_1_3-2_1_1_3,1.09107155697e-19,1.85662264843e-19,1
1700,0.01,1,2_0_0_0-2_1_0_0,1.055859518e-43,2.97807765626e-36,1
1700,0.01,1,2_0_0_2-2_1_0_2,3.63814191958e-30,3.59403904192e-24,1
1700,0.01,1,2_0_0_1-2_1_0_1,1.25953858074e-46,6.44799711528e-38,1
1700,0.01,1,2_0_1_1-2_1_1_1,2.63025701594e-30,8.21748401114e-22,1
1700,0.01,1,2_0_1_2-2_1_1_2,7.0676768531e-18,1.11639035709e-14,1
1700,0.01,1,2_0_0_3-2_1_0_3,2.38440656274e-19,1.31484482891e-15,1
1700,0.01,0,2_0_1_0-2_1_1_0,0.0527535767925,0.0100651379859,-1
1700,0.01,0,2_0_1_3-2_1_1_3,0.183124402581,0.248838400541,-1
1700,0.01,0,2_0_0_0-2_1_0_0,0.108693387612,0.0791089203309,-1
1700,0.01,0,2_0_0_2-2_1_0_2,0.00215521601265,0.000386953504333,1
1700,0.01,0,2_0_0_1-2_1_0_1,0.000102801257429,0.00689271605319,1
1700,0.01,0,2_0_1_1-2_1_1_1,3.19932195995e-05,7.70993954671e-08,1
1700,0.01,0,2_0_1_2-2_1_1_2,0.0808963217047,0.475568445817,-1
1700,0.01,0,2_0_0_3-2_1_0_3,4.12467963156e-08,7.91546440343e-09,1
2000,0.01,1,2_0_1_0-2_1_1_0,1.98074245313e-25,6.27721198812e-20,1
2000,0.01,1,2_0_1_3-2_1_1_3,4.87532554179e-25,1.24386558361e-19,1
2000,0.01,1,2_0_0_0-2_1_0_0,1.63257072272e-50,4.78473662609e-42,1
2000,0.01,1,2_0_0_2-2_1_0_2,2.63222886983e-31,1.19643887403e-22,1
2000,0.01,1,2_0_0_1-2_1_0_1,2.37459496474e-46,2.90394896805e-36,1
2000,0.01,1,2_0_1_1-2_1_1_1,1.13473531182e-27,3.9390696301e-23,1
2000,0.01,1,2_0_1_2-2_1_1_2,1.65531613595e-21,3.21330006019e-19,1
2000,0.01,1,2_0_0_3-2_1_0_3,6.86694697591e-24,6.10934086498e-19,1
2000,0.01,0,2_0_1_0-2_1_1_0,0.00108164364692,0.00394426435751,1
2000,0.01,0,2_0_1_3-2_1_1_3,0.381421750871,0.849795081131,-1
2000,0.01,0,2_0_0_0-2_1_0_0,0.0930817372669,0.276773144745,-1
2000,0.01,0,2_0_0_2-2_1_0_2,0.00847515413409,0.00207083460498,1
2000,0.01,0,2_0_0_1-2_1_0_1,0.0001928370191,0.00027577310922,1
2000,0.01,0,2_0_1_1-2_1_1_1,0.000305441616984,0.000166073956975,1
2000,0.01,0,2_0_1_2-2_1_1_2,0.405174941097,0.97851031732,-1
2000,0.01,0,2_0_0_3-2_1_0_3,9.2015759928e-07,9.41388125909e-09,1
200,0.01,1,2_0_1_0-2_1_1_0,9.55652002522e-13,1.53754213969e-14,1
200,0.01,1,2_0_1_3-2_1_1_3,4.48789887624e-17,1.30460375903e-16,1
200,0.01,1,2_0_0_0-2_1_0_0,1.54587154501e-19,4.88259796942e-20,1
200,0.01,1,2_0_0_2-2_1_0_2,1.75602220738e-13,2.3697589392e-12,1
200,0.01,1,2_0_0_1-2_1_0_1,4.38051317924e-26,3.10848214308e-26,1
200,0.01,1,2_0_1_1-2_1_1_1,3.13076147557e-08,1.57185743507e-07,1
200,0.01,1,2_0_1_2-2_1_1_2,3.16055079099e-08,3.5244847877e-07,1
200,0.01,1,2_0_0_3-2_1_0_3,8.09068247094e-16,7.30989514184e-15,1
200,0.01,0,2_0_1_0-2_1_1_0,0.00205157035611,0.00107213704646,1
200,0.01,0,2_0_1_3-2_1_1_3,0.667265452975,0.859356909839,-1
200,0.01,0,2_0_0_0-2_1_0_0,0.0454169412131,0.173958160375,-1
200,0.01,0,2_0_0_2-2_1_0_2,0.00621828604748,0.0109895855992,1
200,0.01,0,2_0_0_1-2_1_0_1,0.039558487737,0.036912892005,-1
200,0.01,0,2_0_1_1-2_1_1_1,0.0190459275641,0.0170602394419,-1
200,0.01,0,2_0_1_2-2_1_1_2,0.226609391742,0.218172705684,-1
200,0.01,0,2_0_0_3-2_1_0_3,6.55390388343e-07,4.15019065032e-07,1
500,0.01,1,2_0_1_0-2_1_1_0,1.5103894979e-22,9.18185415026e-20,1
500,0.01,1,2_0_1_3-2_1_1_3,3.54367242085e-20,7.11496927236e-17,1
500,0.01,1,2_0_0_0-2_1_0_0,9.56498041359e-34,1.99383585375e-25,1
500,0.01,1,2_0_0_2-2_1_0_2,4.05018147392e-21,2.47617129651e-15,1
500,0.01,1,2_0_0_1-2_1_0_1,4.26905869265e-35,1.42430244107e-31,1
500,0.01,1,2_0_1_1-2_1_1_1,9.00048519071e-18,1.31268885832e-16,1
500,0.01,1,2_0_1_2-2_1_1_2,7.71235608493e-14,1.15078641039e-11,1
500,0.01,1,2_0_0_3-2_1_0_3,2.38522497641e-18,3.61298795847e-14,1
500,0.01,0,2_0_1_0-2_1_1_0,0.0197552327102,0.00831754005663,0
500,0.01,0,2_0_1_3-2_1_1_3,0.156530081148,0.0667725930391,-1
500,0.01,0,2_0_0_0-2_1_0_0,0.00599912959845,0.0212370708621,1
500,0.01,0,2_0_0_2-2_1_0_2,0.00476309946717,0.0178309055386,1
500,0.01,0,2_0_0_1-2_1_0_1,0.000840628049872,0.000124159711988,1
500,0.01,0,2_0_1_1-2_1_1_1,4.24908484891e-06,5.38540467059e-06,1
500,0.01,0,2_0_1_2-2_1_1_2,0.0550224712728,0.064589890429,-1
500,0.01,0,2_0_0_3-2_1_0_3,3.55881602925e-06,2.20910488437e-05,1
800,0.01,1,2_0_1_0-2_1_1_0,1.73202327199e-22,9.18426806304e-23,1
800,0.01,1,2_0_1_3-2_1_1_3,1.86482524564e-20,4.1345963641e-18,1
800,0.01,1,2_0_0_0-2_1_0_0,7.76794514163e-42,2.81784444539e-29,1
800,0.01,1,2_0_0_2-2_1_0_2,2.81072862602e-24,2.17766730046e-19,1
800,0.01,1,2_0_0_1-2_1_0_1,2.32693102982e-41,5.94108238664e-34,1
800,0.01,1,2_0_1_1-2_1_1_1,1.8026404783e-22,1.18158408697e-20,1
800,0.01,1,2_0_1_2-2_1_1_2,7.10959484611e-18,2.60097879621e-13,1
800,0.01,1,2_0_0_3-2_1_0_3,3.80783505014e-16,1.78299574249e-16,1
800,0.01,0,2_0_1_0-2_1_1_0,0.0116138372836,0.0129950814453,-1
800,0.01,0,2_0_1_3-2_1_1_3,0.0347066049992,0.298442883109,-1
800,0.01,0,2_0_0_0-2_1_0_0,0.172212234607,0.203393094467,-1
800,0.01,0,2_0_0_2-2_1_0_2,0.00567868762702,0.000500303159912,1
800,0.01,0,2_0_0_1-2_1_0_1,0.000176199260392,0.00592854921937,1
800,0.01,0,2_0_1_1-2_1_1_1,3.21087725762e-06,1.14688419717e-06,1
800,0.01,0,2_0_1_2-2_1_1_2,0.16575619737,0.428381911492,-1
800,0.01,0,2_0_0_3-2_1_0_3,3.65394263595e-08,2.71028620167e-06,1
1100,0.01,1,2_0_1_0-2_1_1_0,2.4007093092e-27,3.32985345571e-25,1
1100,0.01,1,2_0_1_3-2_1_1_3,5.5129915078e-21,1.3252029751e-15,1
1100,0.01,1,2_0_0_0-2_1_0_0,5.20535548319e-42,1.21628924171e-33,1
1100,0.01,1,2_0_0_2-2_1_0_2,3.13498796091e-26,3.75601749272e-21,1
1100,0.01,1,2_0_0_1-2_1_0_1,8.20267108066e-42,7.93409743144e-28,1
1100,0.01,1,2_0_1_1-2_1_1_1,1.37062790657e-23,8.12399361817e-18,1
1100,0.01,1,2_0_1_2-2_1_1_2,6.34473166484e-17,1.53241126488e-14,1
1100,0.01,1,2_0_0_3-2_1_0_3,3.181278179e-19,3.11008126234e-16,1
1100,0.01,0,2_0_1_0-2_1_1_0,0.00224678672174,0.0147968312832,1
1100,0.01,0,2_0_1_3-2_1_1_3,0.0658833284586,0.0459549184595,-1
1100,0.01,0,2_0_0_0-2_1_0_0,0.203955371772,0.273552530852,-1
1100,0.01,0,2_0_0_2-2_1_0_2,0.00639546447709,0.0188199533407,1
1100,0.01,0,2_0_0_1-2_1_0_1,7.91888574543e-05,0.0033568228019,1
1100,0.01,0,2_0_1_1-2_1_1_1,0.000682419590411,0.000145039822185,1
1100,0.01,0,2_0_1_2-2_1_1_2,0.477430779435,0.578636747704,-1
1100,0.01,0,2_0_0_3-2_1_0_3,2.91951925441e-07,1.286969617e-09,1
1400,0.01,1,2_0_1_0-2_1_1_0,9.90790676307e-27,3.79028337072e-24,1
1400,0.01,1,2_0_1_3-2_1_1_3,4.74540606621e-25,8.37078548108e-20,1
1400,0.01,1,2_0_0_0-2_1_0_0,5.14324170663e-45,3.13078791417e-33,1
1400,0.01,1,2_0_0_2-2_1_0_2,1.95502642747e-31,1.42748034717e-23,1
1400,0.01,1,2_0_0_1-2_1_0_1,5.08841731792e-43,3.15272101654e-33,1
1400,0.01,1,2_0_1_1-2_1_1_1,4.30584227093e-28,7.85970919847e-22,1
1400,0.01,1,2_0_1_2-2_1_1_2,1.16594540043e-21,2.9009887602e-16,1
1400,0.01,1,2_0_0_3-2_1_0_3,8.92856648636e-19,1.71020680828e-13,1
1400,0.01,0,2_0_1_0-2_1_1_0,0.0480624069887,0.0109877463743,-1
1400,0.01,0,2_0_1_3-2_1_1_3,0.306353184864,0.418553430625,-1
1400,0.01,0,2_0_0_0-2_1_0_0,0.200697037308,0.179669923323,-1
1400,0.01,0,2_0_0_2-2_1_0_2,0.00464207084823,0.00537216809501,1
1400,0.01,0,2_0_0_1-2_1_0_1,2.45297728673e-06,0.000102655259707,1
1400,0.01,0,2_0_1_1-2_1_1_1,1.16981663806e-05,2.21725967584e-05,1
1400,0.01,0,2_0_1_2-2_1_1_2,0.505718719613,0.603523365954,-1
1400,0.01,0,2_0_0_3-2_1_0_3,2.56935505751e-09,7.53121260262e-09,1
1700,0.01,1,2_0_1_0-2_1_1_0,3.63814191958e-30,1.38783342568e-22,1
1700,0.01,1,2_0_1_3-2_1_1_3,2.53021888877e-23,6.33957241745e-22,1
1700,0.01,1,2_0_0_0-2_1_0_0,4.71232416044e-49,8.50006366436e-35,1
1700,0.01,1,2_0_0_2-2_1_0_2,7.70222853715e-31,1.55376582511e-25,1
1700,0.01,1,2_0_0_1-2_1_0_1,1.62044147394e-45,2.22963413777e-40,1
1700,0.01,1,2_0_1_1-2_1_1_1,3.08040044739e-28,1.32183245156e-22,1
1700,0.01,1,2_0_1_2-2_1_1_2,5.86558603073e-23,8.45667465324e-14,1
1700,0.01,1,2_0_0_3-2_1_0_3,2.45012073227e-23,2.02216279267e-20,1
1700,0.01,0,2_0_1_0-2_1_1_0,0.0262236316333,0.0441447085547,-1
1700,0.01,0,2_0_1_3-2_1_1_3,0.0620490118867,0.050351900584,-1
1700,0.01,0,2_0_0_0-2_1_0_0,0.160031116664,0.130720413069,-1
1700,0.01,0,2_0_0_2-2_1_0_2,0.00211930867565,0.00523073248406,1
1700,0.01,0,2_0_0_1-2_1_0_1,0.000416451623693,0.000517314663211,1
1700,0.01,0,2_0_1_1-2_1_1_1,0.00178567661289,0.000642744391299,1
1700,0.01,0,2_0_1_2-2_1_1_2,0.278296535698,0.435396410469,-1
1700,0.01,0,2_0_0_3-2_1_0_3,4.01971809275e-06,7.8935522062e-06,1
2000,0.01,1,2_0_1_0-2_1_1_0,1.33266399007e-25,3.76605497231e-22,1
2000,0.01,1,2_0_1_3-2_1_1_3,3.7542951217e-27,7.83050903578e-22,1
2000,0.01,1,2_0_0_0-2_1_0_0,1.09352552442e-45,7.0180448662e-34,1
2000,0.01,1,2_0_0_2-2_1_0_2,2.55475769812e-30,7.29395136342e-26,1
2000,0.01,1,2_0_0_1-2_1_0_1,9.99904242997e-48,2.63156355638e-33,1
2000,0.01,1,2_0_1_1-2_1_1_1,2.19606630074e-30,1.84357608234e-22,1
2000,0.01,1,2_0_1_2-2_1_1_2,1.83778666324e-23,2.76291358086e-16,1
2000,0.01,1,2_0_0_3-2_1_0_3,4.53220913218e-18,2.01800129243e-19,1
2000,0.01,0,2_0_1_0-2_1_1_0,0.000144871404461,0.00049425888091,1
2000,0.01,0,2_0_1_3-2_1_1_3,0.137213771732,0.391179705698,-1
2000,0.01,0,2_0_0_0-2_1_0_0,0.0539242625758,0.311055423455,-1
2000,0.01,0,2_0_0_2-2_1_0_2,0.00505228285767,0.00237609087129,1
2000,0.01,0,2_0_0_1-2_1_0_1,0.00307963622639,0.00116328531808,1
2000,0.01,0,2_0_1_1-2_1_1_1,1.90649537842e-06,5.10426262634e-06,1
2000,0.01,0,2_0_1_2-2_1_1_2,0.146201046657,0.445425050745,-1
2000,0.01,0,2_0_0_3-2_1_0_3,7.39635219335e-05,8.7988144736e-06,1
200,0.01,1,2_0_1_0-2_1_1_0,7.21869169289e-09,2.70153803334e-08,1
200,0.01,1,2_0_1_3-2_1_1_3,1.39673425352e-10,3.44175608728e-09,1
200,0.01,1,2_0_0_0-2_1_0_0,1.1883384874e-21,2.00005697081e-18,1
200,0.01,1,2_0_0_2-2_1_0_2,4.92474627929e-13,6.25618413534e-11,1
200,0.01,1,2_0_0_1-2_1_0_1,3.00620045672e-24,2.27690189662e-24,1
200,0.01,1,2_0_1_1-2_1_1_1,1.36437927439e-10,4.53322748578e-10,1
200,0.01,1,2_0_1_2-2_1_1_2,3.20867886723e-11,2.47055534638e-10,1
200,0.01,1,2_0_0_3-2_1_0_3,1.9301917792e-11,2.76316015334e-10,1
200,0.01,0,2_0_1_0-2_1_1_0,0.433330821696,0.183086674247,-1
200,0.01,0,2_0_1_3-2_1_1_3,0.451091426578,0.41975788701,-1
200,0.01,0,2_0_0_0-2_1_0_0,0.0203995646601,0.0678162850808,-1
200,0.01,0,2_0_0_2-2_1_0_2,0.0749305721894,0.107790409397,-1
200,0.01,0,2_0_0_1-2_1_0_1,0.00588966619898,0.00692622055366,1
200,0.01,0,2_0_1_1-2_1_1_1,0.00139691878353,0.000925783490887,1
200,0.01,0,2_0_1_2-2_1_1_2,0.60083114364,0.663504565721,-1
200,0.01,0,2_0_0_3-2_1_0_3,0.000152545659247,9.08420964025e-05,1
500,0.01,1,2_0_1_0-2_1_1_0,4.6337451767e-19,1.0453369386e-17,1
500,0.01,1,2_0_1_3-2_1_1_3,4.80834253898e-24,1.50953895706e-24,1
500,0.01,1,2_0_0_0-2_1_0_0,7.80042956519e-40,5.30814585787e-36,1
500,0.01,1,2_0_0_2-2_1_0_2,6.72716143758e-26,4.01402530343e-20,1
500,0.01,1,2_0_0_1-2_1_0_1,1.30822918887e-34,5.80238989156e-32,1
500,0.01,1,2_0_1_1-2_1_1_1,1.36231188999e-20,2.15212687242e-17,1
500,0.01,1,2_0_1_2-2_1_1_2,3.52348592817e-13,2.54439407947e-11,1
500,0.01,1,2_0_0_3-2_1_0_3,3.27186290808e-20,8.89011616758e-16,1
500,0.01,0,2_0_1_0-2_1_1_0,0.0109845213586,0.0337285862103,-1
500,0.01,0,2_0_1_3-2_1_1_3,0.211789715649,0.465408487077,-1
500,0.01,0,2_0_0_0-2_1_0_0,0.0566859177106,0.233532231593,-1
500,0.01,0,2_0_0_2-2_1_0_2,0.000492648031681,0.000570995074538,1
500,0.01,0,2_0_0_1-2_1_0_1,8.65887267006e-05,0.000144493364797,1
500,0.01,0,2_0_1_1-2_1_1_1,0.000644915819851,0.000183778161669,1
500,0.01,0,2_0_1_2-2_1_1_2,0.0960809006501,0.0266724928007,-1
500,0.01,0,2_0_0_3-2_1_0_3,2.97000544092e-07,1.15275065129e-06,1
800,0.01,1,2_0_1_0-2_1_1_0,2.3399520608e-24,2.62463386503e-20,1
800,0.01,1,2_0_1_3-2_1_1_3,3.74179309717e-23,6.18679224895e-20,1
800,0.01,1,2_0_0_0-2_1_0_0,3.18020489638e-42,1.68773132603e-28,1
800,0.01,1,2_0_0_2-2_1_0_2,4.54451754066e-26,1.75222502798e-22,1
800,0.01,1,2_0_0_1-2_1_0_1,1.34004126961e-38,2.58479102034e-35,1
800,0.01,1,2_0_1_1-2_1_1_1,3.65985313846e-23,1.06654391603e-21,1
800,0.01,1,2_0_1_2-2_1_1_2,2.17484523211e-17,1.35740883773e-14,1
800,0.01,1,2_0_0_3-2_1_0_3,6.02235919902e-18,2.97504425957e-17,1
800,0.01,0,2_0_1_0-2_1_1_0,0.0222736408589,0.0785328256361,-1
800,0.01,0,2_0_1_3-2_1_1_3,0.131407598265,0.240667944324,-1
800,0.01,0,2_0_0_0-2_1_0_0,0.108693387612,0.0190137162221,-1
800,0.01,0,2_0_0_2-2_1_0_2,0.00498706742183,0.00349966087224,1
800,0.01,0,2_0_0_1-2_1_0_1,5.3883815479e-05,1.71075787629e-06,1
800,0.01,0,2_0_1_1-2_1_1_1,3.92369537448e-06,6.74061860034e-05,1
800,0.01,0,2_0_1_2-2_1_1_2,0.292811745685,0.373671966636,-1
800,0.01,0,2_0_0_3-2_1_0_3,4.63293060823e-07,1.53278172563e-05,1
1100,0.01,1,2_0_1_0-2_1_1_0,2.43329845856e-25,9.41405057221e-26,1
1100,0.01,1,2_0_1_3-2_1_1_3,6.01596585899e-25,4.39345006399e-21,1
1100,0.01,1,2_0_0_0-2_1_0_0,1.10913362157e-43,6.68294797835e-41,1
1100,0.01,1,2_0_0_2-2_1_0_2,2.09091794314e-27,8.71968826911e-23,1
1100,0.01,1,2_0_0_1-2_1_0_1,3.86528625586e-45,6.49903998351e-34,1
1100,0.01,1,2_0_1_1-2_1_1_1,2.00904055522e-25,1.09628979202e-15,1
1100,0.01,1,2_0_1_2-2_1_1_2,6.93584117427e-19,2.30016674049e-15,1
1100,0.01,1,2_0_0_3-2_1_0_3,4.42532982277e-19,1.07030069375e-16,1
1100,0.01,0,2_0_1_0-2_1_1_0,0.0107867004893,0.00424290784253,0
1100,0.01,0,2_0_1_3-2_1_1_3,0.225616421115,0.438420756895,-1
1100,0.01,0,2_0_0_0-2_1_0_0,0.0927670726191,0.0232601343458,-1
1100,0.01,0,2_0_0_2-2_1_0_2,0.00118347610576,0.000367608915106,1
1100,0.01,0,2_0_0_1-2_1_0_1,9.69594396614e-05,0.000703809404573,1
1100,0.01,0,2_0_1_1-2_1_1_1,1.89600330618e-05,3.8668993084e-06,1
1100,0.01,0,2_0_1_2-2_1_1_2,0.0422668371414,0.177587535344,-1
1100,0.01,0,2_0_0_3-2_1_0_3,6.05371882344e-08,1.35074021807e-07,1
1400,0.01,1,2_0_1_0-2_1_1_0,1.2782892496e-27,2.63647037362e-25,1
1400,0.01,1,2_0_1_3-2_1_1_3,5.37206139409e-23,6.79870837381e-18,1
1400,0.01,1,2_0_0_0-2_1_0_0,4.72291171689e-46,1.07383765768e-35,1
1400,0.01,1,2_0_0_2-2_1_0_2,8.89143825688e-34,6.27652158321e-27,1
1400,0.01,1,2_0_0_1-2_1_0_1,2.41131532036e-46,1.24426179234e-35,1
1400,0.01,1,2_0_1_1-2_1_1_1,1.85044546038e-28,1.47258390096e-21,1
1400,0.01,1,2_0_1_2-2_1_1_2,5.18263853851e-18,5.02334900283e-12,1
1400,0.01,1,2_0_0_3-2_1_0_3,7.73877288393e-18,6.26883633171e-14,1
1400,0.01,0,2_0_1_0-2_1_1_0,0.0181636082473,0.0221449710046,-1
1400,0.01,0,2_0_1_3-2_1_1_3,0.104680393122,0.692259298098,-1
1400,0.01,0,2_0_0_0-2_1_0_0,0.00411177127334,0.0638717945874,1
1400,0.01,0,2_0_0_2-2_1_0_2,0.00596408749586,0.014156345309,1
1400,0.01,0,2_0_0_1-2_1_0_1,2.3260959324e-05,0.00113067240267,1
1400,0.01,0,2_0_1_1-2_1_1_1,3.77254165807e-05,1.50427121692e-05,1
1400,0.01,0,2_0_1_2-2_1_1_2,0.226255991898,0.151454566637,-1
1400,0.01,0,2_0_0_3-2_1_0_3,1.44075014583e-07,1.03680549873e-07,1
1700,0.01,1,2_0_1_0-2_1_1_0,7.03345143499e-26,6.63891746459e-23,1
1700,0.01,1,2_0_1_3-2_1_1_3,2.23427442865e-21,7.60413157397e-16,1
1700,0.01,1,2_0_0_0-2_1_0_0,4.90913426901e-44,5.25854466282e-38,1
1700,0.01,1,2_0_0_2-2_1_0_2,2.55475769812e-30,1.08771448304e-23,1
1700,0.01,1,2_0_0_1-2_1_0_1,5.49986611015e-44,2.80943752762e-35,1
1700,0.01,1,2_0_1_1-2_1_1_1,7.13927854405e-30,3.1972894429e-23,1
1700,0.01,1,2_0_1_2-2_1_1_2,2.22651289966e-22,3.88440190826e-15,1
1700,0.01,1,2_0_0_3-2_1_0_3,1.2985598634e-24,2.76150199593e-17,1
1700,0.01,0,2_0_1_0-2_1_1_0,0.018793009548,0.019253476233,-1
1700,0.01,0,2_0_1_3-2_1_1_3,0.538855983747,0.874473490996,-1
1700,0.01,0,2_0_0_0-2_1_0_0,0.123052366389,0.20925185837,-1
1700,0.01,0,2_0_0_2-2_1_0_2,0.00154443705306,0.0228741035682,1
1700,0.01,0,2_0_0_1-2_1_0_1,4.82423658221e-05,0.0208410325664,1
1700,0.01,0,2_0_1_1-2_1_1_1,0.000161260962872,8.56381778624e-05,1
1700,0.01,0,2_0_1_2-2_1_1_2,0.256251593406,0.332267401154,-1
1700,0.01,0,2_0_0_3-2_1_0_3,1.1726811602e-07,2.2213511257e-10,1
2000,0.01,1,2_0_1_0-2_1_1_0,1.86082469757e-27,2.822988565e-23,1
2000,0.01,1,2_0_1_3-2_1_1_3,5.23601961312e-29,1.62274840631e-22,1
2000,0.01,1,2_0_0_0-2_1_0_0,2.11335065638e-52,3.2999572001e-38,1
2000,0.01,1,2_0_0_2-2_1_0_2,2.73501196572e-31,7.93125861306e-23,1
2000,0.01,1,2_0_0_1-2_1_0_1,4.8459151911e-47,8.6200512583e-41,1
2000,0.01,1,2_0_1_1-2_1_1_1,1.56410849341e-30,2.73848652591e-23,1
2000,0.01,1,2_0_1_2-2_1_1_2,7.03208656155e-18,1.5856372884e-12,1
2000,0.01,1,2_0_0_3-2_1_0_3,3.16414533297e-22,8.93907060105e-18,1
2000,0.01,0,2_0_1_0-2_1_1_0,0.00102195585927,0.00184650355034,1
2000,0.01,0,2_0_1_3-2_1_1_3,0.4746164331,0.317030844039,-1
2000,0.01,0,2_0_0_0-2_1_0_0,0.391101292538,0.38377885033,-1
2000,0.01,0,2_0_0_2-2_1_0_2,0.0247089811634,0.00296487762082,0
2000,0.01,0,2_0_0_1-2_1_0_1,0.00265407603957,0.000196256264407,1
2000,0.01,0,2_0_1_1-2_1_1_1,8.91641636246e-05,1.15782885511e-05,1
2000,0.01,0,2_0_1_2-2_1_1_2,0.573446512948,0.18248416514,-1
2000,0.01,0,2_0_0_3-2_1_0_3,1.33065548446e-06,3.99567679976e-06,1
200,0.01,1,2_0_1_0-2_1_1_0,2.82150019293e-10,1.96160142254e-09,1
200,0.01,1,2_0_1_3-2_1_1_3,1.16745733298e-13,7.26061195441e-13,1
200,0.01,1,2_0_0_0-2_1_0_0,5.49923586384e-24,1.27846749692e-21,1
200,0.01,1,2_0_0_2-2_1_0_2,2.01105194634e-12,3.22394712493e-12,1
200,0.01,1,2_0_0_1-2_1_0_1,1.13243352736e-17,3.63247171872e-18,1
200,0.01,1,2_0_1_1-2_1_1_1,3.25309412548e-11,1.04491225541e-10,1
200,0.01,1,2_0_1_2-2_1_1_2,9.81184051704e-09,7.99312506904e-08,1
200,0.01,1,2_0_0_3-2_1_0_3,5.95859319921e-12,8.45955426279e-12,1
200,0.01,0,2_0_1_0-2_1_1_0,0.232671348646,0.0553545255994,-1
200,0.01,0,2_0_1_3-2_1_1_3,0.629230632628,0.67424594354,-1
200,0.01,0,2_0_0_0-2_1_0_0,0.135736514957,0.0803886950357,-1
200,0.01,0,2_0_0_2-2_1_0_2,0.000615797062196,0.0014677059547,1
200,0.01,0,2_0_0_1-2_1_0_1,0.00507660489186,0.0123826563861,1
200,0.01,0,2_0_1_1-2_1_1_1,0.0116750468654,0.0144417743783,-1
200,0.01,0,2_0_1_2-2_1_1_2,0.214389644405,0.23772628914,-1
200,0.01,0,2_0_0_3-2_1_0_3,0.000320210747857,0.00131800103625,1
500,0.01,1,2_0_1_0-2_1_1_0,1.98591003852e-20,1.23177090531e-18,1
500,0.01,1,2_0_1_3-2_1_1_3,1.81786301133e-17,6.54121575022e-13,1
500,0.01,1,2_0_0_0-2_1_0_0,1.05709303227e-36,3.4705847022e-29,1
500,0.01,1,2_0_0_2-2_1_0_2,1.18409478193e-23,4.25174218224e-18,1
500,0.01,1,2_0_0_1-2_1_0_1,3.37227165812e-35,2.22688720481e-32,1
500,0.01,1,2_0_1_1-2_1_1_1,1.33534059346e-25,4.39671827117e-23,1
500,0.01,1,2_0_1_2-2_1_1_2,6.85997813007e-17,1.96015002237e-12,1
500,0.01,1,2_0_0_3-2_1_0_3,5.80304855129e-12,2.30599248842e-07,1
500,0.01,0,2_0_1_0-2_1_1_0,0.00143986151157,0.0199348321461,1
500,0.01,0,2_0_1_3-2_1_1_3,0.0691013568855,0.144758552609,-1
500,0.01,0,2_0_0_0-2_1_0_0,0.172921022425,0.290569969459,-1
500,0.01,0,2_0_0_2-2_1_0_2,0.0104838158534,0.0193687357213,-1
500,0.01,0,2_0_0_1-2_1_0_1,0.00549185939648,0.0278737221131,1
500,0.01,0,2_0_1_1-2_1_1_1,0.000475768543664,0.000299482473,1
500,0.01,0,2_0_1_2-2_1_1_2,0.00453681526467,0.0624783919715,1
500,0.01,0,2_0_0_3-2_1_0_3,1.57933826474e-06,1.08248561485e-06,1
800,0.01,1,2_0_1_0-2_1_1_0,1.63280701378e-20,2.30008774601e-20,1
800,0.01,1,2_0_1_3-2_1_1_3,2.18877101204e-21,7.78336353376e-17,1
800,0.01,1,2_0_0_0-2_1_0_0,4.83284293602e-39,1.24212747747e-28,1
800,0.01,1,2_0_0_2-2_1_0_2,2.30019789944e-28,4.61235035467e-22,1
800,0.01,1,2_0_0_1-2_1_0_1,3.46269240954e-39,5.93426177876e-34,1
800,0.01,1,2_0_1_1-2_1_1_1,3.48552663009e-22,3.58458733677e-19,1
800,0.01,1,2_0_1_2-2_1_1_2,7.03969711316e-18,4.79744525532e-16,1
800,0.01,1,2_0_0_3-2_1_0_3,8.79163567394e-15,2.51629830807e-14,1
800,0.01,0,2_0_1_0-2_1_1_0,0.0443665056864,0.106293123523,-1
800,0.01,0,2_0_1_3-2_1_1_3,0.440376496994,0.63432585144,-1
800,0.01,0,2_0_0_0-2_1_0_0,0.137213771732,0.0480828328861,-1
800,0.01,0,2_0_0_2-2_1_0_2,0.00332565530837,0.00713978918735,1
800,0.01,0,2_0_0_1-2_1_0_1,0.000470680765237,0.000490384480525,1
800,0.01,0,2_0_1_1-2_1_1_1,1.56334595235e-05,1.87144494533e-06,1
800,0.01,0,2_0_1_2-2_1_1_2,0.211835739089,0.314196201866,-1
800,0.01,0,2_0_0_3-2_1_0_3,6.15887074655e-09,3.89231609449e-08,1
1100,0.01,1,2_0_1_0-2_1_1_0,9.90791860611e-22,1.2906783896e-17,1
1100,0.01,1,2_0_1_3-2_1_1_3,6.05735616062e-27,1.47796480078e-21,1
1100,0.01,1,2_0_0_0-2_1_0_0,7.46916568581e-41,8.98630253109e-34,1
1100,0.01,1,2_0_0_2-2_1_0_2,9.92543971049e-30,6.02116168348e-23,1
1100,0.01,1,2_0_0_1-2_1_0_1,1.22134880978e-46,1.2763876269e-36,1
1100,0.01,1,2_0_1_1-2_1_1_1,4.7700074241e-22,9.97299441286e-17,1
1100,0.01,1,2_0_1_2-2_1_1_2,4.02796310385e-18,7.63951114216e-17,1
1100,0.01,1,2_0_0_3-2_1_0_3,1.8462073011e-17,5.4694869583e-16,1
1100,0.01,0,2_0_1_0-2_1_1_0,0.00254519761599,0.021457371221,1
1100,0.01,0,2_0_1_3-2_1_1_3,0.33010794051,0.747328677428,-1
1100,0.01,0,2_0_0_0-2_1_0_0,0.16276732394,0.256933974981,-1
1100,0.01,0,2_0_0_2-2_1_0_2,0.0135643885451,0.00155765159899,0
1100,0.01,0,2_0_0_1-2_1_0_1,6.49352086996e-06,8.96477456785e-05,1
1100,0.01,0,2_0_1_1-2_1_1_1,9.30991337584e-06,1.17580382584e-05,1
1100,0.01,0,2_0_1_2-2_1_1_2,0.569353579815,0.701372337403,-1
1100,0.01,0,2_0_0_3-2_1_0_3,6.32760349661e-08,5.89515296126e-06,1
1400,0.01,1,2_0_1_0-2_1_1_0,6.23763130789e-26,3.27008744088e-19,1
1400,0.01,1,2_0_1_3-2_1_1_3,2.00497412678e-24,5.06634502537e-19,1
1400,0.01,1,2_0_0_0-2_1_0_0,3.2446936829e-44,2.80335102519e-34,1
1400,0.01,1,2_0_0_2-2_1_0_2,3.14058425202e-29,3.26592231376e-25,1
1400,0.01,1,2_0_0_1-2_1_0_1,2.41131532036e-46,1.78283405444e-35,1
1400,0.01,1,2_0_1_1-2_1_1_1,8.33144821555e-27,1.11552827458e-22,1
1400,0.01,1,2_0_1_2-2_1_1_2,3.79033731971e-18,1.79048366288e-12,1
1400,0.01,1,2_0_0_3-2_1_0_3,2.96753807392e-16,1.62814744158e-12,1
1400,0.01,0,2_0_1_0-2_1_1_0,0.00757238198773,0.0143564601308,1
1400,0.01,0,2_0_1_3-2_1_1_3,0.433415916707,0.843503582538,-1
1400,0.01,0,2_0_0_0-2_1_0_0,0.00654600055105,0.0240741786616,1
1400,0.01,0,2_0_0_2-2_1_0_2,0.000361106931506,0.000312322147519,1
1400,0.01,0,2_0_0_1-2_1_0_1,1.1936732832e-05,3.0055720865e-05,1
1400,0.01,0,2_0_1_1-2_1_1_1,0.000757157083795,0.000537619828944,1
1400,0.01,0,2_0_1_2-2_1_1_2,0.191391769114,0.618175515693,-1
1400,0.01,0,2_0_0_3-2_1_0_3,3.40850616101e-07,2.47100719044e-08,1
1700,0.01,1,2_0_1_0-2_1_1_0,8.10077572976e-28,2.15390789526e-22,1
1700,0.01,1,2_0_1_3-2_1_1_3,2.16028909584e-23,7.47864930458e-18,1
1700,0.01,1,2_0_0_0-2_1_0_0,1.02909486175e-44,7.52557358842e-33,1
1700,0.01,1,2_0_0_2-2_1_0_2,1.48583168127e-29,7.77406746352e-22,1
1700,0.01,1,2_0_0_1-2_1_0_1,2.63993833372e-43,5.87014052832e-40,1
1700,0.01,1,2_0_1_1-2_1_1_1,1.32210158417e-27,1.19394883917e-19,1
1700,0.01,1,2_0_1_2-2_1_1_2,4.19426713674e-20,3.79049885361e-15,1
1700,0.01,1,2_0_0_3-2_1_0_3,2.25313951271e-20,8.90106449446e-17,1
1700,0.01,0,2_0_1_0-2_1_1_0,0.00303322261582,0.00491395210618,1
1700,0.01,0,2_0_1_3-2_1_1_3,0.0417033612441,0.20270785914,-1
1700,0.01,0,2_0_0_0-2_1_0_0,0.275826474347,0.047717432756,-1
1700,0.01,0,2_0_0_2-2_1_0_2,0.000544411100803,0.000623608744915,1
1700,0.01,0,2_0_0_1-2_1_0_1,7.9798145669e-06,0.000684797209419,1
1700,0.01,0,2_0_1_1-2_1_1_1,8.13858809337e-06,2.04889145435e-06,1
1700,0.01,0,2_0_1_2-2_1_1_2,0.205611249687,0.165136044657,-1
1700,0.01,0,2_0_0_3-2_1_0_3,7.83360752969e-08,4.19895015548e-09,1
2000,0.01,1,2_0_1_0-2_1_1_0,1.72559521793e-25,4.43324996489e-22,1
2000,0.01,1,2_0_1_3-2_1_1_3,9.62782103078e-25,7.38544236977e-19,1
2000,0.01,1,2_0_0_0-2_1_0_0,2.39361692916e-43,2.56843243293e-28,1
2000,0.01,1,2_0_0_2-2_1_0_2,2.17026878277e-31,3.14743727235e-22,1
2000,0.01,1,2_0_0_1-2_1_0_1,2.37459496474e-46,2.01897972242e-34,1
2000,0.01,1,2_0_1_1-2_1_1_1,2.97558742271e-27,5.78889840742e-19,1
2000,0.01,1,2_0_1_2-2_1_1_2,1.79484412836e-20,6.71776617699e-17,1
2000,0.01,1,2_0_0_3-2_1_0_3,3.16414533297e-22,1.39117651372e-18,1
2000,0.01,0,2_0_1_0-2_1_1_0,0.023019548491,0.0445898381306,-1
2000,0.01,0,2_0_1_3-2_1_1_3,0.215911800889,0.221166263126,-1
2000,0.01,0,2_0_0_0-2_1_0_0,0.259490673463,0.544494122718,-1
2000,0.01,0,2_0_0_2-2_1_0_2,0.0102172543483,0.00400359609788,0
2000,0.01,0,2_0_0_1-2_1_0_1,9.36814587474e-05,0.000558381965063,1
2000,0.01,0,2_0_1_1-2_1_1_1,0.000782888467965,2.22880601897e-05,1
2000,0.01,0,2_0_1_2-2_1_1_2,0.195564566691,0.0862337063021,-1
2000,0.01,0,2_0_0_3-2_1_0_3,6.120328913e-07,3.6009291973e-08,1
200,0.01,1,2_0_1_0-2_1_1_0,7.02392962381e-14,1.12201068604e-12,1
200,0.01,1,2_0_1_3-2_1_1_3,3.51590988661e-12,6.14251924203e-12,1
200,0.01,1,2_0_0_0-2_1_0_0,8.28662299535e-21,8.39063863617e-18,1
200,0.01,1,2_0_0_2-2_1_0_2,2.21599713554e-11,2.0027974218e-10,1
200,0.01,1,2_0_0_1-2_1_0_1,6.55021254511e-25,1.76583738282e-24,1
200,0.01,1,2_0_1_1-2_1_1_1,3.69546734079e-16,1.91957508573e-16,1
200,0.01,1,2_0_1_2-2_1_1_2,6.71494301878e-11,2.33434333425e-11,1
200,0.01,1,2_0_0_3-2_1_0_3,6.7241231681e-12,1.91888122383e-12,1
200,0.01,0,2_0_1_0-2_1_1_0,0.18561426129,0.12187220831,-1
200,0.01,0,2_0_1_3-2_1_1_3,0.632375989944,0.759164438477,-1
200,0.01,0,2_0_0_0-2_1_0_0,0.156063084779,0.326863857559,-1
200,0.01,0,2_0_0_2-2_1_0_2,0.0767457006903,0.120254542095,-1
200,0.01,0,2_0_0_1-2_1_0_1,0.00881864873364,0.00932989491049,1
200,0.01,0,2_0_1_1-2_1_1_1,0.0274616422782,0.0415824693375,-1
200,0.01,0,2_0_1_2-2_1_1_2,0.96774335697,0.964244721423,-1
200,0.01,0,2_0_0_3-2_1_0_3,3.33385721472e-06,5.63637695598e-06,1
500,0.01,1,2_0_1_0-2_1_1_0,1.18409478193e-23,5.20231221764e-22,1
500,0.01,1,2_0_1_3-2_1_1_3,3.63259198718e-19,1.12928457955e-15,1
500,0.01,1,2_0_0_0-2_1_0_0,8.17684128221e-34,6.49037651878e-28,1
500,0.01,1,2_0_0_2-2_1_0_2,2.68307735512e-23,3.44532284796e-18,1
500,0.01,1,2_0_0_1-2_1_0_1,1.2272588561e-33,2.1012675848e-27,1
500,0.01,1,2_0_1_1-2_1_1_1,4.13197306993e-22,3.3104253226e-19,1
500,0.01,1,2_0_1_2-2_1_1_2,1.86505593279e-16,1.1022591177e-15,1
500,0.01,1,2_0_0_3-2_1_0_3,3.74616879212e-16,3.93202061696e-12,1
500,0.01,0,2_0_1_0-2_1_1_0,0.3876768752,0.282658318385,-1
500,0.01,0,2_0_1_3-2_1_1_3,0.36266123997,0.909099816734,-1
500,0.01,0,2_0_0_0-2_1_0_0,0.0719387104082,0.247902804635,-1
500,0.01,0,2_0_0_2-2_1_0_2,0.00386513431056,0.0141821256798,1
500,0.01,0,2_0_0_1-2_1_0_1,0.00244769442011,0.00191754024321,1
500,0.01,0,2_0_1_1-2_1_1_1,2.12936152212e-05,0.000458895706975,1
500,0.01,0,2_0_1_2-2_1_1_2,0.282358332126,0.0881227844144,-1
500,0.01,0,2_0_0_3-2_1_0_3,2.82861843289e-07,2.09571217294e-07,1
800,0.01,1,2_0_1_0-2_1_1_0,2.34056922445e-24,1.18851283918e-25,1
800,0.01,1,2_0_1_3-2_1_1_3,1.21520052628e-22,3.22868852824e-18,1
800,0.01,1,2_0_0_0-2_1_0_0,3.7453720133e-35,1.59270093826e-26,1
800,0.01,1,2_0_0_2-2_1_0_2,2.99030590055e-24,5.73570269807e-22,1
800,0.01,1,2_0_0_1-2_1_0_1,2.37707758729e-39,1.8138918227e-31,1
800,0.01,1,2_0_1_1-2_1_1_1,1.13689750438e-24,3.97453218607e-19,1
800,0.01,1,2_0_1_2-2_1_1_2,7.78642219023e-15,2.10461429863e-10,1
800,0.01,1,2_0_0_3-2_1_0_3,1.07415249225e-19,1.89368367046e-16,1
800,0.01,0,2_0_1_0-2_1_1_0,0.00173215039936,0.000608255645096,1
800,0.01,0,2_0_1_3-2_1_1_3,0.444576079451,0.516510243178,-1
800,0.01,0,2_0_0_0-2_1_0_0,0.0888551534751,0.168918548925,-1
800,0.01,0,2_0_0_2-2_1_0_2,0.00018234559072,0.00481465073731,1
800,0.01,0,2_0_0_1-2_1_0_1,0.00301349743191,0.0106383318539,1
800,0.01,0,2_0_1_1-2_1_1_1,7.61005132093e-05,3.94150791332e-05,1
800,0.01,0,2_0_1_2-2_1_1_2,0.708078554915,0.709055380751,-1
800,0.01,0,2_0_0_3-2_1_0_3,1.52295220814e-07,5.05827179904e-06,1
1100,0.01,1,2_0_1_0-2_1_1_0,9.36515448756e-29,1.41962337722e-23,1
1100,0.01,1,2_0_1_3-2_1_1_3,1.53955130963e-24,3.89554694449e-17,1
1100,0.01,1,2_0_0_0-2_1_0_0,5.31726642669e-43,1.20341096118e-30,1
1100,0.01,1,2_0_0_2-2_1_0_2,5.35429504377e-26,2.11563926819e-24,1
1100,0.01,1,2_0_0_1-2_1_0_1,7.76060006235e-44,1.54172606939e-38,1
1100,0.01,1,2_0_1_1-2_1_1_1,3.69047553131e-24,2.12310175967e-18,1
1100,0.01,1,2_0_1_2-2_1_1_2,3.15297590587e-15,1.59953902168e-13,1
1100,0.01,1,2_0_0_3-2_1_0_3,7.7377579127e-17,2.31393473461e-16,1
1100,0.01,0,2_0_1_0-2_1_1_0,0.0270699335739,0.0219428341879,-1
1100,0.01,0,2_0_1_3-2_1_1_3,0.373359127647,0.690857680665,-1
1100,0.01,0,2_0_0_0-2_1_0_0,0.0959184999898,0.20566355222,-1
1100,0.01,0,2_0_0_2-2_1_0_2,0.00282509495165,0.00135406558592,1
1100,0.01,0,2_0_0_1-2_1_0_1,2.25002107424e-06,6.88759915493e-05,1
1100,0.01,0,2_0_1_1-2_1_1_1,1.89600330618e-05,9.7209407062e-06,1
1100,0.01,0,2_0_1_2-2_1_1_2,0.305097815649,0.301359134669,-1
1100,0.01,0,2_0_0_3-2_1_0_3,2.02104768851e-08,1.44006573946e-06,1
1400,0.01,1,2_0_1_0-2_1_1_0,2.19305068554e-32,1.29894675776e-23,1
1400,0.01,1,2_0_1_3-2_1_1_3,1.89985244827e-24,1.19136672259e-20,1
1400,0.01,1,2_0_0_0-2_1_0_0,2.14651181061e-46,2.3082985389e-37,1
1400,0.01,1,2_0_0_2-2_1_0_2,1.70556913803e-33,5.77031300804e-29,1
1400,0.01,1,2_0_0_1-2_1_0_1,1.74097646184e-43,3.62106429848e-36,1
1400,0.01,1,2_0_1_1-2_1_1_1,4.2313677141e-26,1.05106469519e-21,1
1400,0.01,1,2_0_1_2-2_1_1_2,1.44648815976e-18,9.81507639955e-12,1
1400,0.01,1,2_0_0_3-2_1_0_3,5.20391136049e-18,1.21608321375e-16,1
1400,0.01,0,2_0_1_0-2_1_1_0,0.00381347691321,0.00233353787494,1
1400,0.01,0,2_0_1_3-2_1_1_3,0.190309044147,0.359942163265,-1
1400,0.01,0,2_0_0_0-2_1_0_0,0.214861958489,0.338081271955,-1
1400,0.01,0,2_0_0_2-2_1_0_2,0.0111524154055,0.00485510516069,0
1400,0.01,0,2_0_0_1-2_1_0_1,2.07997815791e-06,0.000291952475206,1
1400,0.01,0,2_0_1_1-2_1_1_1,6.28351342107e-05,5.70524821149e-05,1
1400,0.01,0,2_0_1_2-2_1_1_2,0.333208248875,0.353791413268,-1
1400,0.01,0,2_0_0_3-2_1_0_3,5.5954386136e-07,1.57381568687e-07,1
1700,0.01,1,2_0_1_0-2_1_1_0,2.73779182339e-27,2.6268171033e-23,1
1700,0.01,1,2_0_1_3-2_1_1_3,2.98426595016e-24,1.70029886658e-19,1
1700,0.01,1,2_0_0_0-2_1_0_0,7.54794925412e-49,3.96478557996e-36,1
1700,0.01,1,2_0_0_2-2_1_0_2,3.03204710293e-31,2.88497125331e-23,1
1700,0.01,1,2_0_0_1-2_1_0_1,1.10554370282e-44,1.38729296127e-36,1
1700,0.01,1,2_0_1_1-2_1_1_1,3.72343844015e-25,3.54215697521e-21,1
1700,0.01,1,2_0_1_2-2_1_1_2,2.33588208168e-19,4.08188989342e-15,1
1700,0.01,1,2_0_0_3-2_1_0_3,3.02840743345e-17,1.30408209008e-14,1
1700,0.01,0,2_0_1_0-2_1_1_0,0.00868815474656,0.0101282029368,1
1700,0.01,0,2_0_1_3-2_1_1_3,0.111884177568,0.322080729657,-1
1700,0.01,0,2_0_0_0-2_1_0_0,0.119025240167,0.271926843418,-1
1700,0.01,0,2_0_0_2-2_1_0_2,0.00608773096965,0.00392941526102,1
1700,0.01,0,2_0_0_1-2_1_0_1,0.00042419059878,0.00235820670226,1
1700,0.01,0,2_0_1_1-2_1_1_1,1.92215843748e-05,6.30559858616e-06,1
1700,0.01,0,2_0_1_2-2_1_1_2,0.399042643105,0.395879626152,-1
1700,0.01,0,2_0_0_3-2_1_0_3,3.45643461216e-06,8.2168194911e-07,1
2000,0.01,1,2_0_1_0-2_1_1_0,1.55993774617e-31,3.41469101925e-25,1
2000,0.01,1,2_0_1_3-2_1_1_3,7.66164550752e-26,1.30534301066e-21,1
2000,0.01,1,2_0_0_0-2_1_0_0,1.57199342536e-48,2.83804629747e-40,1
2000,0.01,1,2_0_0_2-2_1_0_2,1.45407624131e-28,1.37402903553e-23,1
2000,0.01,1,2_0_0_1-2_1_0_1,2.12766895849e-49,1.64738974489e-35,1
2000,0.01,1,2_0_1_1-2_1_1_1,7.57929769158e-25,1.01460517207e-19,1
2000,0.01,1,2_0_1_2-2_1_1_2,6.15858782498e-22,1.09683685251e-13,1
2000,0.01,1,2_0_0_3-2_1_0_3,1.01061298729e-21,2.05418563127e-17,1
2000,0.01,0,2_0_1_0-2_1_1_0,0.0467781914163,0.0254089583999,-1
2000,0.01,0,2_0_1_3-2_1_1_3,0.112679367603,0.132013137641,-1
2000,0.01,0,2_0_0_0-2_1_0_0,0.137688774597,0.111912277322,-1
2000,0.01,0,2_0_0_2-2_1_0_2,0.00863387761751,0.0198516745796,1
2000,0.01,0,2_0_0_1-2_1_0_1,0.00231373647199,0.000205127360099,1
2000,0.01,0,2_0_1_1-2_1_1_1,9.84269685824e-05,2.01565798588e-06,1
2000,0.01,0,2_0_1_2-2_1_1_2,0.389905934505,0.686113238176,-1
2000,0.01,0,2_0_0_3-2_1_0_3,1.58948103547e-06,3.34421457034e-07,1
