#flows,iteration,time,epsilon,r_threshold,is_correlated,key,count_chern,byte_chern,pred,true
400,0,0.987848520279,0.0001,0.01,1,s4-s5,1.2881710812e-09,3.58774930245e-22,1,1
400,0,0.987848520279,0.0001,0.01,1,s3-s6,1.06708369282e-13,7.06402222671e-48,1,1
400,0,0.987848520279,0.0001,0.01,1,s5-s6,8.50126497451e-14,2.92026245403e-06,1,1
400,0,0.987848520279,0.0001,0.01,1,s3-s4,4.21032994939e-08,3.98433854797e-06,1,1
400,0,1.03410196304,0.0001,0.01,0,s4-s5,0.0019236115671,1.18026053662e-11,0,0
400,0,1.03410196304,0.0001,0.01,0,s3-s6,0.443108999293,7.34787946909e-20,0,0
400,0,1.03410196304,0.0001,0.01,0,s5-s6,0.139605404,4.04508545434e-11,0,0
400,0,1.03410196304,0.0001,0.01,0,s3-s4,0.105327149284,2.26121400045e-14,0,0
400,0,0.874661922455,0.0001,0.01,-1,s4-s5,0.317916570646,0.167415943015,-1,-1
400,0,0.874661922455,0.0001,0.01,-1,s3-s6,0.0564665121955,0.190741993811,-1,-1
400,0,0.874661922455,0.0001,0.01,-1,s5-s6,0.0402488485228,0.0132322440253,-1,-1
400,0,0.874661922455,0.0001,0.01,-1,s3-s4,0.131691205893,0.0248586074812,-1,-1
400,0,0.91700553894,0.0005,0.01,1,s4-s5,1.64390860409e-09,1.53430552246e-18,1,1
400,0,0.91700553894,0.0005,0.01,1,s3-s6,2.82740707263e-09,1.16152805906e-24,1,1
400,0,0.91700553894,0.0005,0.01,1,s5-s6,2.29412920577e-10,1.18114680278e-07,1,1
400,0,0.91700553894,0.0005,0.01,1,s3-s4,3.76342933858e-19,1.28568853354e-06,1,1
400,0,0.997376203537,0.0005,0.01,0,s4-s5,0.368776976286,3.36112415134e-16,0,0
400,0,0.997376203537,0.0005,0.01,0,s3-s6,0.0276257900527,2.29458754408e-35,0,0
400,0,0.997376203537,0.0005,0.01,0,s5-s6,0.0558643975861,1.78120423158e-17,0,0
400,0,0.997376203537,0.0005,0.01,0,s3-s4,0.118526739441,3.06884780971e-06,0,0
400,0,0.899154901505,0.0005,0.01,-1,s4-s5,0.271869340475,0.000112723141409,0,-1
400,0,0.899154901505,0.0005,0.01,-1,s3-s6,0.25881793942,0.00836462237431,-1,-1
400,0,0.899154901505,0.0005,0.01,-1,s5-s6,0.108917027933,0.0221845315506,-1,-1
400,0,0.899154901505,0.0005,0.01,-1,s3-s4,0.0471891959943,0.0175318143667,-1,-1
400,0,0.90833568573,0.001,0.01,1,s4-s5,6.3579617108e-13,7.77286189325e-48,1,1
400,0,0.90833568573,0.001,0.01,1,s3-s6,9.88126854534e-05,7.98588327073e-24,1,1
400,0,0.90833568573,0.001,0.01,1,s5-s6,3.38666573807e-10,1.21928993249e-08,1,1
400,0,0.90833568573,0.001,0.01,1,s3-s4,7.54328788457e-09,6.1723693685e-06,1,1
400,0,0.837104558945,0.001,0.01,0,s4-s5,0.0131890819281,3.398288649e-38,0,0
400,0,0.837104558945,0.001,0.01,0,s3-s6,0.63259269842,2.56377411377e-16,0,0
400,0,0.837104558945,0.001,0.01,0,s5-s6,0.0270772867274,7.54798196805e-09,0,0
400,0,0.837104558945,0.001,0.01,0,s3-s4,0.0573366429203,2.02595498813e-09,0,0
400,0,0.792370796204,0.001,0.01,-1,s4-s5,0.291038737797,0.0123585977608,-1,-1
400,0,0.792370796204,0.001,0.01,-1,s3-s6,0.174890871168,0.0119020389625,-1,-1
400,0,0.792370796204,0.001,0.01,-1,s5-s6,0.271869340475,0.191298552728,-1,-1
400,0,0.792370796204,0.001,0.01,-1,s3-s4,0.0628573103227,0.000775138689595,0,-1
400,0,0.847535133362,0.005,0.01,1,s4-s5,1.1194709296e-08,3.78784971031e-31,1,1
400,0,0.847535133362,0.005,0.01,1,s3-s6,3.64620554112e-08,8.22100690548e-40,1,1
400,0,0.847535133362,0.005,0.01,1,s5-s6,5.39567050809e-10,4.4951027221e-06,1,1
400,0,0.847535133362,0.005,0.01,1,s3-s4,4.94680856541e-14,3.244675674e-09,1,1
400,0,0.866505861282,0.005,0.01,0,s4-s5,0.317916570646,7.75327111141e-10,0,0
400,0,0.866505861282,0.005,0.01,0,s3-s6,0.0104598749736,5.9299551536e-14,0,0
400,0,0.866505861282,0.005,0.01,0,s5-s6,0.133293335235,5.6029105635e-26,0,0
400,0,0.866505861282,0.005,0.01,0,s3-s4,0.0139134171757,1.09149226337e-26,0,0
400,0,0.909133911133,0.005,0.01,-1,s4-s5,0.0726932282028,0.165841263103,-1,-1
400,0,0.909133911133,0.005,0.01,-1,s3-s6,0.123828296131,0.0070849221888,-1,-1
400,0,0.909133911133,0.005,0.01,-1,s5-s6,0.181200230223,0.520459709238,-1,-1
400,0,0.909133911133,0.005,0.01,-1,s3-s4,0.0445279584219,0.00637861917751,-1,-1
400,0,0.886678218842,0.01,0.01,1,s4-s5,4.56280467538e-08,3.20861755195e-25,1,1
400,0,0.886678218842,0.01,0.01,1,s3-s6,3.18392127375e-09,1.08533579691e-19,1,1
400,0,0.886678218842,0.01,0.01,1,s5-s6,3.1454879861e-09,1.25857606243e-06,1,1
400,0,0.886678218842,0.01,0.01,1,s3-s4,6.61654000877e-08,1.33957707662e-06,1,1
400,0,0.79571223259,0.01,0.01,0,s4-s5,0.161786060809,2.24150235386e-10,0,0
400,0,0.79571223259,0.01,0.01,0,s3-s6,0.106580197075,9.23919322658e-27,0,0
400,0,0.79571223259,0.01,0.01,0,s5-s6,0.424637903702,1.25888564737e-37,0,0
400,0,0.79571223259,0.01,0.01,0,s3-s4,0.275545230021,6.36415175752e-26,0,0
400,0,0.83842754364,0.01,0.01,-1,s4-s5,0.0475589832646,5.84155506842e-07,0,-1
400,0,0.83842754364,0.01,0.01,-1,s3-s6,0.161786060809,0.00717739241963,0,-1
400,0,0.83842754364,0.01,0.01,-1,s5-s6,0.0811711088758,4.03002363759e-05,0,-1
400,0,0.83842754364,0.01,0.01,-1,s3-s4,0.133796406843,1.32365560775e-07,0,-1
400,0,0.877836227417,0.05,0.01,1,s4-s5,1.92886144406e-06,7.06254560382e-26,1,1
400,0,0.877836227417,0.05,0.01,1,s3-s6,1.07875258213e-12,1.88918596853e-20,1,1
400,0,0.877836227417,0.05,0.01,1,s5-s6,2.18704415617e-08,3.09382531305e-06,1,1
400,0,0.877836227417,0.05,0.01,1,s3-s4,3.64060040754e-11,4.70928646249e-08,1,1
400,0,0.909136295319,0.05,0.01,0,s4-s5,0.0182273858033,2.25090030622e-28,0,0
400,0,0.909136295319,0.05,0.01,0,s3-s6,0.109695686311,2.40097838176e-14,0,0
400,0,0.909136295319,0.05,0.01,0,s5-s6,0.0212096408854,1.43855676549e-11,0,0
400,0,0.909136295319,0.05,0.01,0,s3-s4,0.022922015692,7.47656705774e-25,0,0
400,0,0.803967952728,0.05,0.01,-1,s4-s5,0.0686878639665,0.135751428109,-1,-1
400,0,0.803967952728,0.05,0.01,-1,s3-s6,0.065844391506,0.0266755497488,0,-1
400,0,0.803967952728,0.05,0.01,-1,s5-s6,0.0053305105124,7.06445258001e-05,0,-1
400,0,0.803967952728,0.05,0.01,-1,s3-s4,0.0199438030334,0.270200927727,-1,-1
400,0,0.913295030594,0.1,0.01,1,s4-s5,4.41213027486e-13,5.29983568101e-37,1,1
400,0,0.913295030594,0.1,0.01,1,s3-s6,9.59891340983e-08,8.8174674336e-32,1,1
400,0,0.913295030594,0.1,0.01,1,s5-s6,2.29412920577e-10,3.26137861806e-14,1,1
400,0,0.913295030594,0.1,0.01,1,s3-s4,9.02759165218e-15,1.30732377098e-37,1,1
400,0,0.89866232872,0.1,0.01,0,s4-s5,0.16250028607,1.19897796965e-10,0,0
400,0,0.89866232872,0.1,0.01,0,s3-s6,0.233741081477,1.04887193376e-12,0,0
400,0,0.89866232872,0.1,0.01,0,s5-s6,0.0391357833672,8.51135823832e-53,0,0
400,0,0.89866232872,0.1,0.01,0,s3-s4,0.063528652792,2.74888631203e-14,0,0
400,0,0.833809375763,0.1,0.01,-1,s4-s5,0.0891520444066,0.0631149968786,0,-1
400,0,0.833809375763,0.1,0.01,-1,s3-s6,0.0292828596772,0.0174797855221,0,-1
400,0,0.833809375763,0.1,0.01,-1,s5-s6,0.121183920867,0.120574262752,-1,-1
400,0,0.833809375763,0.1,0.01,-1,s3-s4,0.0077783696656,0.00032668595787,0,-1
400,0,0.968996286392,0.2,0.01,1,s4-s5,6.75880267221e-09,1.93977584225e-11,1,1
400,0,0.968996286392,0.2,0.01,1,s3-s6,1.84884841302e-14,2.91523097848e-28,1,1
400,0,0.968996286392,0.2,0.01,1,s5-s6,1.48962042983e-12,7.82372471808e-07,1,1
400,0,0.968996286392,0.2,0.01,1,s3-s4,6.18985391877e-06,1.258256352e-08,1,1
400,0,0.921450614929,0.2,0.01,0,s4-s5,0.160060830437,7.11561639379e-18,0,0
400,0,0.921450614929,0.2,0.01,0,s3-s6,0.230594574139,1.27325636056e-09,0,0
400,0,0.921450614929,0.2,0.01,0,s5-s6,0.318106248066,4.45101184199e-19,0,0
400,0,0.921450614929,0.2,0.01,0,s3-s4,0.0503825461319,2.72714930064e-10,0,0
400,0,0.955785036087,0.2,0.01,-1,s4-s5,0.0848176508629,0.120365967142,0,-1
400,0,0.955785036087,0.2,0.01,-1,s3-s6,0.0384599459802,0.0924163302949,0,-1
400,0,0.955785036087,0.2,0.01,-1,s5-s6,0.161786060809,0.0627575834807,0,-1
400,0,0.955785036087,0.2,0.01,-1,s3-s4,0.109695686311,0.0292054073658,0,-1
400,0,0.875920295715,0.4,0.01,1,s4-s5,4.35954332946e-11,1.26607633865e-29,1,1
400,0,0.875920295715,0.4,0.01,1,s3-s6,1.13745901443e-09,5.77718011758e-27,1,1
400,0,0.875920295715,0.4,0.01,1,s5-s6,5.83211440241e-11,4.31647455018e-10,1,1
400,0,0.875920295715,0.4,0.01,1,s3-s4,1.74023705991e-09,3.69762703401e-35,1,1
400,0,0.870036363602,0.4,0.01,0,s4-s5,0.00628660641273,1.26533685218e-10,0,0
400,0,0.870036363602,0.4,0.01,0,s3-s6,0.000153149347799,7.13359792286e-10,1,0
400,0,0.870036363602,0.4,0.01,0,s5-s6,0.0151895511823,4.4022036177e-22,0,0
400,0,0.870036363602,0.4,0.01,0,s3-s4,0.277376463012,3.17434992945e-39,0,0
400,0,0.861386299133,0.4,0.01,-1,s4-s5,0.549166869846,0.214104004281,0,-1
400,0,0.861386299133,0.4,0.01,-1,s3-s6,0.0117590075424,0.000266853811224,0,-1
400,0,0.861386299133,0.4,0.01,-1,s5-s6,0.0178957578589,1.14572647471e-05,0,-1
400,0,0.861386299133,0.4,0.01,-1,s3-s4,0.302792467825,0.186906987005,0,-1
400,1,0.927461385727,0.0001,0.01,1,s4-s5,3.70373015944e-13,4.21602059325e-25,1,1
400,1,0.927461385727,0.0001,0.01,1,s3-s6,6.46975994572e-09,1.45835734321e-36,1,1
400,1,0.927461385727,0.0001,0.01,1,s5-s6,1.52988815818e-09,0.000149999990926,1,1
400,1,0.927461385727,0.0001,0.01,1,s3-s4,3.01771080726e-10,7.51986631224e-13,1,1
400,1,0.826285839081,0.0001,0.01,0,s4-s5,0.396546659009,1.2836339072e-19,0,0
400,1,0.826285839081,0.0001,0.01,0,s3-s6,0.345318409073,4.88352507517e-26,0,0
400,1,0.826285839081,0.0001,0.01,0,s5-s6,0.133796406843,2.16704278484e-13,0,0
400,1,0.826285839081,0.0001,0.01,0,s3-s4,0.0806026049183,1.03087283478e-14,0,0
400,1,0.853703975677,0.0001,0.01,-1,s4-s5,0.0718168297531,0.108353942621,-1,-1
400,1,0.853703975677,0.0001,0.01,-1,s3-s6,0.201737767755,0.0021006365915,-1,-1
400,1,0.853703975677,0.0001,0.01,-1,s5-s6,0.549166869846,0.341506580785,-1,-1
400,1,0.853703975677,0.0001,0.01,-1,s3-s4,0.00690090182415,0.454774235105,-1,-1
400,1,0.97513628006,0.0005,0.01,1,s4-s5,3.28266548593e-06,1.72437720452e-26,1,1
400,1,0.97513628006,0.0005,0.01,1,s3-s6,7.92122175426e-10,6.08518220153e-29,1,1
400,1,0.97513628006,0.0005,0.01,1,s5-s6,8.50126497451e-14,1.58772525223e-05,1,1
400,1,0.97513628006,0.0005,0.01,1,s3-s4,1.06708369282e-13,1.83388674209e-05,1,1
400,1,0.925477981567,0.0005,0.01,0,s4-s5,0.213191327222,6.28296867135e-26,0,0
400,1,0.925477981567,0.0005,0.01,0,s3-s6,0.169937223672,5.10873093153e-19,0,0
400,1,0.925477981567,0.0005,0.01,0,s5-s6,0.0718168297531,7.10374894695e-15,0,0
400,1,0.925477981567,0.0005,0.01,0,s3-s4,0.0325344355779,9.75761525328e-16,0,0
400,1,0.899531364441,0.0005,0.01,-1,s4-s5,0.186601778135,0.022670422808,-1,-1
400,1,0.899531364441,0.0005,0.01,-1,s3-s6,0.0573366429203,0.119471527148,-1,-1
400,1,0.899531364441,0.0005,0.01,-1,s5-s6,0.055721385268,0.155075720281,-1,-1
400,1,0.899531364441,0.0005,0.01,-1,s3-s4,0.169924195651,0.0804111099835,-1,-1
400,1,0.956748485565,0.001,0.01,1,s4-s5,2.4798047084e-09,2.79844484112e-18,1,1
400,1,0.956748485565,0.001,0.01,1,s3-s6,3.52261445943e-09,9.08295394514e-21,1,1
400,1,0.956748485565,0.001,0.01,1,s5-s6,5.70828870373e-14,2.03218931502e-10,1,1
400,1,0.956748485565,0.001,0.01,1,s3-s4,1.92886144406e-06,1.66295291219e-09,1,1
400,1,0.94087266922,0.001,0.01,0,s4-s5,0.132349021152,8.71772232527e-44,0,0
400,1,0.94087266922,0.001,0.01,0,s3-s6,0.141596580842,1.85961106005e-13,0,0
400,1,0.94087266922,0.001,0.01,0,s5-s6,0.0706953192872,2.91208963445e-17,0,0
400,1,0.94087266922,0.001,0.01,0,s3-s4,0.0202873093857,1.19608212144e-13,0,0
400,1,0.89172911644,0.001,0.01,-1,s4-s5,0.00747301254989,0.0423732894032,-1,-1
400,1,0.89172911644,0.001,0.01,-1,s3-s6,0.409688163043,0.735193460455,-1,-1
400,1,0.89172911644,0.001,0.01,-1,s5-s6,0.225002349346,0.198882091104,-1,-1
400,1,0.89172911644,0.001,0.01,-1,s3-s4,0.121804994669,0.062879957676,-1,-1
400,1,0.90399980545,0.005,0.01,1,s4-s5,3.14560240035e-06,2.14189674645e-40,1,1
400,1,0.90399980545,0.005,0.01,1,s3-s6,8.36662871891e-10,4.05087128605e-27,1,1
400,1,0.90399980545,0.005,0.01,1,s5-s6,7.15431914595e-14,4.76920009262e-07,1,1
400,1,0.90399980545,0.005,0.01,1,s3-s4,4.28133381441e-12,3.6849087413e-07,1,1
400,1,0.910217285156,0.005,0.01,0,s4-s5,0.0351515337296,1.4111066601e-48,0,0
400,1,0.910217285156,0.005,0.01,0,s3-s6,0.214738409389,1.0669413332e-13,0,0
400,1,0.910217285156,0.005,0.01,0,s5-s6,0.110942823599,6.5429377507e-11,0,0
400,1,0.910217285156,0.005,0.01,0,s3-s4,0.135810875556,2.61149298428e-16,0,0
400,1,0.875490188599,0.005,0.01,-1,s4-s5,0.0488453307792,0.0915767144945,-1,-1
400,1,0.875490188599,0.005,0.01,-1,s3-s6,0.28001851209,0.0666416786079,-1,-1
400,1,0.875490188599,0.005,0.01,-1,s5-s6,0.0164034023406,0.0266445520801,-1,-1
400,1,0.875490188599,0.005,0.01,-1,s3-s4,0.00258400639811,0.0113878274968,-1,-1
400,1,0.98796248436,0.01,0.01,1,s4-s5,2.28940986496e-10,2.20180381589e-45,1,1
400,1,0.98796248436,0.01,0.01,1,s3-s6,3.0402929851e-11,1.45264701296e-30,1,1
400,1,0.98796248436,0.01,0.01,1,s5-s6,8.09332099309e-12,1.84760890564e-10,1,1
400,1,0.98796248436,0.01,0.01,1,s3-s4,1.11179874815e-14,2.34029132738e-08,1,1
400,1,0.848369598389,0.01,0.01,0,s4-s5,0.0726932282028,8.13178278742e-16,0,0
400,1,0.848369598389,0.01,0.01,0,s3-s6,0.173492105274,6.00163079278e-17,0,0
400,1,0.848369598389,0.01,0.01,0,s5-s6,0.0493628329214,3.22738871474e-15,0,0
400,1,0.848369598389,0.01,0.01,0,s3-s4,0.161786060809,5.51436141223e-21,0,0
400,1,0.931532144547,0.01,0.01,-1,s4-s5,0.145009007954,0.188909102358,-1,-1
400,1,0.931532144547,0.01,0.01,-1,s3-s6,0.0455783436152,0.0761847663516,-1,-1
400,1,0.931532144547,0.01,0.01,-1,s5-s6,0.024071149666,0.000186134346601,0,-1
400,1,0.931532144547,0.01,0.01,-1,s3-s4,0.0951709625466,0.00248065865444,0,-1
400,1,0.969561576843,0.05,0.01,1,s4-s5,1.3865739637e-11,7.62307781743e-27,1,1
400,1,0.969561576843,0.05,0.01,1,s3-s6,6.34645444086e-13,1.42074542597e-22,1,1
400,1,0.969561576843,0.05,0.01,1,s5-s6,2.46409132556e-12,3.21650562669e-09,1,1
400,1,0.969561576843,0.05,0.01,1,s3-s4,6.98878328267e-07,2.69525642517e-08,1,1
400,1,0.960768938065,0.05,0.01,0,s4-s5,0.437530160261,1.10955705187e-20,0,0
400,1,0.960768938065,0.05,0.01,0,s3-s6,0.0398343822282,6.05082707285e-11,0,0
400,1,0.960768938065,0.05,0.01,0,s5-s6,0.151406096089,5.47229809449e-18,0,0
400,1,0.960768938065,0.05,0.01,0,s3-s4,0.146756841559,1.03097185677e-11,0,0
400,1,1.00150918961,0.05,0.01,-1,s4-s5,0.333216788701,0.0241819983214,0,-1
400,1,1.00150918961,0.05,0.01,-1,s3-s6,0.0122402303939,0.00851971515922,0,-1
400,1,1.00150918961,0.05,0.01,-1,s5-s6,0.0891520444066,5.98581279748e-07,0,-1
400,1,1.00150918961,0.05,0.01,-1,s3-s4,0.002600235549,0.000418020562582,0,-1
400,1,0.953207015991,0.1,0.01,1,s4-s5,3.52298782754e-12,8.81384783877e-39,1,1
400,1,0.953207015991,0.1,0.01,1,s3-s6,6.46183140368e-11,1.62105756585e-32,1,1
400,1,0.953207015991,0.1,0.01,1,s5-s6,3.64060040754e-11,6.04496626834e-22,1,1
400,1,0.953207015991,0.1,0.01,1,s3-s4,3.12705668979e-08,9.58824164364e-08,1,1
400,1,0.803219079971,0.1,0.01,0,s4-s5,0.0212602310334,6.59190110492e-15,0,0
400,1,0.803219079971,0.1,0.01,0,s3-s6,0.192646008908,8.81764471891e-10,0,0
400,1,0.803219079971,0.1,0.01,0,s5-s6,0.00162668778564,1.50766272903e-17,0,0
400,1,0.803219079971,0.1,0.01,0,s3-s4,0.0346276818324,1.09037845741e-07,0,0
400,1,0.782145500183,0.1,0.01,-1,s4-s5,0.070397483087,0.0525278794558,0,-1
400,1,0.782145500183,0.1,0.01,-1,s3-s6,0.0158017887026,0.0559018348047,0,-1
400,1,0.782145500183,0.1,0.01,-1,s5-s6,0.131879435395,0.240245140115,-1,-1
400,1,0.782145500183,0.1,0.01,-1,s3-s4,0.133796406843,0.00968327208906,0,-1
400,1,0.922318935394,0.2,0.01,1,s4-s5,1.88447897412e-06,3.09337589413e-22,1,1
400,1,0.922318935394,0.2,0.01,1,s3-s6,4.6045962313e-10,8.00138570541e-53,1,1
400,1,0.922318935394,0.2,0.01,1,s5-s6,1.06541903454e-10,2.39712796057e-18,1,1
400,1,0.922318935394,0.2,0.01,1,s3-s4,1.33837152724e-06,0.00011853861058,1,1
400,1,0.845825910568,0.2,0.01,0,s4-s5,0.147197752628,2.74786749943e-30,0,0
400,1,0.845825910568,0.2,0.01,0,s3-s6,0.148340662235,2.02256860077e-19,0,0
400,1,0.845825910568,0.2,0.01,0,s5-s6,0.039718270879,5.89253530571e-23,0,0
400,1,0.845825910568,0.2,0.01,0,s3-s4,0.0276257900527,1.92863001485e-18,0,0
400,1,0.95277428627,0.2,0.01,-1,s4-s5,0.109695686311,0.28698086055,-1,-1
400,1,0.95277428627,0.2,0.01,-1,s3-s6,0.368776976286,0.0430425699448,0,-1
400,1,0.95277428627,0.2,0.01,-1,s5-s6,0.120299733699,0.0238475224539,0,-1
400,1,0.95277428627,0.2,0.01,-1,s3-s4,0.110946657058,9.3502599786e-05,0,-1
400,1,0.91943693161,0.4,0.01,1,s4-s5,4.2145086377e-11,8.04908644348e-44,1,1
400,1,0.91943693161,0.4,0.01,1,s3-s6,1.22804238678e-13,2.73825790542e-28,1,1
400,1,0.91943693161,0.4,0.01,1,s5-s6,1.61804943548e-11,7.0629208483e-05,1,1
400,1,0.91943693161,0.4,0.01,1,s3-s4,4.71577519645e-09,3.16791364309e-12,1,1
400,1,0.846163988113,0.4,0.01,0,s4-s5,0.0418236764508,2.00329243007e-18,0,0
400,1,0.846163988113,0.4,0.01,0,s3-s6,0.0465860154085,2.84158876322e-19,0,0
400,1,0.846163988113,0.4,0.01,0,s5-s6,0.222744353792,2.58445172519e-11,0,0
400,1,0.846163988113,0.4,0.01,0,s3-s4,0.0352833398206,2.81715041635e-15,0,0
400,1,0.794259548187,0.4,0.01,-1,s4-s5,0.14280339329,0.000775549351166,0,-1
400,1,0.794259548187,0.4,0.01,-1,s3-s6,0.291038737797,0.058422311246,0,-1
400,1,0.794259548187,0.4,0.01,-1,s5-s6,0.11599455451,0.0813128131213,0,-1
400,1,0.794259548187,0.4,0.01,-1,s3-s4,0.0549864967558,0.00359798814218,0,-1
400,2,0.858983039856,0.0001,0.01,1,s4-s5,1.01974407324e-10,6.38787017099e-18,1,1
400,2,0.858983039856,0.0001,0.01,1,s3-s6,1.50804013577e-12,6.17007187256e-52,1,1
400,2,0.858983039856,0.0001,0.01,1,s5-s6,3.1852451136e-09,1.84122431005e-35,1,1
400,2,0.858983039856,0.0001,0.01,1,s3-s4,2.10625748027e-13,8.42037522644e-09,1,1
400,2,0.913130998611,0.0001,0.01,0,s4-s5,0.36560745962,3.09050644898e-22,0,0
400,2,0.913130998611,0.0001,0.01,0,s3-s6,0.00526868292623,3.45223333529e-17,0,0
400,2,0.913130998611,0.0001,0.01,0,s5-s6,0.230594574139,1.30133719152e-31,0,0
400,2,0.913130998611,0.0001,0.01,0,s3-s4,0.0785981032282,2.54268737024e-26,0,0
400,2,0.823786497116,0.0001,0.01,-1,s4-s5,0.0355644138087,0.101902331505,-1,-1
400,2,0.823786497116,0.0001,0.01,-1,s3-s6,0.330862258001,0.0993512502717,-1,-1
400,2,0.823786497116,0.0001,0.01,-1,s5-s6,0.547762316686,0.255604809328,-1,-1
400,2,0.823786497116,0.0001,0.01,-1,s3-s4,0.0891520444066,0.173800121363,-1,-1
400,2,0.989564180374,0.0005,0.01,1,s4-s5,1.94414094811e-07,5.57992126988e-36,1,1
400,2,0.989564180374,0.0005,0.01,1,s3-s6,5.18469831397e-12,6.43684685136e-33,1,1
400,2,0.989564180374,0.0005,0.01,1,s5-s6,2.46821030777e-08,9.83056684158e-05,1,1
400,2,0.989564180374,0.0005,0.01,1,s3-s4,1.28298628017e-12,9.41325081088e-07,1,1
400,2,0.893965005875,0.0005,0.01,0,s4-s5,0.164618746449,2.35595398274e-34,0,0
400,2,0.893965005875,0.0005,0.01,0,s3-s6,0.170673143796,1.20581205156e-15,0,0
400,2,0.893965005875,0.0005,0.01,0,s5-s6,0.00919199300278,2.45954204027e-31,0,0
400,2,0.893965005875,0.0005,0.01,0,s3-s4,0.0605063200984,9.08761521941e-17,0,0
400,2,0.821264028549,0.0005,0.01,-1,s4-s5,0.033513582673,0.0667659795242,-1,-1
400,2,0.821264028549,0.0005,0.01,-1,s3-s6,0.317916570646,0.00530988342598,-1,-1
400,2,0.821264028549,0.0005,0.01,-1,s5-s6,0.0384069953304,0.0714685761105,-1,-1
400,2,0.821264028549,0.0005,0.01,-1,s3-s4,0.106886060038,0.241007841124,-1,-1
400,2,0.841811180115,0.001,0.01,1,s4-s5,3.07699725186e-13,3.20370690285e-55,1,1
400,2,0.841811180115,0.001,0.01,1,s3-s6,3.90896980555e-07,3.43313858618e-28,1,1
400,2,0.841811180115,0.001,0.01,1,s5-s6,0.000346991832421,1.63017264592e-38,1,1
400,2,0.841811180115,0.001,0.01,1,s3-s4,1.20407783506e-08,1.05204713576e-31,1,1
400,2,0.809402942657,0.001,0.01,0,s4-s5,0.00332567268308,1.85861384549e-10,0,0
400,2,0.809402942657,0.001,0.01,0,s3-s6,0.00661964171584,1.72020999641e-24,0,0
400,2,0.809402942657,0.001,0.01,0,s5-s6,0.161786060809,2.22445971988e-13,0,0
400,2,0.809402942657,0.001,0.01,0,s3-s4,0.114209451916,3.9248180189e-16,0,0
400,2,0.808399915695,0.001,0.01,-1,s4-s5,0.291038737797,0.0228709173613,-1,-1
400,2,0.808399915695,0.001,0.01,-1,s3-s6,0.713654900926,0.144284539602,-1,-1
400,2,0.808399915695,0.001,0.01,-1,s5-s6,0.0351604384679,0.108853869313,-1,-1
400,2,0.808399915695,0.001,0.01,-1,s3-s4,0.146255709641,0.043668698532,-1,-1
400,2,0.865252733231,0.005,0.01,1,s4-s5,9.32544178926e-06,2.50091919277e-09,1,1
400,2,0.865252733231,0.005,0.01,1,s3-s6,3.07172441345e-12,1.74128357634e-49,1,1
400,2,0.865252733231,0.005,0.01,1,s5-s6,7.92122175426e-10,3.51508356548e-09,1,1
400,2,0.865252733231,0.005,0.01,1,s3-s4,7.52771736117e-14,5.05261013319e-06,1,1
400,2,0.835174322128,0.005,0.01,0,s4-s5,0.515624807063,4.29392074449e-16,0,0
400,2,0.835174322128,0.005,0.01,0,s3-s6,0.122797719238,8.36899460763e-14,0,0
400,2,0.835174322128,0.005,0.01,0,s5-s6,0.146756841559,5.81884545774e-12,0,0
400,2,0.835174322128,0.005,0.01,0,s3-s4,0.271869340475,6.23159898653e-31,0,0
400,2,0.914989948273,0.005,0.01,-1,s4-s5,0.248562798136,0.0129456050316,-1,-1
400,2,0.914989948273,0.005,0.01,-1,s3-s6,0.212004384927,0.0185802636139,-1,-1
400,2,0.914989948273,0.005,0.01,-1,s5-s6,0.0321822174606,0.00431708532817,0,-1
400,2,0.914989948273,0.005,0.01,-1,s3-s4,0.284478057515,0.153065480195,-1,-1
400,2,0.899019956589,0.01,0.01,1,s4-s5,1.69287184466e-08,1.05865407664e-53,1,1
400,2,0.899019956589,0.01,0.01,1,s3-s6,3.61628276972e-10,2.13080122077e-23,1,1
400,2,0.899019956589,0.01,0.01,1,s5-s6,2.81027939749e-19,0.000352763570259,1,1
400,2,0.899019956589,0.01,0.01,1,s3-s4,6.04706311079e-09,6.53040044033e-11,1,1
400,2,0.819857120514,0.01,0.01,0,s4-s5,0.0601585071496,2.34617275004e-16,0,0
400,2,0.819857120514,0.01,0.01,0,s3-s6,0.0910348720752,1.32820201334e-09,0,0
400,2,0.819857120514,0.01,0.01,0,s5-s6,0.077940995859,6.93154387684e-33,0,0
400,2,0.819857120514,0.01,0.01,0,s3-s4,0.226384918573,4.06004539819e-19,0,0
400,2,0.828568935394,0.01,0.01,-1,s4-s5,0.366324965723,0.0492507352882,-1,-1
400,2,0.828568935394,0.01,0.01,-1,s3-s6,0.0844729994474,0.00379840332366,0,-1
400,2,0.828568935394,0.01,0.01,-1,s5-s6,0.0573366429203,0.137131215722,-1,-1
400,2,0.828568935394,0.01,0.01,-1,s3-s4,0.109695686311,0.0348234500666,-1,-1
400,2,0.888034820557,0.05,0.01,1,s4-s5,2.52916667094e-07,2.25065203308e-24,1,1
400,2,0.888034820557,0.05,0.01,1,s3-s6,6.98566789628e-11,1.43141973481e-41,1,1
400,2,0.888034820557,0.05,0.01,1,s5-s6,5.95920161784e-07,1.80405906675e-05,1,1
400,2,0.888034820557,0.05,0.01,1,s3-s4,1.36799418922e-06,6.59490134957e-08,1,1
400,2,0.87700176239,0.05,0.01,0,s4-s5,0.00678251797748,8.57365938182e-40,0,0
400,2,0.87700176239,0.05,0.01,0,s3-s6,0.083201588799,4.64971469683e-14,0,0
400,2,0.87700176239,0.05,0.01,0,s5-s6,0.0329646197979,1.15187106846e-10,0,0
400,2,0.87700176239,0.05,0.01,0,s3-s4,0.363781125896,4.45596283419e-15,0,0
400,2,0.907085895538,0.05,0.01,-1,s4-s5,0.200136401916,0.198931069626,-1,-1
400,2,0.907085895538,0.05,0.01,-1,s3-s6,0.0610747517903,1.39283955273e-09,0,-1
400,2,0.907085895538,0.05,0.01,-1,s5-s6,0.220069927898,0.133037711749,-1,-1
400,2,0.907085895538,0.05,0.01,-1,s3-s4,0.122797719238,0.00631250646482,0,-1
400,2,0.86093378067,0.1,0.01,1,s4-s5,2.61669358193e-10,3.90476027747e-44,1,1
400,2,0.86093378067,0.1,0.01,1,s3-s6,1.489032886e-07,2.82924698054e-31,1,1
400,2,0.86093378067,0.1,0.01,1,s5-s6,2.93856364351e-11,1.45803788615e-08,1,1
400,2,0.86093378067,0.1,0.01,1,s3-s4,1.52938674453e-10,3.95588784968e-14,1,1
400,2,0.953784227371,0.1,0.01,0,s4-s5,0.105868721462,2.17980773664e-17,0,0
400,2,0.953784227371,0.1,0.01,0,s3-s6,0.148467770522,5.20125316232e-32,0,0
400,2,0.953784227371,0.1,0.01,0,s5-s6,0.0747379600328,2.04556747526e-28,0,0
400,2,0.953784227371,0.1,0.01,0,s3-s4,0.101719574354,1.25439412095e-14,0,0
400,2,0.882573843002,0.1,0.01,-1,s4-s5,0.0621458117915,0.0192530659346,0,-1
400,2,0.882573843002,0.1,0.01,-1,s3-s6,0.0864880394872,0.445785557759,-1,-1
400,2,0.882573843002,0.1,0.01,-1,s5-s6,0.17188731909,0.0568243269504,0,-1
400,2,0.882573843002,0.1,0.01,-1,s3-s4,0.0259509513301,0.000275985114007,0,-1
400,2,0.849095821381,0.2,0.01,1,s4-s5,1.60032057904e-05,2.4072917655e-28,1,1
400,2,0.849095821381,0.2,0.01,1,s3-s6,2.85009990263e-06,7.40004045458e-17,1,1
400,2,0.849095821381,0.2,0.01,1,s5-s6,3.01444257355e-15,1.88724022048e-06,1,1
400,2,0.849095821381,0.2,0.01,1,s3-s4,4.21032994939e-08,9.30900771374e-12,1,1
400,2,0.865426778793,0.2,0.01,0,s4-s5,0.0564665121955,3.0502826597e-13,0,0
400,2,0.865426778793,0.2,0.01,0,s3-s6,0.304105454412,7.82082910231e-16,0,0
400,2,0.865426778793,0.2,0.01,0,s5-s6,0.317916570646,4.53344520126e-11,0,0
400,2,0.865426778793,0.2,0.01,0,s3-s4,0.0403028309889,1.46168087099e-10,0,0
400,2,0.825431108475,0.2,0.01,-1,s4-s5,0.0147356973495,0.0479785703563,0,-1
400,2,0.825431108475,0.2,0.01,-1,s3-s6,0.0289969708696,0.122161332133,0,-1
400,2,0.825431108475,0.2,0.01,-1,s5-s6,0.271869340475,0.0474324492351,0,-1
400,2,0.825431108475,0.2,0.01,-1,s3-s4,0.054253073485,0.18928121774,0,-1
400,2,0.866490840912,0.4,0.01,1,s4-s5,2.88286710243e-10,2.00568611997e-43,1,1
400,2,0.866490840912,0.4,0.01,1,s3-s6,7.0681659186e-10,2.32245543921e-78,1,1
400,2,0.866490840912,0.4,0.01,1,s5-s6,1.06708369282e-13,3.31013385291e-07,1,1
400,2,0.866490840912,0.4,0.01,1,s3-s4,2.59253193907e-12,4.99537736892e-40,1,1
400,2,0.84467792511,0.4,0.01,0,s4-s5,0.108037572604,1.43907638485e-14,0,0
400,2,0.84467792511,0.4,0.01,0,s3-s6,0.162048414969,1.19401012085e-26,0,0
400,2,0.84467792511,0.4,0.01,0,s5-s6,0.284311009057,6.72961133985e-42,0,0
400,2,0.84467792511,0.4,0.01,0,s3-s4,0.0974658674814,4.00205789037e-30,0,0
400,2,0.805642366409,0.4,0.01,-1,s4-s5,0.000799150148773,0.0419617922301,1,-1
400,2,0.805642366409,0.4,0.01,-1,s3-s6,0.407672186945,0.0175404873818,0,-1
400,2,0.805642366409,0.4,0.01,-1,s5-s6,0.0535049231242,0.00811087334813,0,-1
400,2,0.805642366409,0.4,0.01,-1,s3-s4,0.0212602310334,0.00872163722152,0,-1
400,3,0.873096466064,0.0001,0.01,1,s4-s5,1.25502754282e-15,1.28923462028e-31,1,1
400,3,0.873096466064,0.0001,0.01,1,s3-s6,9.28016261361e-09,2.53117804243e-36,1,1
400,3,0.873096466064,0.0001,0.01,1,s5-s6,1.5436165226e-09,5.74438046612e-08,1,1
400,3,0.873096466064,0.0001,0.01,1,s3-s4,3.52261445943e-09,4.16151043904e-06,1,1
400,3,0.846180200577,0.0001,0.01,0,s4-s5,0.0598898993532,7.60403160452e-34,0,0
400,3,0.846180200577,0.0001,0.01,0,s3-s6,0.0848176508629,5.84927881771e-15,0,0
400,3,0.846180200577,0.0001,0.01,0,s5-s6,0.224582017023,1.39408701558e-25,0,0
400,3,0.846180200577,0.0001,0.01,0,s3-s4,0.201262095365,1.32604983787e-11,0,0
400,3,0.796023845673,0.0001,0.01,-1,s4-s5,0.241077253617,0.00526315266292,-1,-1
400,3,0.796023845673,0.0001,0.01,-1,s3-s6,0.1605675709,0.206923761807,-1,-1
400,3,0.796023845673,0.0001,0.01,-1,s5-s6,0.0140945156832,0.00129402164035,-1,-1
400,3,0.796023845673,0.0001,0.01,-1,s3-s4,0.168770863102,0.332454193291,-1,-1
400,3,0.865426301956,0.0005,0.01,1,s4-s5,1.44015048346e-09,2.19109073342e-65,1,1
400,3,0.865426301956,0.0005,0.01,1,s3-s6,8.76184037536e-08,8.50285626906e-27,1,1
400,3,0.865426301956,0.0005,0.01,1,s5-s6,2.80455116535e-09,4.80620510134e-20,1,1
400,3,0.865426301956,0.0005,0.01,1,s3-s4,8.43375395653e-07,1.00961261517e-08,1,1
400,3,0.860051870346,0.0005,0.01,0,s4-s5,0.0764413543144,1.98988015498e-09,0,0
400,3,0.860051870346,0.0005,0.01,0,s3-s6,0.16333492015,4.47132781922e-12,0,0
400,3,0.860051870346,0.0005,0.01,0,s5-s6,0.00363470385034,5.44720403551e-20,0,0
400,3,0.860051870346,0.0005,0.01,0,s3-s4,0.132454693857,6.87500770402e-11,0,0
400,3,0.871266126633,0.0005,0.01,-1,s4-s5,0.0127455344532,0.0096468552713,-1,-1
400,3,0.871266126633,0.0005,0.01,-1,s3-s6,0.0891520444066,0.0172521633898,-1,-1
400,3,0.871266126633,0.0005,0.01,-1,s5-s6,0.368776976286,0.237532959762,-1,-1
400,3,0.871266126633,0.0005,0.01,-1,s3-s4,0.109943088839,0.324240508739,-1,-1
400,3,0.903544902802,0.001,0.01,1,s4-s5,5.94622828831e-10,7.5316539361e-101,1,1
400,3,0.903544902802,0.001,0.01,1,s3-s6,1.11100085069e-10,4.11295865341e-24,1,1
400,3,0.903544902802,0.001,0.01,1,s5-s6,1.08081900986e-08,4.53927308682e-07,1,1
400,3,0.903544902802,0.001,0.01,1,s3-s4,1.41840057398e-11,3.03563245287e-07,1,1
400,3,0.826167583466,0.001,0.01,0,s4-s5,0.193966339017,3.9716497169e-28,0,0
400,3,0.826167583466,0.001,0.01,0,s3-s6,0.368776976286,1.03719514292e-15,0,0
400,3,0.826167583466,0.001,0.01,0,s5-s6,0.227042218087,7.58294341155e-18,0,0
400,3,0.826167583466,0.001,0.01,0,s3-s4,0.0858481861459,1.59138064609e-44,0,0
400,3,0.938013315201,0.001,0.01,-1,s4-s5,0.0573366429203,0.00600300800149,-1,-1
400,3,0.938013315201,0.001,0.01,-1,s3-s6,0.0547227329438,0.00361471638735,-1,-1
400,3,0.938013315201,0.001,0.01,-1,s5-s6,0.0549530895653,0.0958498747833,-1,-1
400,3,0.938013315201,0.001,0.01,-1,s3-s4,0.330556725886,0.0725124750204,-1,-1
400,3,0.877405405045,0.005,0.01,1,s4-s5,7.02469435255e-09,1.17340272122e-22,1,1
400,3,0.877405405045,0.005,0.01,1,s3-s6,8.76184037536e-08,7.85753555941e-46,1,1
400,3,0.877405405045,0.005,0.01,1,s5-s6,1.15877584075e-11,2.71550975051e-44,1,1
400,3,0.877405405045,0.005,0.01,1,s3-s4,1.01155057935e-11,9.24164604201e-11,1,1
400,3,0.813423633575,0.005,0.01,0,s4-s5,0.549166869846,1.81032573549e-12,0,0
400,3,0.813423633575,0.005,0.01,0,s3-s6,0.617680874781,2.86116591113e-22,0,0
400,3,0.813423633575,0.005,0.01,0,s5-s6,0.0891520444066,9.08407900312e-25,0,0
400,3,0.813423633575,0.005,0.01,0,s3-s4,0.227042218087,1.66225003227e-27,0,0
400,3,0.836827039719,0.005,0.01,-1,s4-s5,0.212744651668,0.0894500692927,-1,-1
400,3,0.836827039719,0.005,0.01,-1,s3-s6,0.0162083354887,0.017872325545,-1,-1
400,3,0.836827039719,0.005,0.01,-1,s5-s6,0.10767981191,0.000160641403904,0,-1
400,3,0.836827039719,0.005,0.01,-1,s3-s4,0.424395575401,0.0192925912529,-1,-1
400,3,0.977642059326,0.01,0.01,1,s4-s5,1.15877584075e-11,8.75117210854e-29,1,1
400,3,0.977642059326,0.01,0.01,1,s3-s6,5.11777733191e-12,1.34434994071e-23,1,1
400,3,0.977642059326,0.01,0.01,1,s5-s6,1.52938674453e-10,2.18944950825e-20,1,1
400,3,0.977642059326,0.01,0.01,1,s3-s4,2.63196576003e-13,1.22667001006e-28,1,1
400,3,0.811358451843,0.01,0.01,0,s4-s5,0.35231886564,4.87761849201e-21,0,0
400,3,0.811358451843,0.01,0.01,0,s3-s6,0.0181543496607,3.37399303397e-12,0,0
400,3,0.811358451843,0.01,0.01,0,s5-s6,0.0541351700263,7.79139027503e-14,0,0
400,3,0.811358451843,0.01,0.01,0,s3-s4,0.0618570479843,1.78541589443e-16,0,0
400,3,0.794539690018,0.01,0.01,-1,s4-s5,0.456879824696,0.112235237374,-1,-1
400,3,0.794539690018,0.01,0.01,-1,s3-s6,0.124107113093,0.0110825019583,-1,-1
400,3,0.794539690018,0.01,0.01,-1,s5-s6,0.0276257900527,0.0203360010207,-1,-1
400,3,0.794539690018,0.01,0.01,-1,s3-s4,0.119856934202,0.0420253631871,-1,-1
400,3,0.910114526749,0.05,0.01,1,s4-s5,2.97942515855e-10,2.02264995529e-20,1,1
400,3,0.910114526749,0.05,0.01,1,s3-s6,3.86286607094e-05,7.73453630861e-25,1,1
400,3,0.910114526749,0.05,0.01,1,s5-s6,1.76570604093e-07,2.13340290647e-11,1,1
400,3,0.910114526749,0.05,0.01,1,s3-s4,2.87634973373e-14,7.63571684215e-29,1,1
400,3,0.881421327591,0.05,0.01,0,s4-s5,0.198992578284,1.74673914273e-43,0,0
400,3,0.881421327591,0.05,0.01,0,s3-s6,0.174817541526,6.62407475823e-25,0,0
400,3,0.881421327591,0.05,0.01,0,s5-s6,0.00741743296573,3.71154771695e-18,0,0
400,3,0.881421327591,0.05,0.01,0,s3-s4,0.0573366429203,1.3273329905e-25,0,0
400,3,0.773873090744,0.05,0.01,-1,s4-s5,0.0969127635179,0.110295989663,-1,-1
400,3,0.773873090744,0.05,0.01,-1,s3-s6,0.055148479333,0.140382280084,-1,-1
400,3,0.773873090744,0.05,0.01,-1,s5-s6,0.216968794592,0.166064844632,-1,-1
400,3,0.773873090744,0.05,0.01,-1,s3-s4,0.212082049373,0.164334662691,-1,-1
400,3,0.864992856979,0.1,0.01,1,s4-s5,3.35899458917e-09,7.78604113494e-31,1,1
400,3,0.864992856979,0.1,0.01,1,s3-s6,7.55721922645e-07,6.51642466934e-28,1,1
400,3,0.864992856979,0.1,0.01,1,s5-s6,1.22804238678e-13,8.05198144334e-15,1,1
400,3,0.864992856979,0.1,0.01,1,s3-s4,3.41465157468e-14,1.26555905799e-38,1,1
400,3,0.836865901947,0.1,0.01,0,s4-s5,0.251832829827,7.82348375904e-07,0,0
400,3,0.836865901947,0.1,0.01,0,s3-s6,0.00891927209933,3.64043745723e-14,0,0
400,3,0.836865901947,0.1,0.01,0,s5-s6,0.065844391506,1.8390230813e-30,0,0
400,3,0.836865901947,0.1,0.01,0,s3-s4,0.0716953966768,1.3392852212e-30,0,0
400,3,0.76081609726,0.1,0.01,-1,s4-s5,0.0355644138087,0.473201402129,-1,-1
400,3,0.76081609726,0.1,0.01,-1,s3-s6,0.174890871168,0.0317114943156,0,-1
400,3,0.76081609726,0.1,0.01,-1,s5-s6,0.203331497488,0.132786652493,-1,-1
400,3,0.76081609726,0.1,0.01,-1,s3-s4,0.083565648212,0.0236442473027,0,-1
400,3,0.861038923264,0.2,0.01,1,s4-s5,1.29857771468e-05,1.26160002434e-26,1,1
400,3,0.861038923264,0.2,0.01,1,s3-s6,2.7548269265e-07,5.996233892e-23,1,1
400,3,0.861038923264,0.2,0.01,1,s5-s6,1.82876423902e-11,3.23328570356e-10,1,1
400,3,0.861038923264,0.2,0.01,1,s3-s4,3.63072002796e-12,8.45803401004e-28,1,1
400,3,0.780452489853,0.2,0.01,0,s4-s5,0.321612066785,1.16103220356e-17,0,0
400,3,0.780452489853,0.2,0.01,0,s3-s6,0.0573366429203,1.98445142196e-15,0,0
400,3,0.780452489853,0.2,0.01,0,s5-s6,0.211330889549,8.25657785393e-13,0,0
400,3,0.780452489853,0.2,0.01,0,s3-s4,0.0467304903055,3.60093547006e-26,0,0
400,3,0.833676099777,0.2,0.01,-1,s4-s5,0.10767981191,0.0900911244506,0,-1
400,3,0.833676099777,0.2,0.01,-1,s3-s6,0.0232491771363,0.144595213349,0,-1
400,3,0.833676099777,0.2,0.01,-1,s5-s6,0.00678251797748,0.0132950225233,0,-1
400,3,0.833676099777,0.2,0.01,-1,s3-s4,0.612707724121,0.0292161422497,0,-1
400,3,0.853660821915,0.4,0.01,1,s4-s5,1.94566116109e-07,2.83255327981e-15,1,1
400,3,0.853660821915,0.4,0.01,1,s3-s6,6.24323858436e-06,1.16198865656e-22,1,1
400,3,0.853660821915,0.4,0.01,1,s5-s6,5.60530456465e-08,2.20533344877e-13,1,1
400,3,0.853660821915,0.4,0.01,1,s3-s4,1.83302095792e-12,2.69463234951e-22,1,1
400,3,0.910877466202,0.4,0.01,0,s4-s5,0.145009007954,1.24890508439e-29,0,0
400,3,0.910877466202,0.4,0.01,0,s3-s6,0.129204187863,5.07815495982e-11,0,0
400,3,0.910877466202,0.4,0.01,0,s5-s6,0.0557598354232,1.03329820222e-33,0,0
400,3,0.910877466202,0.4,0.01,0,s3-s4,0.124303539399,5.26779911224e-32,0,0
400,3,0.820847272873,0.4,0.01,-1,s4-s5,0.0763075551839,0.00611954105029,0,-1
400,3,0.820847272873,0.4,0.01,-1,s3-s6,0.133796406843,0.26724256888,0,-1
400,3,0.820847272873,0.4,0.01,-1,s5-s6,0.00108737496225,0.0324748465635,0,-1
400,3,0.820847272873,0.4,0.01,-1,s3-s4,0.0453637156871,0.0158633549162,0,-1
400,4,0.860610961914,0.0001,0.01,1,s4-s5,4.65591968251e-07,8.31236469432e-30,1,1
400,4,0.860610961914,0.0001,0.01,1,s3-s6,8.82286367157e-10,1.51720262108e-30,1,1
400,4,0.860610961914,0.0001,0.01,1,s5-s6,1.37215331717e-09,1.24731482956e-06,1,1
400,4,0.860610961914,0.0001,0.01,1,s3-s4,4.27788093639e-10,8.52239716881e-38,1,1
400,4,0.858778953552,0.0001,0.01,0,s4-s5,0.119233020563,1.20903669867e-19,0,0
400,4,0.858778953552,0.0001,0.01,0,s3-s6,0.0891520444066,8.87714879031e-21,0,0
400,4,0.858778953552,0.0001,0.01,0,s5-s6,0.368776976286,1.09310673549e-17,0,0
400,4,0.858778953552,0.0001,0.01,0,s3-s4,0.194795039896,3.38481552452e-18,0,0
400,4,0.843815326691,0.0001,0.01,-1,s4-s5,0.155316953364,0.189225774877,-1,-1
400,4,0.843815326691,0.0001,0.01,-1,s3-s6,0.135810875556,0.629858238188,-1,-1
400,4,0.843815326691,0.0001,0.01,-1,s5-s6,0.00100510132298,0.0559176626345,-1,-1
400,4,0.843815326691,0.0001,0.01,-1,s3-s4,0.0424996472556,9.32893642108e-05,0,-1
400,4,0.872451066971,0.0005,0.01,1,s4-s5,6.34801387485e-13,1.88627855331e-24,1,1
400,4,0.872451066971,0.0005,0.01,1,s3-s6,1.28732225528e-12,4.69860709451e-51,1,1
400,4,0.872451066971,0.0005,0.01,1,s5-s6,4.1400025856e-10,4.50753282916e-06,1,1
400,4,0.872451066971,0.0005,0.01,1,s3-s4,1.02375479489e-19,6.61796090399e-30,1,1
400,4,0.842930555344,0.0005,0.01,0,s4-s5,0.0311388465731,4.55415749303e-20,0,0
400,4,0.842930555344,0.0005,0.01,0,s3-s6,0.0232818873636,9.26798248713e-14,0,0
400,4,0.842930555344,0.0005,0.01,0,s5-s6,0.00595351170992,3.29965713493e-25,0,0
400,4,0.842930555344,0.0005,0.01,0,s3-s4,0.119233020563,1.47335280227e-43,0,0
400,4,0.835758924484,0.0005,0.01,-1,s4-s5,0.0913157018334,0.0583417743772,-1,-1
400,4,0.835758924484,0.0005,0.01,-1,s3-s6,0.0207618946787,0.0300861572832,-1,-1
400,4,0.835758924484,0.0005,0.01,-1,s5-s6,0.222775758159,0.0275045635835,-1,-1
400,4,0.835758924484,0.0005,0.01,-1,s3-s4,0.275545230021,0.431828149228,-1,-1
400,4,0.854930639267,0.001,0.01,1,s4-s5,7.27461733676e-08,5.24753000508e-45,1,1
400,4,0.854930639267,0.001,0.01,1,s3-s6,2.89219236678e-08,4.65018972214e-19,1,1
400,4,0.854930639267,0.001,0.01,1,s5-s6,1.05194679904e-13,1.14590527913e-19,1,1
400,4,0.854930639267,0.001,0.01,1,s3-s4,7.81941262278e-09,4.18872760091e-08,1,1
400,4,0.854336261749,0.001,0.01,0,s4-s5,0.0138904126714,2.60503068222e-13,0,0
400,4,0.854336261749,0.001,0.01,0,s3-s6,0.109476716009,2.05423137415e-17,0,0
400,4,0.854336261749,0.001,0.01,0,s5-s6,0.244349107002,1.13956191336e-13,0,0
400,4,0.854336261749,0.001,0.01,0,s3-s4,0.0411150820723,1.75949052551e-64,0,0
400,4,0.801503896713,0.001,0.01,-1,s4-s5,0.0122402303939,0.125880508412,-1,-1
400,4,0.801503896713,0.001,0.01,-1,s3-s6,0.147499868326,0.00365078490042,-1,-1
400,4,0.801503896713,0.001,0.01,-1,s5-s6,0.184627402023,0.000659012270566,0,-1
400,4,0.801503896713,0.001,0.01,-1,s3-s4,0.0451822420758,0.0550738073903,-1,-1
400,4,1.01206636429,0.005,0.01,1,s4-s5,3.07699725186e-13,2.10489249029e-25,1,1
400,4,1.01206636429,0.005,0.01,1,s3-s6,1.93654990859e-11,3.83975094901e-25,1,1
400,4,1.01206636429,0.005,0.01,1,s5-s6,1.11179874815e-14,0.000758507085187,1,1
400,4,1.01206636429,0.005,0.01,1,s3-s4,7.92122175426e-10,5.2707065419e-08,1,1
400,4,0.828943252563,0.005,0.01,0,s4-s5,0.0453637156871,1.21351145784e-14,0,0
400,4,0.828943252563,0.005,0.01,0,s3-s6,0.133796406843,2.85259897532e-13,0,0
400,4,0.828943252563,0.005,0.01,0,s5-s6,0.250414533075,1.59142340712e-10,0,0
400,4,0.828943252563,0.005,0.01,0,s3-s4,0.236102304348,6.24081982189e-19,0,0
400,4,0.832576990128,0.005,0.01,-1,s4-s5,0.0790026055716,0.120629452418,-1,-1
400,4,0.832576990128,0.005,0.01,-1,s3-s6,0.0573366429203,3.59466719166e-05,0,-1
400,4,0.832576990128,0.005,0.01,-1,s5-s6,0.317916570646,0.123721894475,-1,-1
400,4,0.832576990128,0.005,0.01,-1,s3-s4,0.137090914792,2.43179448076e-06,0,-1
400,4,0.844697475433,0.01,0.01,1,s4-s5,1.47820635225e-05,2.06303765873e-15,1,1
400,4,0.844697475433,0.01,0.01,1,s3-s6,6.03007784298e-06,2.04739710112e-44,1,1
400,4,0.844697475433,0.01,0.01,1,s5-s6,4.21775892603e-09,0.000251835850534,1,1
400,4,0.844697475433,0.01,0.01,1,s3-s4,3.01387072044e-07,0.00028042181199,1,1
400,4,0.847682952881,0.01,0.01,0,s4-s5,0.0891520444066,1.07312525961e-31,0,0
400,4,0.847682952881,0.01,0.01,0,s3-s6,0.0667661559867,1.58679172019e-22,0,0
400,4,0.847682952881,0.01,0.01,0,s5-s6,0.0266298400703,3.81564006809e-10,0,0
400,4,0.847682952881,0.01,0.01,0,s3-s4,0.0210833814316,3.82632939939e-24,0,0
400,4,0.811471939087,0.01,0.01,-1,s4-s5,0.0826137144295,0.00642652725817,0,-1
400,4,0.811471939087,0.01,0.01,-1,s3-s6,0.0453637156871,9.52187486008e-05,0,-1
400,4,0.811471939087,0.01,0.01,-1,s5-s6,0.0453637156871,7.89079246806e-05,0,-1
400,4,0.811471939087,0.01,0.01,-1,s3-s4,0.117147180243,0.0599765867804,-1,-1
400,4,0.988392353058,0.05,0.01,1,s4-s5,8.07571411399e-08,2.48067372094e-26,1,1
400,4,0.988392353058,0.05,0.01,1,s3-s6,3.86286607094e-05,6.78065171054e-19,1,1
400,4,0.988392353058,0.05,0.01,1,s5-s6,3.73026317257e-13,0.000150117846088,1,1
400,4,0.988392353058,0.05,0.01,1,s3-s4,6.28078935181e-16,0.000151870672013,1,1
400,4,0.903561592102,0.05,0.01,0,s4-s5,0.0453637156871,8.33158779455e-39,0,0
400,4,0.903561592102,0.05,0.01,0,s3-s6,0.0891520444066,1.00711915621e-17,0,0
400,4,0.903561592102,0.05,0.01,0,s5-s6,0.109695686311,2.59728228001e-20,0,0
400,4,0.903561592102,0.05,0.01,0,s3-s4,0.161786060809,6.75321982605e-13,0,0
400,4,0.842386007309,0.05,0.01,-1,s4-s5,0.0718168297531,0.000169814895375,0,-1
400,4,0.842386007309,0.05,0.01,-1,s3-s6,0.0475589832646,0.0141661142584,0,-1
400,4,0.842386007309,0.05,0.01,-1,s5-s6,0.304105454412,0.0158956350676,0,-1
400,4,0.842386007309,0.05,0.01,-1,s3-s4,0.522016835416,0.380554518328,-1,-1
400,4,0.923752307892,0.1,0.01,1,s4-s5,2.1894478391e-11,2.75838638254e-32,1,1
400,4,0.923752307892,0.1,0.01,1,s3-s6,1.24390191911e-08,1.2685395208e-28,1,1
400,4,0.923752307892,0.1,0.01,1,s5-s6,9.68772267836e-09,3.46439412905e-10,1,1
400,4,0.923752307892,0.1,0.01,1,s3-s4,3.66357538213e-13,9.63148708735e-07,1,1
400,4,0.797370910645,0.1,0.01,0,s4-s5,0.0211997492775,1.57109874365e-26,0,0
400,4,0.797370910645,0.1,0.01,0,s3-s6,0.145788719402,1.96191735566e-23,0,0
400,4,0.797370910645,0.1,0.01,0,s5-s6,0.00341876815909,4.97783989584e-26,0,0
400,4,0.797370910645,0.1,0.01,0,s3-s4,0.0503825461319,1.81637288314e-21,0,0
400,4,0.873768568039,0.1,0.01,-1,s4-s5,0.331584176281,0.257876744025,-1,-1
400,4,0.873768568039,0.1,0.01,-1,s3-s6,0.109106565433,0.171439675336,-1,-1
400,4,0.873768568039,0.1,0.01,-1,s5-s6,0.165891976114,0.405858266859,-1,-1
400,4,0.873768568039,0.1,0.01,-1,s3-s4,0.0157907575606,0.214264578479,-1,-1
400,4,0.87712597847,0.2,0.01,1,s4-s5,6.53524824763e-09,1.28251336107e-29,1,1
400,4,0.87712597847,0.2,0.01,1,s3-s6,9.68413131634e-12,5.33508422252e-18,1,1
400,4,0.87712597847,0.2,0.01,1,s5-s6,2.79150593879e-14,1.76519509281e-07,1,1
400,4,0.87712597847,0.2,0.01,1,s3-s4,2.49676468285e-09,8.49664389571e-45,1,1
400,4,0.78612279892,0.2,0.01,0,s4-s5,0.535893955226,1.03085777778e-30,0,0
400,4,0.78612279892,0.2,0.01,0,s3-s6,0.374006685265,1.2926304585e-31,0,0
400,4,0.78612279892,0.2,0.01,0,s5-s6,0.351108660797,4.25768695904e-14,0,0
400,4,0.78612279892,0.2,0.01,0,s3-s4,0.099283444285,1.47689746643e-46,0,0
400,4,0.767261266708,0.2,0.01,-1,s4-s5,0.074741539663,2.49856017026e-06,0,-1
400,4,0.767261266708,0.2,0.01,-1,s3-s6,0.133796406843,0.225925267932,-1,-1
400,4,0.767261266708,0.2,0.01,-1,s5-s6,0.306961942781,0.175757495073,0,-1
400,4,0.767261266708,0.2,0.01,-1,s3-s4,0.316700701538,0.501973715107,-1,-1
400,4,0.877300262451,0.4,0.01,1,s4-s5,1.59793108216e-10,5.98844061862e-25,1,1
400,4,0.877300262451,0.4,0.01,1,s3-s6,3.35899458917e-09,3.73674590958e-19,1,1
400,4,0.877300262451,0.4,0.01,1,s5-s6,1.85256858117e-09,3.05450939734e-08,1,1
400,4,0.877300262451,0.4,0.01,1,s3-s4,1.80163272488e-12,1.25461657542e-14,1,1
400,4,0.827002763748,0.4,0.01,0,s4-s5,0.024071149666,5.95610653773e-11,0,0
400,4,0.827002763748,0.4,0.01,0,s3-s6,0.14280339329,4.8470772747e-43,0,0
400,4,0.827002763748,0.4,0.01,0,s5-s6,0.105868721462,1.74807504727e-11,0,0
400,4,0.827002763748,0.4,0.01,0,s3-s4,0.234737396604,2.59868754291e-13,0,0
400,4,0.838751077652,0.4,0.01,-1,s4-s5,0.0990158659429,0.00830866331677,0,-1
400,4,0.838751077652,0.4,0.01,-1,s3-s6,0.451152789704,0.00146179319551,0,-1
400,4,0.838751077652,0.4,0.01,-1,s5-s6,0.147462405501,0.0525860499894,0,-1
400,4,0.838751077652,0.4,0.01,-1,s3-s4,0.121832988276,0.0156727386456,0,-1
400,5,0.856483221054,0.0001,0.01,1,s4-s5,2.61669358193e-10,2.30436375639e-19,1,1
400,5,0.856483221054,0.0001,0.01,1,s3-s6,7.07143530004e-12,1.98364992398e-32,1,1
400,5,0.856483221054,0.0001,0.01,1,s5-s6,1.12825143275e-17,4.78007674767e-06,1,1
400,5,0.856483221054,0.0001,0.01,1,s3-s4,3.73229777303e-17,7.47092323879e-09,1,1
400,5,0.805416345596,0.0001,0.01,0,s4-s5,0.0276257900527,5.99876879063e-15,0,0
400,5,0.805416345596,0.0001,0.01,0,s3-s6,0.0263984416023,8.76513641226e-29,0,0
400,5,0.805416345596,0.0001,0.01,0,s5-s6,0.0481321818021,3.8856813899e-28,0,0
400,5,0.805416345596,0.0001,0.01,0,s3-s4,0.233741081477,1.257385074e-17,0,0
400,5,0.789302110672,0.0001,0.01,-1,s4-s5,0.0969127635179,0.00413596738653,-1,-1
400,5,0.789302110672,0.0001,0.01,-1,s3-s6,0.0115766642065,0.0472249058418,-1,-1
400,5,0.789302110672,0.0001,0.01,-1,s5-s6,0.418780779253,0.0769583027428,-1,-1
400,5,0.789302110672,0.0001,0.01,-1,s3-s4,0.00963105540268,0.00289077085309,-1,-1
400,5,0.875158309937,0.0005,0.01,1,s4-s5,4.13321755342e-08,2.29386330819e-23,1,1
400,5,0.875158309937,0.0005,0.01,1,s3-s6,2.72954831425e-15,1.45318884937e-50,1,1
400,5,0.875158309937,0.0005,0.01,1,s5-s6,6.98174271824e-10,0.00010741155073,1,1
400,5,0.875158309937,0.0005,0.01,1,s3-s4,5.60530456465e-08,8.49135916216e-08,1,1
400,5,0.801895618439,0.0005,0.01,0,s4-s5,0.137090914792,3.1088746907e-21,0,0
400,5,0.801895618439,0.0005,0.01,0,s3-s6,0.125240789873,9.90631591082e-19,0,0
400,5,0.801895618439,0.0005,0.01,0,s5-s6,0.549166869846,1.56188731417e-22,0,0
400,5,0.801895618439,0.0005,0.01,0,s3-s4,0.00678251797748,2.09069589485e-22,0,0
400,5,0.796470403671,0.0005,0.01,-1,s4-s5,0.0574177111944,2.87057901049e-05,0,-1
400,5,0.796470403671,0.0005,0.01,-1,s3-s6,0.0288599719383,0.0455277745479,-1,-1
400,5,0.796470403671,0.0005,0.01,-1,s5-s6,0.21073065179,0.064797670543,-1,-1
400,5,0.796470403671,0.0005,0.01,-1,s3-s4,0.161786060809,0.00245090330081,-1,-1
400,5,0.858031988144,0.001,0.01,1,s4-s5,9.65126133677e-11,4.05549961231e-18,1,1
400,5,0.858031988144,0.001,0.01,1,s3-s6,2.29481954205e-08,8.37053011723e-16,1,1
400,5,0.858031988144,0.001,0.01,1,s5-s6,9.3811563229e-15,5.48249283071e-08,1,1
400,5,0.858031988144,0.001,0.01,1,s3-s4,1.74506945345e-09,2.51470368226e-12,1,1
400,5,0.8052110672,0.001,0.01,0,s4-s5,0.0185815368257,2.07970494183e-27,0,0
400,5,0.8052110672,0.001,0.01,0,s3-s6,0.216101670263,1.91331068423e-20,0,0
400,5,0.8052110672,0.001,0.01,0,s5-s6,0.0406933357662,1.07756223832e-08,0,0
400,5,0.8052110672,0.001,0.01,0,s3-s4,0.0276257900527,2.05590865791e-20,0,0
400,5,0.764800548553,0.001,0.01,-1,s4-s5,0.16333492015,0.0346166113073,-1,-1
400,5,0.764800548553,0.001,0.01,-1,s3-s6,0.350383997927,0.200608364176,-1,-1
400,5,0.764800548553,0.001,0.01,-1,s5-s6,0.106720094442,0.10382150535,-1,-1
400,5,0.764800548553,0.001,0.01,-1,s3-s4,0.138567663522,0.0249412743204,-1,-1
400,5,0.925239086151,0.005,0.01,1,s4-s5,4.51092960808e-09,1.69743988228e-16,1,1
400,5,0.925239086151,0.005,0.01,1,s3-s6,1.20163406152e-09,2.43751110407e-19,1,1
400,5,0.925239086151,0.005,0.01,1,s5-s6,3.25788116252e-07,5.4209229587e-14,1,1
400,5,0.925239086151,0.005,0.01,1,s3-s4,2.28999341699e-06,7.83754675358e-29,1,1
400,5,0.807003736496,0.005,0.01,0,s4-s5,0.0513674135798,1.90917723753e-06,0,0
400,5,0.807003736496,0.005,0.01,0,s3-s6,0.152292114305,7.2188498149e-15,0,0
400,5,0.807003736496,0.005,0.01,0,s5-s6,0.200472195244,4.37766258442e-24,0,0
400,5,0.807003736496,0.005,0.01,0,s3-s4,0.0844729994474,9.89747352279e-35,0,0
400,5,0.790774106979,0.005,0.01,-1,s4-s5,0.0884675004416,0.223969514527,-1,-1
400,5,0.790774106979,0.005,0.01,-1,s3-s6,0.00361484210039,0.216436806028,-1,-1
400,5,0.790774106979,0.005,0.01,-1,s5-s6,0.307029266425,0.00100043609826,0,-1
400,5,0.790774106979,0.005,0.01,-1,s3-s4,0.0256442671459,0.46343090218,-1,-1
400,5,0.86917924881,0.01,0.01,1,s4-s5,2.57129126908e-12,2.87679950669e-55,1,1
400,5,0.86917924881,0.01,0.01,1,s3-s6,4.2145086377e-11,6.49852557331e-48,1,1
400,5,0.86917924881,0.01,0.01,1,s5-s6,1.57401011626e-11,4.83460273211e-06,1,1
400,5,0.86917924881,0.01,0.01,1,s3-s4,3.13845353373e-11,6.26466354974e-12,1,1
400,5,0.80076622963,0.01,0.01,0,s4-s5,0.00267780742539,3.97273795213e-12,0,0
400,5,0.80076622963,0.01,0.01,0,s3-s6,0.212744651668,3.6336034771e-13,0,0
400,5,0.80076622963,0.01,0.01,0,s5-s6,0.103830514227,1.54163550705e-13,0,0
400,5,0.80076622963,0.01,0.01,0,s3-s4,0.148467770522,5.41462796391e-19,0,0
400,5,0.834609985352,0.01,0.01,-1,s4-s5,0.0701808217622,0.169695314245,-1,-1
400,5,0.834609985352,0.01,0.01,-1,s3-s6,0.0453637156871,0.149712814091,-1,-1
400,5,0.834609985352,0.01,0.01,-1,s5-s6,0.239388715765,0.053610565829,-1,-1
400,5,0.834609985352,0.01,0.01,-1,s3-s4,0.161786060809,0.142357908356,-1,-1
400,5,0.921752214432,0.05,0.01,1,s4-s5,1.33837152724e-06,1.83009110836e-63,1,1
400,5,0.921752214432,0.05,0.01,1,s3-s6,1.02957992417e-11,6.60493540387e-33,1,1
400,5,0.921752214432,0.05,0.01,1,s5-s6,2.19569979996e-10,5.24230746923e-12,1,1
400,5,0.921752214432,0.05,0.01,1,s3-s4,1.27594159662e-11,4.98509796092e-13,1,1
400,5,0.841135263443,0.05,0.01,0,s4-s5,0.212744651668,3.77373038619e-18,0,0
400,5,0.841135263443,0.05,0.01,0,s3-s6,0.0766348658502,6.48938894985e-13,0,0
400,5,0.841135263443,0.05,0.01,0,s5-s6,0.113590239296,1.27842556527e-13,0,0
400,5,0.841135263443,0.05,0.01,0,s3-s4,0.160103102939,1.83005896545e-13,0,0
400,5,0.742786407471,0.05,0.01,-1,s4-s5,0.334848724969,0.118321011083,-1,-1
400,5,0.742786407471,0.05,0.01,-1,s3-s6,0.0932444621578,0.106456116946,-1,-1
400,5,0.742786407471,0.05,0.01,-1,s5-s6,0.289253808911,0.0625294470037,-1,-1
400,5,0.742786407471,0.05,0.01,-1,s3-s4,0.0693546325389,0.0205968842378,0,-1
400,5,0.969690322876,0.1,0.01,1,s4-s5,8.10020201402e-06,2.74119751045e-30,1,1
400,5,0.969690322876,0.1,0.01,1,s3-s6,1.62133178028e-07,2.85646318955e-19,1,1
400,5,0.969690322876,0.1,0.01,1,s5-s6,8.30822051991e-07,3.40765366136e-07,1,1
400,5,0.969690322876,0.1,0.01,1,s3-s4,4.21247963583e-12,5.13346015176e-08,1,1
400,5,0.860839128494,0.1,0.01,0,s4-s5,0.00514045399868,7.85518528379e-40,0,0
400,5,0.860839128494,0.1,0.01,0,s3-s6,0.275545230021,1.65489356273e-12,0,0
400,5,0.860839128494,0.1,0.01,0,s5-s6,0.410492249726,1.35371129841e-12,0,0
400,5,0.860839128494,0.1,0.01,0,s3-s4,0.0330535974433,1.26317261972e-20,0,0
400,5,0.779805421829,0.1,0.01,-1,s4-s5,0.153998044694,0.167793246852,-1,-1
400,5,0.779805421829,0.1,0.01,-1,s3-s6,0.424395575401,0.0173585367956,0,-1
400,5,0.779805421829,0.1,0.01,-1,s5-s6,0.368776976286,0.511202758233,-1,-1
400,5,0.779805421829,0.1,0.01,-1,s3-s4,0.185174056617,0.0308536739562,0,-1
400,5,0.964287281036,0.2,0.01,1,s4-s5,4.13321755342e-08,2.48317765293e-67,1,1
400,5,0.964287281036,0.2,0.01,1,s3-s6,1.24390191911e-08,6.35610372177e-36,1,1
400,5,0.964287281036,0.2,0.01,1,s5-s6,6.3579617108e-13,1.58506331173e-34,1,1
400,5,0.964287281036,0.2,0.01,1,s3-s4,1.99228887724e-17,8.69430017684e-08,1,1
400,5,1.0430161953,0.2,0.01,0,s4-s5,0.0993475477211,1.67139577274e-11,0,0
400,5,1.0430161953,0.2,0.01,0,s3-s6,0.0443121270074,2.14761703132e-14,0,0
400,5,1.0430161953,0.2,0.01,0,s5-s6,0.00690296177063,2.93179554932e-26,0,0
400,5,1.0430161953,0.2,0.01,0,s3-s4,0.00915557446129,4.80234427672e-12,0,0
400,5,0.854615449905,0.2,0.01,-1,s4-s5,0.0448079985629,0.0208714360204,0,-1
400,5,0.854615449905,0.2,0.01,-1,s3-s6,0.193966339017,0.388537083991,-1,-1
400,5,0.854615449905,0.2,0.01,-1,s5-s6,0.368776976286,0.0233791612264,0,-1
400,5,0.854615449905,0.2,0.01,-1,s3-s4,0.109695686311,0.149493186058,0,-1
400,5,0.940634489059,0.4,0.01,1,s4-s5,3.70373015944e-13,2.8049946988e-64,1,1
400,5,0.940634489059,0.4,0.01,1,s3-s6,9.00137303581e-13,1.32699578279e-18,1,1
400,5,0.940634489059,0.4,0.01,1,s5-s6,8.68734458549e-14,3.49153807024e-07,1,1
400,5,0.940634489059,0.4,0.01,1,s3-s4,4.49918574091e-11,0.000251797202155,1,1
400,5,0.913577079773,0.4,0.01,0,s4-s5,0.0573366429203,1.89634160574e-16,0,0
400,5,0.913577079773,0.4,0.01,0,s3-s6,0.48478840243,3.05255754127e-13,0,0
400,5,0.913577079773,0.4,0.01,0,s5-s6,0.000395923457365,2.5303301916e-11,1,0
400,5,0.913577079773,0.4,0.01,0,s3-s4,0.317916570646,9.17586796933e-15,0,0
400,5,0.801249265671,0.4,0.01,-1,s4-s5,0.19479575723,0.190232759968,0,-1
400,5,0.801249265671,0.4,0.01,-1,s3-s6,0.0249711783826,0.014408186322,0,-1
400,5,0.801249265671,0.4,0.01,-1,s5-s6,0.114209451916,0.375256357341,0,-1
400,5,0.801249265671,0.4,0.01,-1,s3-s4,0.106580197075,0.0307819895802,0,-1
400,6,0.94104218483,0.0001,0.01,1,s4-s5,4.28133381441e-12,7.6754081206e-22,1,1
400,6,0.94104218483,0.0001,0.01,1,s3-s6,2.19569979996e-10,8.69223933208e-30,1,1
400,6,0.94104218483,0.0001,0.01,1,s5-s6,3.70373015944e-13,1.28940043503e-06,1,1
400,6,0.94104218483,0.0001,0.01,1,s3-s4,2.20210390627e-13,1.06810124449e-07,1,1
400,6,0.870968103409,0.0001,0.01,0,s4-s5,0.147499868326,2.74934798257e-18,0,0
400,6,0.870968103409,0.0001,0.01,0,s3-s6,0.0426608643768,5.12596368078e-18,0,0
400,6,0.870968103409,0.0001,0.01,0,s5-s6,0.0201051140483,3.58443974297e-14,0,0
400,6,0.870968103409,0.0001,0.01,0,s3-s4,0.00604712012799,4.26120570677e-19,0,0
400,6,0.790222883224,0.0001,0.01,-1,s4-s5,0.16590440579,0.335009767381,-1,-1
400,6,0.790222883224,0.0001,0.01,-1,s3-s6,0.167766994062,3.64563319091e-05,0,-1
400,6,0.790222883224,0.0001,0.01,-1,s5-s6,0.0593617128546,0.0534343288909,-1,-1
400,6,0.790222883224,0.0001,0.01,-1,s3-s4,0.0982648510479,0.0528547191757,-1,-1
400,6,0.91105222702,0.0005,0.01,1,s4-s5,2.61669358193e-10,7.88471528711e-16,1,1
400,6,0.91105222702,0.0005,0.01,1,s3-s6,3.12705668979e-08,1.33727003271e-18,1,1
400,6,0.91105222702,0.0005,0.01,1,s5-s6,5.04742476684e-11,7.61673282495e-14,1,1
400,6,0.91105222702,0.0005,0.01,1,s3-s4,1.65917227782e-11,3.37933945341e-06,1,1
400,6,0.940747022629,0.0005,0.01,0,s4-s5,0.040889416599,1.08202301721e-25,0,0
400,6,0.940747022629,0.0005,0.01,0,s3-s6,0.0453637156871,9.79419430392e-11,0,0
400,6,0.940747022629,0.0005,0.01,0,s5-s6,0.0208592900615,9.15726265955e-10,0,0
400,6,0.940747022629,0.0005,0.01,0,s3-s4,0.193966339017,6.32766641397e-13,0,0
400,6,0.884217977524,0.0005,0.01,-1,s4-s5,0.0447805223043,0.0710246799809,-1,-1
400,6,0.884217977524,0.0005,0.01,-1,s3-s6,0.133033377064,0.00635744011352,-1,-1
400,6,0.884217977524,0.0005,0.01,-1,s5-s6,0.00659726161157,0.000220355337193,0,-1
400,6,0.884217977524,0.0005,0.01,-1,s3-s4,0.000444764722692,2.95497538635e-07,1,-1
400,6,0.884612083435,0.001,0.01,1,s4-s5,6.34801387485e-13,8.61863554232e-36,1,1
400,6,0.884612083435,0.001,0.01,1,s3-s6,3.29411392989e-10,3.27711955702e-47,1,1
400,6,0.884612083435,0.001,0.01,1,s5-s6,4.29167673531e-09,1.37091708173e-32,1,1
400,6,0.884612083435,0.001,0.01,1,s3-s4,3.76679167424e-09,8.13790239164e-16,1,1
400,6,0.926082372665,0.001,0.01,0,s4-s5,0.484614088868,1.83059167342e-27,0,0
400,6,0.926082372665,0.001,0.01,0,s3-s6,0.12795037218,8.74404021805e-17,0,0
400,6,0.926082372665,0.001,0.01,0,s5-s6,0.111264265757,4.33387338755e-15,0,0
400,6,0.926082372665,0.001,0.01,0,s3-s4,0.023139059836,1.56602887906e-45,0,0
400,6,0.763733625412,0.001,0.01,-1,s4-s5,0.317916570646,0.53202333519,-1,-1
400,6,0.763733625412,0.001,0.01,-1,s3-s6,0.00798229638295,0.00186110028233,-1,-1
400,6,0.763733625412,0.001,0.01,-1,s5-s6,0.271869340475,0.333322603536,-1,-1
400,6,0.763733625412,0.001,0.01,-1,s3-s4,0.178386384801,0.0836342441737,-1,-1
400,6,0.852553367615,0.005,0.01,1,s4-s5,2.29412920577e-10,6.88555356456e-54,1,1
400,6,0.852553367615,0.005,0.01,1,s3-s6,2.97098579308e-06,6.23904010959e-37,1,1
400,6,0.852553367615,0.005,0.01,1,s5-s6,1.06718014963e-12,5.85510773781e-19,1,1
400,6,0.852553367615,0.005,0.01,1,s3-s4,1.21553332985e-09,8.96779107615e-60,1,1
400,6,0.851407527924,0.005,0.01,0,s4-s5,0.0407140597418,3.47095222666e-35,0,0
400,6,0.851407527924,0.005,0.01,0,s3-s6,0.484614088868,7.93306670523e-22,0,0
400,6,0.851407527924,0.005,0.01,0,s5-s6,0.124024605134,1.05307287724e-08,0,0
400,6,0.851407527924,0.005,0.01,0,s3-s4,0.0586419750853,7.23017683072e-16,0,0
400,6,0.868347167969,0.005,0.01,-1,s4-s5,0.191128952039,0.00148916594357,0,-1
400,6,0.868347167969,0.005,0.01,-1,s3-s6,0.156373780826,0.0023506457513,0,-1
400,6,0.868347167969,0.005,0.01,-1,s5-s6,0.0288910881477,0.116130605655,-1,-1
400,6,0.868347167969,0.005,0.01,-1,s3-s4,0.0649066780809,0.392813817303,-1,-1
400,6,0.871455907822,0.01,0.01,1,s4-s5,1.75048473777e-06,1.29484111064e-29,1,1
400,6,0.871455907822,0.01,0.01,1,s3-s6,7.15431914595e-14,6.44711509373e-47,1,1
400,6,0.871455907822,0.01,0.01,1,s5-s6,1.18694830042e-15,3.93721453269e-05,1,1
400,6,0.871455907822,0.01,0.01,1,s3-s4,2.79150593879e-14,1.47621753656e-29,1,1
400,6,0.89507651329,0.01,0.01,0,s4-s5,0.061009684136,3.25631586057e-20,0,0
400,6,0.89507651329,0.01,0.01,0,s3-s6,0.00659726161157,1.96885079002e-28,0,0
400,6,0.89507651329,0.01,0.01,0,s5-s6,0.0747379600328,5.37378371716e-13,0,0
400,6,0.89507651329,0.01,0.01,0,s3-s4,0.00645885747732,5.43325468632e-17,0,0
400,6,0.774945020676,0.01,0.01,-1,s4-s5,0.109695686311,0.000166615565095,0,-1
400,6,0.774945020676,0.01,0.01,-1,s3-s6,0.0157907575606,0.136427209758,-1,-1
400,6,0.774945020676,0.01,0.01,-1,s5-s6,0.00424288114927,0.580501842012,-1,-1
400,6,0.774945020676,0.01,0.01,-1,s3-s4,0.00443053108604,0.336149236295,-1,-1
400,6,0.833938121796,0.05,0.01,1,s4-s5,7.15431914595e-14,1.86236976651e-43,1,1
400,6,0.833938121796,0.05,0.01,1,s3-s6,2.62672854228e-09,7.45305114355e-18,1,1
400,6,0.833938121796,0.05,0.01,1,s5-s6,8.05655855016e-11,1.39729903366e-32,1,1
400,6,0.833938121796,0.05,0.01,1,s3-s4,7.15431914595e-14,2.08618822283e-29,1,1
400,6,0.880279064178,0.05,0.01,0,s4-s5,0.14573643332,4.79500172239e-10,0,0
400,6,0.880279064178,0.05,0.01,0,s3-s6,0.0126570777201,7.71416182069e-14,0,0
400,6,0.880279064178,0.05,0.01,0,s5-s6,0.0122402303939,3.48574894871e-14,0,0
400,6,0.880279064178,0.05,0.01,0,s3-s4,0.176187427469,7.33673426725e-17,0,0
400,6,0.807167291641,0.05,0.01,-1,s4-s5,0.0658453927758,0.0259208505189,0,-1
400,6,0.807167291641,0.05,0.01,-1,s3-s6,0.0706953192872,0.259963334966,-1,-1
400,6,0.807167291641,0.05,0.01,-1,s5-s6,0.443108999293,0.19938794288,-1,-1
400,6,0.807167291641,0.05,0.01,-1,s3-s4,0.0891520444066,0.2607330962,-1,-1
400,6,0.854834794998,0.1,0.01,1,s4-s5,5.93240028611e-05,5.00366284687e-35,1,1
400,6,0.854834794998,0.1,0.01,1,s3-s6,4.27788093639e-10,8.68018389201e-34,1,1
400,6,0.854834794998,0.1,0.01,1,s5-s6,1.24781082836e-07,2.5115532874e-05,1,1
400,6,0.854834794998,0.1,0.01,1,s3-s4,2.12743644215e-12,3.8761705827e-07,1,1
400,6,0.842986822128,0.1,0.01,0,s4-s5,0.108928378292,9.90975245527e-58,0,0
400,6,0.842986822128,0.1,0.01,0,s3-s6,0.000641966279898,6.52304645069e-12,1,0
400,6,0.842986822128,0.1,0.01,0,s5-s6,0.0164090060419,4.41393242563e-09,0,0
400,6,0.842986822128,0.1,0.01,0,s3-s4,0.0891520444066,1.40916921731e-13,0,0
400,6,0.995496988297,0.1,0.01,-1,s4-s5,0.484614088868,0.0592962879829,0,-1
400,6,0.995496988297,0.1,0.01,-1,s3-s6,0.00317325707015,0.00123839368531,0,-1
400,6,0.995496988297,0.1,0.01,-1,s5-s6,0.0297168695569,0.0284633162301,0,-1
400,6,0.995496988297,0.1,0.01,-1,s3-s4,0.0328117715051,0.0415231446657,0,-1
400,6,0.939424753189,0.2,0.01,1,s4-s5,5.03690731811e-12,1.00542649476e-36,1,1
400,6,0.939424753189,0.2,0.01,1,s3-s6,1.77647095978e-05,1.01106312451e-20,1,1
400,6,0.939424753189,0.2,0.01,1,s5-s6,4.86918749587e-11,5.85384834637e-08,1,1
400,6,0.939424753189,0.2,0.01,1,s3-s4,5.29928072059e-13,5.40754865082e-05,1,1
400,6,0.83211517334,0.2,0.01,0,s4-s5,0.406232939877,4.57158758132e-32,0,0
400,6,0.83211517334,0.2,0.01,0,s3-s6,0.00295283063346,1.89613113438e-11,0,0
400,6,0.83211517334,0.2,0.01,0,s5-s6,0.0716953966768,1.12576728936e-14,0,0
400,6,0.83211517334,0.2,0.01,0,s3-s4,0.0527908449493,2.13302772546e-21,0,0
400,6,0.759741544724,0.2,0.01,-1,s4-s5,0.353960669244,0.0247542727283,0,-1
400,6,0.759741544724,0.2,0.01,-1,s3-s6,0.00587056077237,0.000293328761947,0,-1
400,6,0.759741544724,0.2,0.01,-1,s5-s6,0.130046973015,0.00471729604003,0,-1
400,6,0.759741544724,0.2,0.01,-1,s3-s4,0.229006623174,0.307847588383,-1,-1
400,6,0.909515857697,0.4,0.01,1,s4-s5,3.73229777303e-17,5.39927870145e-59,1,1
400,6,0.909515857697,0.4,0.01,1,s3-s6,1.32937668182e-07,4.06402043148e-19,1,1
400,6,0.909515857697,0.4,0.01,1,s5-s6,5.2556486142e-13,0.000253581726567,1,1
400,6,0.909515857697,0.4,0.01,1,s3-s4,9.76085538829e-10,2.1312825825e-08,1,1
400,6,0.790082931519,0.4,0.01,0,s4-s5,0.0530998852658,6.11046659884e-49,0,0
400,6,0.790082931519,0.4,0.01,0,s3-s6,0.317916570646,2.00006092381e-17,0,0
400,6,0.790082931519,0.4,0.01,0,s5-s6,0.027497918331,8.89205667792e-18,0,0
400,6,0.790082931519,0.4,0.01,0,s3-s4,0.222775758159,1.33161134036e-13,0,0
400,6,0.860487222672,0.4,0.01,-1,s4-s5,0.274048288547,0.0809829400395,0,-1
400,6,0.860487222672,0.4,0.01,-1,s3-s6,0.0453637156871,0.0700385868739,0,-1
400,6,0.860487222672,0.4,0.01,-1,s5-s6,0.161786060809,0.00357586313402,0,-1
400,6,0.860487222672,0.4,0.01,-1,s3-s4,0.193966339017,0.160271901534,0,-1
400,7,0.886108875275,0.0001,0.01,1,s4-s5,4.21247963583e-12,5.78700591337e-33,1,1
400,7,0.886108875275,0.0001,0.01,1,s3-s6,1.21307722464e-09,2.19616260034e-60,1,1
400,7,0.886108875275,0.0001,0.01,1,s5-s6,4.50244698122e-10,6.94207049812e-10,1,1
400,7,0.886108875275,0.0001,0.01,1,s3-s4,2.65872230524e-09,1.97619130779e-06,1,1
400,7,0.829045772552,0.0001,0.01,0,s4-s5,0.00497588691534,7.62648881385e-16,0,0
400,7,0.829045772552,0.0001,0.01,0,s3-s6,0.0276257900527,1.70216266406e-21,0,0
400,7,0.829045772552,0.0001,0.01,0,s5-s6,0.115446985377,6.58196558221e-12,0,0
400,7,0.829045772552,0.0001,0.01,0,s3-s4,0.123828296131,4.86107680007e-14,0,0
400,7,0.821386575699,0.0001,0.01,-1,s4-s5,0.0455783436152,0.0582373379594,-1,-1
400,7,0.821386575699,0.0001,0.01,-1,s3-s6,0.181512745107,0.0451063750889,-1,-1
400,7,0.821386575699,0.0001,0.01,-1,s5-s6,0.133796406843,0.0398133749828,-1,-1
400,7,0.821386575699,0.0001,0.01,-1,s3-s4,0.0276257900527,0.127078091601,-1,-1
400,7,0.889781475067,0.0005,0.01,1,s4-s5,1.35772054107e-05,4.60358859212e-21,1,1
400,7,0.889781475067,0.0005,0.01,1,s3-s6,3.45747136951e-08,1.26613329421e-29,1,1
400,7,0.889781475067,0.0005,0.01,1,s5-s6,3.03821914841e-12,8.34698538635e-08,1,1
400,7,0.889781475067,0.0005,0.01,1,s3-s4,6.98174271824e-10,4.45903361926e-10,1,1
400,7,0.830420970917,0.0005,0.01,0,s4-s5,0.0733667129748,2.13972799899e-11,0,0
400,7,0.830420970917,0.0005,0.01,0,s3-s6,0.047738191204,6.85703135604e-13,0,0
400,7,0.830420970917,0.0005,0.01,0,s5-s6,0.206641569593,5.61587020347e-11,0,0
400,7,0.830420970917,0.0005,0.01,0,s3-s4,0.0448192453739,1.01251956851e-36,0,0
400,7,0.734506368637,0.0005,0.01,-1,s4-s5,0.193966339017,0.38933167085,-1,-1
400,7,0.734506368637,0.0005,0.01,-1,s3-s6,0.148340662235,0.0416904517868,-1,-1
400,7,0.734506368637,0.0005,0.01,-1,s5-s6,0.318106248066,0.2956213134,-1,-1
400,7,0.734506368637,0.0005,0.01,-1,s3-s4,0.316700701538,0.255364065682,-1,-1
400,7,0.858050584793,0.001,0.01,1,s4-s5,6.75880267221e-09,1.02127480266e-24,1,1
400,7,0.858050584793,0.001,0.01,1,s3-s6,1.69688348191e-11,4.32788250389e-28,1,1
400,7,0.858050584793,0.001,0.01,1,s5-s6,4.65591968251e-07,9.50264110496e-33,1,1
400,7,0.858050584793,0.001,0.01,1,s3-s4,1.18562881221e-11,4.57235499952e-09,1,1
400,7,0.826590061188,0.001,0.01,0,s4-s5,0.248562798136,2.23724762003e-15,0,0
400,7,0.826590061188,0.001,0.01,0,s3-s6,0.021417395406,5.99244628522e-15,0,0
400,7,0.826590061188,0.001,0.01,0,s5-s6,0.313932368252,1.37970730187e-13,0,0
400,7,0.826590061188,0.001,0.01,0,s3-s4,0.0112609595143,1.73798691351e-29,0,0
400,7,0.831368923187,0.001,0.01,-1,s4-s5,0.00130567274419,0.00101188627562,-1,-1
400,7,0.831368923187,0.001,0.01,-1,s3-s6,0.044634893287,0.155795756751,-1,-1
400,7,0.831368923187,0.001,0.01,-1,s5-s6,0.00915557446129,0.00395657183191,-1,-1
400,7,0.831368923187,0.001,0.01,-1,s3-s4,0.0891520444066,0.0387067001844,-1,-1
400,7,0.998417377472,0.005,0.01,1,s4-s5,4.35954332946e-11,3.02747664777e-41,1,1
400,7,0.998417377472,0.005,0.01,1,s3-s6,1.15877584075e-11,5.94227560642e-52,1,1
400,7,0.998417377472,0.005,0.01,1,s5-s6,1.91932359395e-14,1.08745774805e-18,1,1
400,7,0.998417377472,0.005,0.01,1,s3-s4,7.27461733676e-08,3.76914329871e-08,1,1
400,7,0.908284187317,0.005,0.01,0,s4-s5,0.0473716652506,6.0994149232e-14,0,0
400,7,0.908284187317,0.005,0.01,0,s3-s6,0.150866949704,2.16002752241e-14,0,0
400,7,0.908284187317,0.005,0.01,0,s5-s6,0.0112589235246,1.02440003867e-23,0,0
400,7,0.908284187317,0.005,0.01,0,s3-s4,0.116047736385,1.51465031949e-43,0,0
400,7,0.776284217834,0.005,0.01,-1,s4-s5,0.230594574139,0.287798337715,-1,-1
400,7,0.776284217834,0.005,0.01,-1,s3-s6,0.0276257900527,0.189587468111,-1,-1
400,7,0.776284217834,0.005,0.01,-1,s5-s6,0.0701038549692,0.127465770682,-1,-1
400,7,0.776284217834,0.005,0.01,-1,s3-s4,0.0781459412922,0.154358782255,-1,-1
400,7,0.871300935745,0.01,0.01,1,s4-s5,2.40580432626e-10,9.78826962833e-76,1,1
400,7,0.871300935745,0.01,0.01,1,s3-s6,2.53903179658e-11,1.65582086819e-17,1,1
400,7,0.871300935745,0.01,0.01,1,s5-s6,2.60934965968e-13,3.16979558319e-07,1,1
400,7,0.871300935745,0.01,0.01,1,s3-s4,5.77190611593e-09,2.58676797751e-44,1,1
400,7,0.809404611588,0.01,0.01,0,s4-s5,0.063216519217,3.04574757898e-08,0,0
400,7,0.809404611588,0.01,0.01,0,s3-s6,0.119856934202,2.71937814224e-22,0,0
400,7,0.809404611588,0.01,0.01,0,s5-s6,0.133796406843,6.11703388791e-24,0,0
400,7,0.809404611588,0.01,0.01,0,s3-s4,0.133796406843,2.80257530602e-06,0,0
400,7,0.769513607025,0.01,0.01,-1,s4-s5,0.145009007954,0.270034877217,-1,-1
400,7,0.769513607025,0.01,0.01,-1,s3-s6,0.271869340475,0.274295622048,-1,-1
400,7,0.769513607025,0.01,0.01,-1,s5-s6,0.358081878966,0.396807147663,-1,-1
400,7,0.769513607025,0.01,0.01,-1,s3-s4,0.172335110578,0.100085014698,-1,-1
400,7,0.971111536026,0.05,0.01,1,s4-s5,7.18129747341e-08,6.26199717715e-20,1,1
400,7,0.971111536026,0.05,0.01,1,s3-s6,7.40337989339e-12,3.02444061944e-24,1,1
400,7,0.971111536026,0.05,0.01,1,s5-s6,5.61461643599e-11,5.17744500003e-07,1,1
400,7,0.971111536026,0.05,0.01,1,s3-s4,3.50588183489e-14,4.23308928964e-07,1,1
400,7,0.853021621704,0.05,0.01,0,s4-s5,0.328276935961,2.71490184268e-13,0,0
400,7,0.853021621704,0.05,0.01,0,s3-s6,0.230594574139,1.17932168537e-24,0,0
400,7,0.853021621704,0.05,0.01,0,s5-s6,0.0185138067095,1.95624766927e-11,0,0
400,7,0.853021621704,0.05,0.01,0,s3-s4,0.0212602310334,1.26396239946e-24,0,0
400,7,0.811267137527,0.05,0.01,-1,s4-s5,0.0424598219801,0.0198383475029,0,-1
400,7,0.811267137527,0.05,0.01,-1,s3-s6,0.301117291784,0.121609499458,-1,-1
400,7,0.811267137527,0.05,0.01,-1,s5-s6,0.052814817727,0.0704937510375,-1,-1
400,7,0.811267137527,0.05,0.01,-1,s3-s4,0.230604228136,0.430850548778,-1,-1
400,7,0.881349802017,0.1,0.01,1,s4-s5,2.58184850465e-06,2.25085639881e-15,1,1
400,7,0.881349802017,0.1,0.01,1,s3-s6,9.91063835099e-12,4.91482105367e-26,1,1
400,7,0.881349802017,0.1,0.01,1,s5-s6,1.56081273208e-14,4.43599054651e-06,1,1
400,7,0.881349802017,0.1,0.01,1,s3-s4,1.65917227782e-11,6.95961854226e-30,1,1
400,7,0.791491031647,0.1,0.01,0,s4-s5,0.0212602310334,8.57886138387e-20,0,0
400,7,0.791491031647,0.1,0.01,0,s3-s6,0.000805819596795,2.1755174166e-10,1,0
400,7,0.791491031647,0.1,0.01,0,s5-s6,0.0356631151413,2.79798906685e-15,0,0
400,7,0.791491031647,0.1,0.01,0,s3-s4,0.230539238548,3.56242951693e-38,0,0
400,7,0.79985833168,0.1,0.01,-1,s4-s5,0.296021382513,0.00198762139105,0,-1
400,7,0.79985833168,0.1,0.01,-1,s3-s6,0.120590980165,0.00607051149327,0,-1
400,7,0.79985833168,0.1,0.01,-1,s5-s6,0.200243908236,0.0425826867189,0,-1
400,7,0.79985833168,0.1,0.01,-1,s3-s4,0.484614088868,0.0841129152561,0,-1
400,7,0.890413999557,0.2,0.01,1,s4-s5,1.20165063481e-05,4.07006540597e-26,1,1
400,7,0.890413999557,0.2,0.01,1,s3-s6,1.29378049491e-08,3.17357911468e-34,1,1
400,7,0.890413999557,0.2,0.01,1,s5-s6,3.66948451188e-12,1.79754345433e-06,1,1
400,7,0.890413999557,0.2,0.01,1,s3-s4,7.74975652048e-10,3.45700107382e-09,1,1
400,7,0.789848566055,0.2,0.01,0,s4-s5,0.00527399009614,8.36967104424e-27,0,0
400,7,0.789848566055,0.2,0.01,0,s3-s6,0.201628469357,3.54670536091e-38,0,0
400,7,0.789848566055,0.2,0.01,0,s5-s6,0.612707724121,1.68280166315e-49,0,0
400,7,0.789848566055,0.2,0.01,0,s3-s4,0.00527399009614,8.09027686963e-15,0,0
400,7,0.86510014534,0.2,0.01,-1,s4-s5,0.0027566561281,0.00097425294153,0,-1
400,7,0.86510014534,0.2,0.01,-1,s3-s6,0.48853396423,0.158304901967,0,-1
400,7,0.86510014534,0.2,0.01,-1,s5-s6,0.0352696259352,0.00204406742925,0,-1
400,7,0.86510014534,0.2,0.01,-1,s3-s4,0.154896078449,6.17508215546e-05,0,-1
400,7,0.864114999771,0.4,0.01,1,s4-s5,2.49588733704e-05,3.11156306483e-28,1,1
400,7,0.864114999771,0.4,0.01,1,s3-s6,7.74096117217e-11,1.09130234933e-26,1,1
400,7,0.864114999771,0.4,0.01,1,s5-s6,7.56910068834e-13,9.74115728277e-40,1,1
400,7,0.864114999771,0.4,0.01,1,s3-s4,1.59793108216e-10,1.73147490661e-05,1,1
400,7,0.84570813179,0.4,0.01,0,s4-s5,0.110942823599,5.75857703915e-22,0,0
400,7,0.84570813179,0.4,0.01,0,s3-s6,0.0341566895115,4.40382184386e-24,0,0
400,7,0.84570813179,0.4,0.01,0,s5-s6,0.0191653731209,2.66605323376e-19,0,0
400,7,0.84570813179,0.4,0.01,0,s3-s4,0.236888917233,6.99674143549e-13,0,0
400,7,0.875048160553,0.4,0.01,-1,s4-s5,0.212744651668,0.0614010535033,0,-1
400,7,0.875048160553,0.4,0.01,-1,s3-s6,0.274048288547,0.0256695690119,0,-1
400,7,0.875048160553,0.4,0.01,-1,s5-s6,0.0631701644327,0.105011645714,0,-1
400,7,0.875048160553,0.4,0.01,-1,s3-s4,0.121366542762,0.00070838327665,0,-1
400,8,0.847014904022,0.0001,0.01,1,s4-s5,7.18129747341e-08,6.28053342145e-41,1,1
400,8,0.847014904022,0.0001,0.01,1,s3-s6,1.9853850176e-11,1.13061476287e-27,1,1
400,8,0.847014904022,0.0001,0.01,1,s5-s6,1.04564649109e-16,1.54338192264e-06,1,1
400,8,0.847014904022,0.0001,0.01,1,s3-s4,1.52996086876e-13,0.000100277939828,1,1
400,8,0.835849761963,0.0001,0.01,0,s4-s5,0.054974923247,5.69940761822e-18,0,0
400,8,0.835849761963,0.0001,0.01,0,s3-s6,0.333216788701,7.06172022022e-13,0,0
400,8,0.835849761963,0.0001,0.01,0,s5-s6,0.0453637156871,3.0395769378e-50,0,0
400,8,0.835849761963,0.0001,0.01,0,s3-s4,0.230594574139,2.17495833e-15,0,0
400,8,0.774255275726,0.0001,0.01,-1,s4-s5,0.0326171497472,0.000313336050209,-1,-1
400,8,0.774255275726,0.0001,0.01,-1,s3-s6,0.271869340475,0.00632268113547,-1,-1
400,8,0.774255275726,0.0001,0.01,-1,s5-s6,0.138030176165,1.17501665851e-09,0,-1
400,8,0.774255275726,0.0001,0.01,-1,s3-s4,0.070222452993,0.132026036374,-1,-1
400,8,0.891989946365,0.0005,0.01,1,s4-s5,5.61461643599e-11,9.63270669829e-25,1,1
400,8,0.891989946365,0.0005,0.01,1,s3-s6,1.78904190896e-06,3.32683241175e-28,1,1
400,8,0.891989946365,0.0005,0.01,1,s5-s6,2.10162461206e-10,6.36148046103e-15,1,1
400,8,0.891989946365,0.0005,0.01,1,s3-s4,1.95756706694e-15,1.76278801021e-05,1,1
400,8,0.839690923691,0.0005,0.01,0,s4-s5,0.0555953776403,1.39385227072e-21,0,0
400,8,0.839690923691,0.0005,0.01,0,s3-s6,0.0891520444066,1.13716898017e-10,0,0
400,8,0.839690923691,0.0005,0.01,0,s5-s6,0.3297013723,3.19398826846e-18,0,0
400,8,0.839690923691,0.0005,0.01,0,s3-s4,0.0550335830824,3.39052338997e-09,0,0
400,8,0.807690620422,0.0005,0.01,-1,s4-s5,0.0589256075131,0.0634510476095,-1,-1
400,8,0.807690620422,0.0005,0.01,-1,s3-s6,0.0323125689093,0.31168061886,-1,-1
400,8,0.807690620422,0.0005,0.01,-1,s5-s6,0.0276257900527,0.0579757625269,-1,-1
400,8,0.807690620422,0.0005,0.01,-1,s3-s4,0.00497588691534,0.00104362012942,-1,-1
400,8,0.861004829407,0.001,0.01,1,s4-s5,1.63203527686e-07,1.17181312881e-39,1,1
400,8,0.861004829407,0.001,0.01,1,s3-s6,3.28266548593e-06,8.51827530712e-30,1,1
400,8,0.861004829407,0.001,0.01,1,s5-s6,1.21553332985e-09,1.28764772575e-40,1,1
400,8,0.861004829407,0.001,0.01,1,s3-s4,7.07143530004e-12,1.26672058004e-05,1,1
400,8,0.81893992424,0.001,0.01,0,s4-s5,0.248650013606,1.16932916274e-12,0,0
400,8,0.81893992424,0.001,0.01,0,s3-s6,0.271869340475,8.9394900023e-18,0,0
400,8,0.81893992424,0.001,0.01,0,s5-s6,0.0311388465731,1.43518272985e-36,0,0
400,8,0.81893992424,0.001,0.01,0,s3-s4,0.00698479688859,4.77814056702e-16,0,0
400,8,0.815361499786,0.001,0.01,-1,s4-s5,0.0429262696496,0.0836180628198,-1,-1
400,8,0.815361499786,0.001,0.01,-1,s3-s6,0.356412444008,0.0252947655275,-1,-1
400,8,0.815361499786,0.001,0.01,-1,s5-s6,0.230594574139,0.00805177212905,-1,-1
400,8,0.815361499786,0.001,0.01,-1,s3-s4,0.193094168961,0.0254227133687,-1,-1
400,8,0.897882699966,0.005,0.01,1,s4-s5,2.40580432626e-10,7.58922402051e-20,1,1
400,8,0.897882699966,0.005,0.01,1,s3-s6,6.46633911005e-10,9.72329290862e-48,1,1
400,8,0.897882699966,0.005,0.01,1,s5-s6,2.04016480946e-14,9.93096709363e-08,1,1
400,8,0.897882699966,0.005,0.01,1,s3-s4,3.37143340718e-17,2.21786465491e-05,1,1
400,8,0.821766138077,0.005,0.01,0,s4-s5,0.112884535289,1.00828567003e-10,0,0
400,8,0.821766138077,0.005,0.01,0,s3-s6,0.271869340475,5.09331009889e-11,0,0
400,8,0.821766138077,0.005,0.01,0,s5-s6,0.24015906816,7.74173045595e-12,0,0
400,8,0.821766138077,0.005,0.01,0,s3-s4,0.00862938211043,3.59235435842e-18,0,0
400,8,0.818582773209,0.005,0.01,-1,s4-s5,0.000721867863441,5.12157039706e-07,1,-1
400,8,0.818582773209,0.005,0.01,-1,s3-s6,0.0288910881477,0.0337041628641,-1,-1
400,8,0.818582773209,0.005,0.01,-1,s5-s6,0.208010434005,0.000102839035956,0,-1
400,8,0.818582773209,0.005,0.01,-1,s3-s4,0.0521639226422,0.0178056221783,-1,-1
400,8,0.859034776688,0.01,0.01,1,s4-s5,2.6968009179e-14,2.45945764562e-22,1,1
400,8,0.859034776688,0.01,0.01,1,s3-s6,1.1752345409e-05,2.76623862031e-17,1,1
400,8,0.859034776688,0.01,0.01,1,s5-s6,1.0100608812e-13,3.74662944591e-09,1,1
400,8,0.859034776688,0.01,0.01,1,s3-s4,1.36617869879e-07,2.64348536304e-09,1,1
400,8,0.792063474655,0.01,0.01,0,s4-s5,0.0417365554273,6.12800717957e-29,0,0
400,8,0.792063474655,0.01,0.01,0,s3-s6,0.321612066785,1.70159304726e-45,0,0
400,8,0.792063474655,0.01,0.01,0,s5-s6,0.169937223672,2.84424228188e-14,0,0
400,8,0.792063474655,0.01,0.01,0,s3-s4,0.063216519217,6.60553812919e-27,0,0
400,8,0.841667413712,0.01,0.01,-1,s4-s5,0.0573366429203,0.000428049883864,0,-1
400,8,0.841667413712,0.01,0.01,-1,s3-s6,0.054253073485,0.13225191634,-1,-1
400,8,0.841667413712,0.01,0.01,-1,s5-s6,0.0407140597418,0.197594562876,-1,-1
400,8,0.841667413712,0.01,0.01,-1,s3-s4,0.0405567084261,0.000142101911731,0,-1
400,8,0.863014936447,0.05,0.01,1,s4-s5,3.7441429259e-13,1.44318265788e-21,1,1
400,8,0.863014936447,0.05,0.01,1,s3-s6,6.46975994572e-09,7.15013340246e-20,1,1
400,8,0.863014936447,0.05,0.01,1,s5-s6,3.81781518014e-08,4.68144684e-09,1,1
400,8,0.863014936447,0.05,0.01,1,s3-s4,5.51709078808e-10,8.74014685783e-09,1,1
400,8,0.810044050217,0.05,0.01,0,s4-s5,0.057336386396,5.88366164974e-16,0,0
400,8,0.810044050217,0.05,0.01,0,s3-s6,0.159831349807,4.57559098143e-19,0,0
400,8,0.810044050217,0.05,0.01,0,s5-s6,0.0538482796306,1.41140630233e-26,0,0
400,8,0.810044050217,0.05,0.01,0,s3-s4,0.271869340475,2.40345563742e-35,0,0
400,8,0.810467004776,0.05,0.01,-1,s4-s5,0.0968935604984,0.15569259013,-1,-1
400,8,0.810467004776,0.05,0.01,-1,s3-s6,0.0111238589677,0.0343581531354,0,-1
400,8,0.810467004776,0.05,0.01,-1,s5-s6,0.0212602310334,0.012378812758,0,-1
400,8,0.810467004776,0.05,0.01,-1,s3-s4,0.212744651668,0.0367709492851,0,-1
400,8,0.873719215393,0.1,0.01,1,s4-s5,2.18704415617e-08,1.32236186387e-18,1,1
400,8,0.873719215393,0.1,0.01,1,s3-s6,1.64390860409e-09,6.44474464027e-18,1,1
400,8,0.873719215393,0.1,0.01,1,s5-s6,5.23630167902e-12,4.18640132996e-10,1,1
400,8,0.873719215393,0.1,0.01,1,s3-s4,6.74686664302e-16,8.61995342752e-09,1,1
400,8,0.79935336113,0.1,0.01,0,s4-s5,0.332651851892,3.99587798666e-27,0,0
400,8,0.79935336113,0.1,0.01,0,s3-s6,0.213191327222,1.42152309657e-12,0,0
400,8,0.79935336113,0.1,0.01,0,s5-s6,0.122797719238,1.31565477618e-19,0,0
400,8,0.79935336113,0.1,0.01,0,s3-s4,0.689679980602,2.19125705304e-17,0,0
400,8,0.811888217926,0.1,0.01,-1,s4-s5,0.0530998852658,0.468091657635,-1,-1
400,8,0.811888217926,0.1,0.01,-1,s3-s6,0.0453637156871,0.0600803794364,0,-1
400,8,0.811888217926,0.1,0.01,-1,s5-s6,0.0464772743029,0.00714664846474,0,-1
400,8,0.811888217926,0.1,0.01,-1,s3-s4,0.109695686311,3.63120640725e-06,0,-1
400,8,0.875032186508,0.2,0.01,1,s4-s5,5.49436900604e-07,6.93634811578e-18,1,1
400,8,0.875032186508,0.2,0.01,1,s3-s6,1.62976895585e-07,2.02423089596e-58,1,1
400,8,0.875032186508,0.2,0.01,1,s5-s6,5.11777733191e-12,6.21805128554e-05,1,1
400,8,0.875032186508,0.2,0.01,1,s3-s4,3.31114335916e-14,1.59712724812e-08,1,1
400,8,0.790432691574,0.2,0.01,0,s4-s5,0.0470171849649,1.20564261739e-32,0,0
400,8,0.790432691574,0.2,0.01,0,s3-s6,0.323147289264,3.7435605588e-18,0,0
400,8,0.790432691574,0.2,0.01,0,s5-s6,0.011645794723,1.83397906304e-17,0,0
400,8,0.790432691574,0.2,0.01,0,s3-s4,0.211640847431,3.5181604442e-17,0,0
400,8,0.80339384079,0.2,0.01,-1,s4-s5,0.101719574354,3.90111568625e-07,0,-1
400,8,0.80339384079,0.2,0.01,-1,s3-s6,0.1474780017,0.0122806112239,0,-1
400,8,0.80339384079,0.2,0.01,-1,s5-s6,0.0948605586155,0.0154481628694,0,-1
400,8,0.80339384079,0.2,0.01,-1,s3-s4,0.0718168297531,0.0029844604316,0,-1
400,8,0.858694314957,0.4,0.01,1,s4-s5,4.05786375665e-10,8.5440913635e-23,1,1
400,8,0.858694314957,0.4,0.01,1,s3-s6,5.0305712694e-08,4.65676329358e-40,1,1
400,8,0.858694314957,0.4,0.01,1,s5-s6,1.41901995494e-06,6.51604549669e-08,1,1
400,8,0.858694314957,0.4,0.01,1,s3-s4,6.76390855644e-12,1.64370036058e-05,1,1
400,8,0.812743186951,0.4,0.01,0,s4-s5,0.0347178407256,3.5289139553e-10,0,0
400,8,0.812743186951,0.4,0.01,0,s3-s6,0.193966339017,6.48361090694e-22,0,0
400,8,0.812743186951,0.4,0.01,0,s5-s6,0.388828015367,2.77832650686e-10,0,0
400,8,0.812743186951,0.4,0.01,0,s3-s4,0.0529418546412,3.43409605301e-34,0,0
400,8,0.810678482056,0.4,0.01,-1,s4-s5,0.00306303538222,4.84887999919e-07,0,-1
400,8,0.810678482056,0.4,0.01,-1,s3-s6,0.227604022067,0.0105283542968,0,-1
400,8,0.810678482056,0.4,0.01,-1,s5-s6,0.138030176165,0.0806382633829,0,-1
400,8,0.810678482056,0.4,0.01,-1,s3-s4,0.0213466116524,0.215885094254,0,-1
400,9,0.842304229736,0.0001,0.01,1,s4-s5,4.95120549109e-16,2.18270108406e-39,1,1
400,9,0.842304229736,0.0001,0.01,1,s3-s6,4.30702913667e-05,2.27922219859e-32,1,1
400,9,0.842304229736,0.0001,0.01,1,s5-s6,8.89290105625e-11,6.60280679784e-09,1,1
400,9,0.842304229736,0.0001,0.01,1,s3-s4,2.50642895196e-12,1.41915522754e-06,1,1
400,9,0.89347910881,0.0001,0.01,0,s4-s5,0.0624053125242,9.18342200817e-25,0,0
400,9,0.89347910881,0.0001,0.01,0,s3-s6,0.284150348898,1.22406747929e-17,0,0
400,9,0.89347910881,0.0001,0.01,0,s5-s6,0.0707533157501,7.46179286047e-11,0,0
400,9,0.89347910881,0.0001,0.01,0,s3-s4,0.0211581062789,1.2147789648e-13,0,0
400,9,0.787630081177,0.0001,0.01,-1,s4-s5,0.230594574139,0.0725574317156,-1,-1
400,9,0.787630081177,0.0001,0.01,-1,s3-s6,0.0122402303939,0.0863535514917,-1,-1
400,9,0.787630081177,0.0001,0.01,-1,s5-s6,0.0807579255966,0.16267380848,-1,-1
400,9,0.787630081177,0.0001,0.01,-1,s3-s4,0.142575326091,0.000390115173991,-1,-1
400,9,0.877640962601,0.0005,0.01,1,s4-s5,5.04742476684e-11,3.38713050338e-51,1,1
400,9,0.877640962601,0.0005,0.01,1,s3-s6,1.44104037563e-08,1.39116239927e-15,1,1
400,9,0.877640962601,0.0005,0.01,1,s5-s6,1.82217526022e-13,5.50098432256e-30,1,1
400,9,0.877640962601,0.0005,0.01,1,s3-s4,2.43300106205e-15,9.91469767971e-09,1,1
400,9,0.845965147018,0.0005,0.01,0,s4-s5,0.0118777553435,5.23863549443e-23,0,0
400,9,0.845965147018,0.0005,0.01,0,s3-s6,0.249399125133,1.26719167565e-13,0,0
400,9,0.845965147018,0.0005,0.01,0,s5-s6,0.424786677108,2.17202407277e-15,0,0
400,9,0.845965147018,0.0005,0.01,0,s3-s4,0.0295919035975,1.42055688618e-11,0,0
400,9,0.829950809479,0.0005,0.01,-1,s4-s5,0.029128075316,0.415130154097,-1,-1
400,9,0.829950809479,0.0005,0.01,-1,s3-s6,0.0247043894934,2.18299766808e-08,0,-1
400,9,0.829950809479,0.0005,0.01,-1,s5-s6,0.00500270966604,0.0890321835586,-1,-1
400,9,0.829950809479,0.0005,0.01,-1,s3-s4,0.0390695404235,0.0638973078644,-1,-1
400,9,0.87624502182,0.001,0.01,1,s4-s5,2.50642895196e-12,3.76428491749e-31,1,1
400,9,0.87624502182,0.001,0.01,1,s3-s6,9.68413131634e-12,8.58012666702e-49,1,1
400,9,0.87624502182,0.001,0.01,1,s5-s6,7.0681659186e-10,9.79705861027e-08,1,1
400,9,0.87624502182,0.001,0.01,1,s3-s4,1.60276913964e-08,2.31083363417e-05,1,1
400,9,0.875391960144,0.001,0.01,0,s4-s5,0.00244653400633,1.01837218794e-36,0,0
400,9,0.875391960144,0.001,0.01,0,s3-s6,0.0248136766496,2.0182992588e-12,0,0
400,9,0.875391960144,0.001,0.01,0,s5-s6,0.157935903523,4.25009087664e-09,0,0
400,9,0.875391960144,0.001,0.01,0,s3-s4,0.444365917139,4.52600406946e-13,0,0
400,9,0.818893194199,0.001,0.01,-1,s4-s5,0.0162083354887,0.0640071799457,-1,-1
400,9,0.818893194199,0.001,0.01,-1,s3-s6,0.227604022067,0.0155056582763,-1,-1
400,9,0.818893194199,0.001,0.01,-1,s5-s6,0.0962802662203,0.0402105261654,-1,-1
400,9,0.818893194199,0.001,0.01,-1,s3-s4,0.0144529301987,0.000456519836392,0,-1
400,9,0.868704319,0.005,0.01,1,s4-s5,1.8178582196e-12,5.59026844187e-79,1,1
400,9,0.868704319,0.005,0.01,1,s3-s6,8.76184037536e-08,3.60972439054e-29,1,1
400,9,0.868704319,0.005,0.01,1,s5-s6,5.70828870373e-14,1.75498981536e-07,1,1
400,9,0.868704319,0.005,0.01,1,s3-s4,2.93856364351e-11,1.29765668766e-32,1,1
400,9,0.918612241745,0.005,0.01,0,s4-s5,0.230594574139,3.5849708933e-19,0,0
400,9,0.918612241745,0.005,0.01,0,s3-s6,0.0573366429203,2.31606542918e-16,0,0
400,9,0.918612241745,0.005,0.01,0,s5-s6,0.0116836015066,2.64764489081e-16,0,0
400,9,0.918612241745,0.005,0.01,0,s3-s4,0.0363258518323,5.29844907175e-28,0,0
400,9,0.821217060089,0.005,0.01,-1,s4-s5,0.368776976286,0.121334011087,-1,-1
400,9,0.821217060089,0.005,0.01,-1,s3-s6,0.100553655695,0.130459059104,-1,-1
400,9,0.821217060089,0.005,0.01,-1,s5-s6,0.0993475477211,0.227929654942,-1,-1
400,9,0.821217060089,0.005,0.01,-1,s3-s4,0.00396010229794,0.000923113784829,0,-1
400,9,0.857436656952,0.01,0.01,1,s4-s5,1.49023685218e-10,2.19401237928e-37,1,1
400,9,0.857436656952,0.01,0.01,1,s3-s6,1.29100810823e-09,2.68738318675e-43,1,1
400,9,0.857436656952,0.01,0.01,1,s5-s6,7.24019776476e-11,1.10089880128e-12,1,1
400,9,0.857436656952,0.01,0.01,1,s3-s4,4.1400025856e-10,1.16603267558e-29,1,1
400,9,0.814759254456,0.01,0.01,0,s4-s5,0.0891520444066,4.71222818599e-38,0,0
400,9,0.814759254456,0.01,0.01,0,s3-s6,0.0721859317019,1.62653962212e-10,0,0
400,9,0.814759254456,0.01,0.01,0,s5-s6,0.405333278235,4.04889832866e-16,0,0
400,9,0.814759254456,0.01,0.01,0,s3-s4,0.0209368014767,4.83626931882e-27,0,0
400,9,0.820749044418,0.01,0.01,-1,s4-s5,0.0891520444066,0.153050633642,-1,-1
400,9,0.820749044418,0.01,0.01,-1,s3-s6,0.58923010666,0.00046702976638,0,-1
400,9,0.820749044418,0.01,0.01,-1,s5-s6,0.0891520444066,0.24707991916,-1,-1
400,9,0.820749044418,0.01,0.01,-1,s3-s4,0.230594574139,0.000422191143966,0,-1
400,9,0.879582881927,0.05,0.01,1,s4-s5,2.18270059635e-12,2.6197229365e-27,1,1
400,9,0.879582881927,0.05,0.01,1,s3-s6,2.79150593879e-14,1.04219675703e-20,1,1
400,9,0.879582881927,0.05,0.01,1,s5-s6,1.44066208589e-06,4.54110293597e-11,1,1
400,9,0.879582881927,0.05,0.01,1,s3-s4,7.20497208065e-16,4.01565364674e-06,1,1
400,9,0.7900826931,0.05,0.01,0,s4-s5,0.178749577508,3.0625159166e-16,0,0
400,9,0.7900826931,0.05,0.01,0,s3-s6,0.320074784722,2.05482276271e-10,0,0
400,9,0.7900826931,0.05,0.01,0,s5-s6,0.144054182423,2.30901556843e-32,0,0
400,9,0.7900826931,0.05,0.01,0,s3-s4,0.191405400891,7.20780688453e-42,0,0
400,9,0.90596985817,0.05,0.01,-1,s4-s5,0.270078527456,2.23857091326e-06,0,-1
400,9,0.90596985817,0.05,0.01,-1,s3-s6,0.109695686311,0.0654036874769,-1,-1
400,9,0.90596985817,0.05,0.01,-1,s5-s6,0.0884190989066,0.0230746321404,0,-1
400,9,0.90596985817,0.05,0.01,-1,s3-s4,0.0122402303939,0.0722362250179,-1,-1
400,9,0.890611171722,0.1,0.01,1,s4-s5,3.81781518014e-08,3.20646024173e-21,1,1
400,9,0.890611171722,0.1,0.01,1,s3-s6,2.65872230524e-09,2.98869393549e-29,1,1
400,9,0.890611171722,0.1,0.01,1,s5-s6,7.903117165e-08,6.95158373055e-07,1,1
400,9,0.890611171722,0.1,0.01,1,s3-s4,3.29411392989e-10,2.0174274841e-08,1,1
400,9,0.825228691101,0.1,0.01,0,s4-s5,0.000622828561553,3.34709402282e-10,1,0
400,9,0.825228691101,0.1,0.01,0,s3-s6,0.0245564400766,1.09271986709e-10,0,0
400,9,0.825228691101,0.1,0.01,0,s5-s6,0.00212371440573,1.06232287882e-42,0,0
400,9,0.825228691101,0.1,0.01,0,s3-s4,0.296299877399,1.50183963482e-22,0,0
400,9,0.835244417191,0.1,0.01,-1,s4-s5,0.0456274921337,0.27389989305,-1,-1
400,9,0.835244417191,0.1,0.01,-1,s3-s6,0.600936083506,0.0532066572112,0,-1
400,9,0.835244417191,0.1,0.01,-1,s5-s6,0.271869340475,0.00165754344351,0,-1
400,9,0.835244417191,0.1,0.01,-1,s3-s4,0.0891520444066,0.186759780968,-1,-1
400,9,0.881359100342,0.2,0.01,1,s4-s5,4.86225336371e-10,1.56357089125e-20,1,1
400,9,0.881359100342,0.2,0.01,1,s3-s6,4.34222245906e-14,1.70587953909e-33,1,1
400,9,0.881359100342,0.2,0.01,1,s5-s6,6.30196361022e-09,0.000777077628935,1,1
400,9,0.881359100342,0.2,0.01,1,s3-s4,1.22804238678e-13,2.00337981988e-14,1,1
400,9,0.81665802002,0.2,0.01,0,s4-s5,0.128834392943,6.33754600687e-15,0,0
400,9,0.81665802002,0.2,0.01,0,s3-s6,0.071499216342,1.2703368596e-15,0,0
400,9,0.81665802002,0.2,0.01,0,s5-s6,0.333216788701,3.2886468405e-22,0,0
400,9,0.81665802002,0.2,0.01,0,s3-s4,0.0384599459802,5.33404610496e-20,0,0
400,9,0.77801322937,0.2,0.01,-1,s4-s5,0.224582017023,0.0418124490687,0,-1
400,9,0.77801322937,0.2,0.01,-1,s3-s6,0.108267438535,0.296440961448,-1,-1
400,9,0.77801322937,0.2,0.01,-1,s5-s6,0.153839940266,0.783448068238,-1,-1
400,9,0.77801322937,0.2,0.01,-1,s3-s4,0.161786060809,0.0975264766089,0,-1
400,9,0.915171384811,0.4,0.01,1,s4-s5,4.49918574091e-11,3.1653368623e-42,1,1
400,9,0.915171384811,0.4,0.01,1,s3-s6,2.58413118397e-13,1.27166959213e-38,1,1
400,9,0.915171384811,0.4,0.01,1,s5-s6,8.17493652896e-06,4.58066683718e-11,1,1
400,9,0.915171384811,0.4,0.01,1,s3-s4,4.56280467538e-08,4.47954885573e-06,1,1
400,9,0.810529708862,0.4,0.01,0,s4-s5,0.169924195651,1.0776478572e-19,0,0
400,9,0.810529708862,0.4,0.01,0,s3-s6,0.309034472487,2.08855792508e-09,0,0
400,9,0.810529708862,0.4,0.01,0,s5-s6,0.0960089799467,7.40030122753e-09,0,0
400,9,0.810529708862,0.4,0.01,0,s3-s4,0.0355981053275,1.54573003885e-32,0,0
400,9,0.7896296978,0.4,0.01,-1,s4-s5,0.15322140301,0.335731571081,0,-1
400,9,0.7896296978,0.4,0.01,-1,s3-s6,0.105327149284,0.0275246432674,0,-1
400,9,0.7896296978,0.4,0.01,-1,s5-s6,0.211330889549,0.0733785898737,0,-1
400,9,0.7896296978,0.4,0.01,-1,s3-s4,0.0325344355779,0.0769701847368,0,-1
