#flows,is_correlated,key,count_chern[0]
200,1,s3-s6,2.0,2.0,2.0,2.0,s3,s2,s1,s5
200,1,s3-s4,2.0,2.0,2.0,2.0,s3,s2,s1,s5
250,1,s3-s6,2.0,2.0,2.0,2.0,s3,s2,s1,s5
250,1,s3-s4,2.0,2.0,2.0,2.0,s3,s2,s1,s5
300,1,s3-s6,2.0,2.0,2.0,2.0,s3,s2,s1,s5
300,1,s3-s4,2.0,2.0,2.0,2.0,s3,s2,s1,s5
350,1,s3-s6,2.0,2.0,2.0,2.0,s3,s2,s1,s5
350,1,s3-s4,2.0,2.0,2.0,s3,s1,s5
400,1,s3-s6,2.0,2.0,2.0,2.0,s3,s2,s1,s5
400,1,s3-s4,2.0,2.0,2.0,s3,s2,s5
450,1,s3-s6,0.000244140625,2.0,2.0,2.0,s3,s2,s1,s5
450,1,s3-s4,2.0,2.0,2.0,2.0,s3,s2,s1,s5
500,1,s3-s6,0.0001220703125,2.0,2.0,2.0,s3,s2,s1,s5
500,1,s3-s4,2.0,2.0,2.0,s3,s1,s5
550,1,s4-s5,3.0517578125e-05,2.0,2.0,2.0,s5,s3,s2,s1
550,1,s3-s6,0.000244140625,2.0,2.0,2.0,s3,s2,s1,s5
550,1,s3-s4,2.0,2.0,2.0,2.0,s3,s2,s1,s5
200,1,s3-s6,2.0,2.0,2.0,2.0,s3,s2,s1,s5
200,1,s3-s4,2.0,2.0,2.0,s3,s1,s5
250,1,s3-s6,2.0,2.0,s3,s5
250,1,s3-s4,2.0,2.0,2.0,2.0,s3,s2,s1,s5
300,1,s3-s6,2.0,2.0,2.0,s3,s2,s5
300,1,s3-s4,2.0,2.0,2.0,2.0,s3,s2,s1,s5
350,1,s3-s6,2.0,2.0,2.0,2.0,s3,s2,s1,s5
350,1,s3-s4,2.0,2.0,2.0,s3,s1,s5
400,1,s3-s6,0.0001220703125,2.0,2.0,2.0,s3,s2,s1,s5
400,1,s3-s4,2.0,2.0,2.0,2.0,s3,s2,s1,s5
450,1,s5-s6,0.000244140625,2.0,2.0,2.0,s5,s3,s2,s1
450,1,s3-s6,2.0,2.0,2.0,2.0,s3,s2,s1,s5
450,1,s3-s4,2.0,2.0,2.0,2.0,s3,s2,s1,s5
500,1,s4-s5,0.0001220703125,2.0,2.0,2.0,s5,s3,s2,s1
500,1,s3-s6,0.00048828125,2.0,2.0,2.0,s3,s2,s1,s5
500,1,s3-s4,2.0,2.0,2.0,2.0,s3,s2,s1,s5
550,1,s4-s5,0.000244140625,2.0,2.0,2.0,s5,s3,s2,s1
550,1,s3-s6,2.0,2.0,2.0,2.0,s3,s2,s1,s5
550,1,s3-s4,2.0,2.0,2.0,2.0,s3,s2,s1,s5
200,1,s3-s6,2.0,2.0,2.0,2.0,s3,s2,s1,s5
200,1,s3-s4,2.0,2.0,2.0,s3,s1,s5
250,1,s3-s6,2.0,2.0,2.0,2.0,s3,s2,s1,s5
250,1,s3-s4,2.0,2.0,2.0,2.0,s3,s2,s1,s5
300,1,s3-s6,2.0,2.0,2.0,2.0,s3,s2,s1,s5
300,1,s3-s4,2.0,2.0,2.0,2.0,s3,s2,s1,s5
350,1,s3-s6,2.0,2.0,2.0,2.0,s3,s2,s1,s5
350,1,s3-s4,2.0,2.0,2.0,2.0,s3,s2,s1,s5
400,1,s3-s6,0.000244140625,2.0,2.0,2.0,s3,s2,s1,s5
400,1,s3-s4,2.0,2.0,2.0,2.0,s3,s2,s1,s5
450,1,s3-s6,2.0,2.0,2.0,s3,s1,s5
450,1,s3-s4,2.0,2.0,2.0,2.0,s3,s2,s1,s5
500,1,s4-s5,0.000244140625,2.0,2.0,2.0,s5,s3,s2,s1
500,1,s3-s6,0.0001220703125,2.0,2.0,2.0,s3,s2,s1,s5
500,1,s5-s6,0.0001220703125,2.0,2.0,2.0,s5,s3,s2,s1
500,1,s3-s4,0.000244140625,2.0,2.0,2.0,s3,s2,s1,s5
550,1,s4-s5,0.0001220703125,0.955503012118,2.0,2.0,s5,s3,s2,s1
550,1,s3-s6,2.0,2.0,2.0,2.0,s3,s2,s1,s5
550,1,s3-s4,0.00048828125,2.0,2.0,2.0,s3,s2,s1,s5
200,1,s3-s6,2.0,2.0,2.0,s3,s2,s5
200,1,s3-s4,2.0,2.0,2.0,2.0,s3,s2,s1,s5
250,1,s3-s6,2.0,2.0,2.0,2.0,s3,s2,s1,s5
250,1,s3-s4,2.0,2.0,2.0,s3,s2,s5
300,1,s3-s6,2.0,2.0,2.0,s3,s2,s5
300,1,s3-s4,2.0,2.0,2.0,2.0,s3,s2,s1,s5
350,1,s3-s6,2.0,2.0,2.0,2.0,s3,s2,s1,s5
350,1,s3-s4,2.0,2.0,2.0,2.0,s3,s2,s1,s5
400,1,s3-s6,2.0,2.0,2.0,2.0,s3,s2,s1,s5
400,1,s3-s4,2.0,2.0,2.0,2.0,s3,s2,s1,s5
450,1,s3-s6,2.0,2.0,2.0,2.0,s3,s2,s1,s5
450,1,s3-s4,0.00048828125,2.0,2.0,2.0,s3,s2,s1,s5
500,1,s3-s6,2.0,2.0,2.0,2.0,s3,s2,s1,s5
500,1,s3-s4,2.0,2.0,2.0,2.0,s3,s2,s1,s5
550,1,s4-s5,0.00048828125,0.264930887835,2.0,2.0,s5,s3,s2,s1
550,1,s3-s6,2.0,2.0,2.0,2.0,s3,s2,s1,s5
550,1,s3-s4,2.0,2.0,2.0,2.0,s3,s2,s1,s5
200,1,s3-s6,2.0,2.0,2.0,s3,s1,s5
200,1,s3-s4,2.0,2.0,2.0,2.0,s3,s2,s1,s5
250,1,s3-s6,2.0,2.0,2.0,2.0,s3,s2,s1,s5
250,1,s3-s4,2.0,2.0,2.0,s3,s1,s5
300,1,s3-s6,2.0,2.0,2.0,2.0,s3,s2,s1,s5
300,1,s3-s4,2.0,2.0,2.0,s3,s2,s5
350,1,s3-s6,2.0,2.0,2.0,2.0,s3,s2,s1,s5
350,1,s3-s4,0.00048828125,2.0,2.0,2.0,s3,s2,s1,s5
400,1,s3-s6,2.0,2.0,2.0,2.0,s3,s2,s1,s5
400,1,s3-s4,2.0,2.0,2.0,s3,s1,s5
450,1,s3-s6,0.00048828125,2.0,2.0,2.0,s3,s2,s1,s5
450,1,s3-s4,2.0,2.0,2.0,2.0,s3,s2,s1,s5
500,1,s3-s6,2.0,2.0,2.0,2.0,s3,s2,s1,s5
500,1,s3-s4,2.0,2.0,2.0,2.0,s3,s2,s1,s5
550,1,s3-s6,2.0,2.0,2.0,2.0,s3,s2,s1,s5
550,1,s3-s4,2.0,2.0,2.0,2.0,s3,s2,s1,s5
200,1,s3-s6,2.0,2.0,2.0,s3,s2,s5
200,1,s3-s4,2.0,2.0,2.0,2.0,s3,s2,s1,s5
250,1,s3-s6,2.0,2.0,s3,s5
250,1,s3-s4,2.0,2.0,2.0,2.0,s3,s2,s1,s5
300,1,s3-s6,0.00048828125,2.0,2.0,2.0,s3,s2,s1,s5
300,1,s3-s4,2.0,2.0,2.0,2.0,s3,s2,s1,s5
350,1,s3-s6,2.0,2.0,2.0,2.0,s3,s2,s1,s5
350,1,s3-s4,2.0,2.0,2.0,2.0,s3,s2,s1,s5
400,1,s3-s6,2.0,2.0,2.0,2.0,s3,s2,s1,s5
400,1,s3-s4,2.0,2.0,2.0,2.0,s3,s2,s1,s5
450,1,s4-s5,0.0001220703125,2.0,2.0,2.0,s5,s3,s2,s1
450,1,s3-s6,2.0,2.0,2.0,2.0,s3,s2,s1,s5
450,1,s3-s4,2.0,2.0,2.0,2.0,s3,s2,s1,s5
500,1,s5-s6,0.000244140625,2.0,2.0,2.0,s5,s3,s2,s1
500,1,s3-s6,2.0,2.0,2.0,s3,s2,s5
500,1,s3-s4,2.0,2.0,2.0,2.0,s3,s2,s1,s5
550,1,s4-s5,0.00048828125,2.0,2.0,2.0,s5,s3,s2,s1
550,1,s3-s6,2.0,2.0,2.0,2.0,s3,s2,s1,s5
550,1,s5-s6,6.103515625e-05,2.0,2.0,2.0,s5,s3,s2,s1
550,1,s3-s4,2.0,2.0,2.0,2.0,s3,s2,s1,s5
200,1,s3-s6,2.0,2.0,2.0,2.0,s3,s2,s1,s5
200,1,s3-s4,2.0,2.0,2.0,s3,s2,s5
250,1,s3-s6,2.0,2.0,2.0,2.0,s3,s2,s1,s5
250,1,s3-s4,2.0,2.0,2.0,2.0,s3,s2,s1,s5
300,1,s3-s6,2.0,2.0,2.0,2.0,s3,s2,s1,s5
300,1,s3-s4,2.0,2.0,2.0,2.0,s3,s2,s1,s5
350,1,s3-s6,0.00048828125,2.0,2.0,2.0,s3,s2,s1,s5
350,1,s3-s4,2.0,2.0,2.0,2.0,s3,s2,s1,s5
400,1,s3-s6,2.0,2.0,2.0,2.0,s3,s2,s1,s5
400,1,s3-s4,2.0,2.0,2.0,2.0,s3,s2,s1,s5
450,1,s3-s6,2.0,2.0,2.0,2.0,s3,s2,s1,s5
450,1,s3-s4,2.0,2.0,2.0,2.0,s3,s2,s1,s5
500,1,s4-s5,0.00048828125,2.0,2.0,2.0,s5,s3,s2,s1
500,1,s3-s6,2.0,2.0,2.0,2.0,s3,s2,s1,s5
500,1,s3-s4,2.0,2.0,2.0,2.0,s3,s2,s1,s5
550,1,s5-s6,0.000244140625,0.705186060147,2.0,2.0,s5,s3,s2,s1
550,1,s3-s6,2.0,2.0,2.0,2.0,s3,s2,s1,s5
550,1,s3-s4,0.000244140625,2.0,2.0,2.0,s3,s2,s1,s5
200,1,s3-s6,2.0,2.0,2.0,s3,s1,s5
200,1,s3-s4,2.0,2.0,2.0,2.0,s3,s2,s1,s5
250,1,s3-s6,2.0,2.0,2.0,2.0,s3,s2,s1,s5
250,1,s3-s4,2.0,2.0,2.0,2.0,s3,s2,s1,s5
300,1,s3-s6,2.0,2.0,2.0,2.0,s3,s2,s1,s5
300,1,s3-s4,2.0,2.0,2.0,2.0,s3,s2,s1,s5
350,1,s3-s6,2.0,2.0,2.0,2.0,s3,s2,s1,s5
350,1,s3-s4,2.0,2.0,2.0,2.0,s3,s2,s1,s5
400,1,s3-s6,0.00048828125,2.0,2.0,2.0,s3,s2,s1,s5
400,1,s3-s4,2.0,2.0,2.0,2.0,s3,s2,s1,s5
450,1,s3-s6,0.00048828125,2.0,2.0,2.0,s3,s2,s1,s5
450,1,s3-s4,2.0,2.0,2.0,2.0,s3,s2,s1,s5
500,1,s3-s6,0.00048828125,2.0,2.0,2.0,s3,s2,s1,s5
500,1,s3-s4,2.0,2.0,2.0,2.0,s3,s2,s1,s5
550,1,s3-s6,6.103515625e-05,2.0,2.0,2.0,s3,s2,s1,s5
550,1,s3-s4,0.00048828125,2.0,2.0,2.0,s3,s2,s1,s5
200,1,s3-s6,2.0,2.0,2.0,s3,s2,s5
200,1,s3-s4,2.0,2.0,2.0,2.0,s3,s2,s1,s5
250,1,s3-s6,2.0,2.0,2.0,s3,s1,s5
250,1,s3-s4,2.0,2.0,2.0,2.0,s3,s2,s1,s5
300,1,s3-s6,2.0,2.0,2.0,2.0,s3,s2,s1,s5
300,1,s3-s4,2.0,2.0,2.0,2.0,s3,s2,s1,s5
350,1,s4-s5,6.103515625e-05,2.0,2.0,2.0,s5,s3,s2,s1
350,1,s3-s6,2.0,2.0,2.0,2.0,s3,s2,s1,s5
350,1,s3-s4,2.0,2.0,2.0,2.0,s3,s2,s1,s5
400,1,s3-s6,2.0,2.0,2.0,2.0,s3,s2,s1,s5
400,1,s3-s4,2.0,2.0,2.0,2.0,s3,s2,s1,s5
450,1,s3-s6,2.0,2.0,2.0,2.0,s3,s2,s1,s5
450,1,s3-s4,2.0,2.0,2.0,2.0,s3,s2,s1,s5
500,1,s5-s6,0.0001220703125,2.0,2.0,2.0,s5,s3,s2,s1
500,1,s3-s6,0.00048828125,2.0,2.0,2.0,s3,s2,s1,s5
500,1,s3-s4,2.0,2.0,2.0,2.0,s3,s2,s1,s5
550,1,s3-s6,2.0,2.0,2.0,2.0,s3,s2,s1,s5
550,1,s3-s4,2.0,2.0,2.0,2.0,s3,s2,s1,s5
200,1,s3-s6,2.0,2.0,2.0,2.0,s3,s2,s1,s5
200,1,s3-s4,2.0,2.0,2.0,2.0,s3,s2,s1,s5
250,1,s3-s6,2.0,2.0,2.0,2.0,s3,s2,s1,s5
250,1,s3-s4,2.0,2.0,2.0,2.0,s3,s2,s1,s5
300,1,s3-s6,2.0,2.0,2.0,2.0,s3,s2,s1,s5
300,1,s3-s4,2.0,2.0,2.0,2.0,s3,s2,s1,s5
350,1,s3-s6,2.0,2.0,2.0,2.0,s3,s2,s1,s5
350,1,s3-s4,0.0001220703125,2.0,2.0,2.0,s3,s2,s1,s5
400,1,s3-s6,2.0,2.0,2.0,2.0,s3,s2,s1,s5
400,1,s3-s4,2.0,2.0,2.0,2.0,s3,s2,s1,s5
450,1,s3-s6,2.0,2.0,2.0,2.0,s3,s2,s1,s5
450,1,s3-s4,2.0,2.0,2.0,2.0,s3,s2,s1,s5
500,1,s3-s6,6.103515625e-05,2.0,2.0,2.0,s3,s2,s1,s5
500,1,s3-s4,0.000244140625,2.0,2.0,2.0,s3,s2,s1,s5
550,1,s3-s6,0.000244140625,0.506821632386,2.0,2.0,s3,s5,s2,s1
550,1,s3-s4,0.00048828125,2.0,2.0,2.0,s3,s2,s1,s5
600,1,s4-s5,6.103515625e-05,2.0,2.0,2.0,s5,s3,s2,s1
600,1,s3-s6,0.000244140625,0.739313886531,2.0,2.0,s3,s5,s2,s1
600,1,s5-s6,0.000244140625,2.0,2.0,2.0,s5,s3,s2,s1
600,1,s3-s4,0.000244140625,2.0,2.0,2.0,s3,s2,s1,s5
650,1,s3-s6,6.103515625e-05,2.0,2.0,2.0,s3,s2,s1,s5
650,1,s3-s4,1.52587890625e-05,2.0,2.0,s3,s2,s5
600,1,s5-s6,0.00048828125,2.0,2.0,2.0,s5,s3,s2,s1
600,1,s3-s4,2.0,2.0,2.0,2.0,s3,s2,s1,s5
650,1,s4-s5,0.0001220703125,0.882207868187,2.0,2.0,s5,s3,s2,s1
650,1,s3-s6,0.00048828125,0.506821632386,2.0,2.0,s3,s5,s2,s1
650,1,s3-s4,6.103515625e-05,2.0,2.0,2.0,s3,s2,s1,s5
600,1,s5-s6,0.000244140625,0.866453303662,2.0,2.0,s5,s3,s2,s1
600,1,s3-s6,0.000244140625,2.0,2.0,2.0,s3,s2,s1,s5
600,1,s3-s4,2.0,2.0,2.0,2.0,s3,s2,s1,s5
650,1,s4-s5,0.000244140625,2.0,2.0,2.0,s5,s3,s2,s1
650,1,s3-s6,1.52587890625e-05,2.0,2.0,2.0,s3,s2,s1,s5
650,1,s3-s4,0.0001220703125,2.0,2.0,2.0,s3,s2,s1,s5
600,1,s4-s5,0.000244140625,0.845821465941,2.0,2.0,s5,s3,s2,s1
600,1,s3-s6,0.000244140625,2.0,2.0,2.0,s3,s2,s1,s5
600,1,s5-s6,0.0001220703125,2.0,2.0,2.0,s5,s3,s2,s1
600,1,s3-s4,2.0,2.0,2.0,2.0,s3,s2,s1,s5
650,1,s5-s6,0.00048828125,2.0,2.0,2.0,s5,s3,s2,s1
650,1,s3-s6,2.0,2.0,2.0,2.0,s3,s2,s1,s5
650,1,s3-s4,2.0,2.0,2.0,2.0,s3,s2,s1,s5
600,1,s3-s4,2.0,2.0,2.0,s3,s1,s5
650,1,s5-s6,0.00048828125,2.0,2.0,2.0,s5,s3,s2,s1
650,1,s3-s4,0.00048828125,2.0,2.0,2.0,s3,s2,s1,s5
600,1,s4-s5,0.00048828125,0.967192176354,2.0,2.0,s5,s3,s2,s1
600,1,s3-s6,6.103515625e-05,2.0,2.0,2.0,s3,s2,s1,s5
600,1,s5-s6,6.103515625e-05,2.0,2.0,2.0,s5,s3,s2,s1
600,1,s3-s4,0.000244140625,2.0,2.0,2.0,s3,s2,s1,s5
650,1,s4-s5,0.0001220703125,2.0,2.0,2.0,s5,s3,s2,s1
650,1,s3-s6,2.0,2.0,2.0,2.0,s3,s2,s1,s5
650,1,s5-s6,0.00048828125,2.0,2.0,2.0,s5,s3,s2,s1
650,1,s3-s4,0.0001220703125,2.0,2.0,2.0,s3,s2,s1,s5
600,1,s3-s4,2.0,2.0,2.0,2.0,s3,s2,s1,s5
650,1,s4-s5,0.000244140625,0.962232129069,2.0,2.0,s5,s3,s2,s1
650,1,s3-s6,0.0001220703125,2.0,2.0,2.0,s3,s2,s1,s5
650,1,s5-s6,0.00048828125,2.0,2.0,2.0,s5,s3,s2,s1
650,1,s3-s4,0.0001220703125,0.845821465941,2.0,2.0,s3,s5,s2,s1
600,1,s3-s6,0.0001220703125,2.0,2.0,2.0,s3,s2,s1,s5
600,1,s3-s4,2.0,2.0,2.0,2.0,s3,s2,s1,s5
650,1,s5-s6,0.0001220703125,0.962232129069,2.0,2.0,s5,s3,s2,s1
650,1,s3-s6,3.0517578125e-05,2.0,2.0,2.0,s3,s2,s1,s5
650,1,s3-s4,7.62939453125e-06,2.0,2.0,2.0,s3,s2,s1,s5
600,1,s4-s5,0.000244140625,2.0,2.0,2.0,s5,s3,s2,s1
600,1,s3-s6,0.000244140625,0.866453303662,2.0,2.0,s3,s5,s2,s1
600,1,s3-s4,0.0001220703125,2.0,2.0,2.0,s3,s2,s1,s5
650,1,s5-s6,1.52587890625e-05,2.0,2.0,2.0,s5,s3,s2,s1
650,1,s3-s6,0.0001220703125,2.0,2.0,2.0,s3,s2,s1,s5
650,1,s3-s4,2.0,2.0,2.0,2.0,s3,s2,s1,s5
600,1,s4-s5,0.00048828125,0.506821632386,2.0,2.0,s5,s3,s2,s1
600,1,s3-s6,0.000244140625,0.845821465941,2.0,2.0,s3,s5,s2,s1
600,1,s3-s4,2.0,2.0,2.0,2.0,s3,s2,s1,s5
650,1,s4-s5,6.103515625e-05,2.0,2.0,2.0,s5,s3,s2,s1
650,1,s3-s4,6.103515625e-05,2.0,2.0,2.0,s3,s2,s1,s5
700,1,s4-s5,0.00048828125,0.955503012118,2.0,2.0,s5,s3,s2,s1
700,1,s3-s6,2.0,2.0,2.0,2.0,s3,s2,s1,s5
700,1,s5-s6,3.0517578125e-05,2.0,2.0,2.0,s5,s3,s2,s1
700,1,s3-s4,0.000244140625,2.0,2.0,2.0,s3,s2,s1,s5
750,1,s4-s5,1.52587890625e-05,0.904686017997,2.0,2.0,s5,s3,s2,s1
750,1,s3-s6,3.0517578125e-05,0.307543055144,2.0,2.0,s3,s5,s2,s1
750,1,s5-s6,3.0517578125e-05,2.0,2.0,2.0,s5,s3,s2,s1
750,1,s3-s4,3.0517578125e-05,2.0,2.0,s3,s2,s5
700,1,s5-s6,7.62939453125e-06,2.0,2.0,2.0,s5,s3,s2,s1
700,1,s3-s6,6.103515625e-05,2.0,2.0,2.0,s3,s2,s1,s5
700,1,s4-s5,0.000244140625,2.0,2.0,2.0,s5,s3,s2,s1
750,1,s4-s5,1.52587890625e-05,2.0,2.0,2.0,s5,s3,s2,s1
750,1,s3-s6,6.103515625e-05,0.845821465941,2.0,2.0,s3,s5,s2,s1
750,1,s5-s6,3.0517578125e-05,0.660789812877,2.0,2.0,s5,s3,s2,s1
750,1,s3-s4,3.0517578125e-05,0.307543055144,2.0,2.0,s3,s5,s2,s1
700,1,s3-s6,0.00048828125,0.967192176354,2.0,2.0,s3,s5,s2,s1
700,1,s3-s4,0.0001220703125,2.0,2.0,2.0,s3,s2,s1,s5
750,1,s4-s5,6.103515625e-05,2.0,2.0,2.0,s5,s3,s2,s1
750,1,s3-s6,2.0,2.0,2.0,2.0,s3,s2,s1,s5
750,1,s5-s6,0.000244140625,2.0,2.0,2.0,s5,s3,s2,s1
750,1,s3-s4,0.0001220703125,0.705186060147,2.0,2.0,s3,s5,s2,s1
700,1,s4-s5,0.00048828125,2.0,2.0,2.0,s5,s3,s2,s1
700,1,s3-s6,0.0001220703125,2.0,2.0,2.0,s3,s2,s1,s5
700,1,s5-s6,0.000244140625,2.0,2.0,2.0,s5,s3,s2,s1
700,1,s3-s4,0.0001220703125,0.560195935615,2.0,2.0,s3,s5,s2,s1
750,1,s4-s5,0.0001220703125,0.705186060147,2.0,2.0,s5,s3,s2,s1
750,1,s3-s6,0.0001220703125,2.0,2.0,2.0,s3,s2,s1,s5
750,1,s5-s6,7.62939453125e-06,0.560195935615,2.0,2.0,s5,s3,s2,s1
750,1,s3-s4,3.0517578125e-05,0.705186060147,2.0,2.0,s3,s5,s2,s1
700,1,s5-s6,0.000244140625,0.705186060147,2.0,2.0,s5,s3,s2,s1
700,1,s3-s6,2.0,2.0,2.0,2.0,s3,s2,s1,s5
700,1,s3-s4,0.000244140625,2.0,2.0,2.0,s3,s2,s1,s5
750,1,s4-s5,3.0517578125e-05,0.705186060147,2.0,2.0,s5,s3,s2,s1
750,1,s3-s6,0.0001220703125,0.372778697097,2.0,2.0,s3,s5,s2,s1
750,1,s5-s6,7.62939453125e-06,0.660789812877,2.0,2.0,s5,s3,s2,s1
750,1,s3-s4,2.0,2.0,2.0,2.0,s3,s2,s1,s5
700,1,s4-s5,0.0001220703125,0.866453303662,2.0,2.0,s5,s3,s2,s1
700,1,s3-s6,0.0001220703125,2.0,2.0,2.0,s3,s2,s1,s5
700,1,s5-s6,3.0517578125e-05,2.0,2.0,2.0,s5,s3,s2,s1
700,1,s3-s4,1.52587890625e-05,0.506821632386,2.0,2.0,s3,s5,s2,s1
750,1,s4-s5,6.103515625e-05,0.866453303662,2.0,2.0,s5,s3,s2,s1
750,1,s3-s6,6.103515625e-05,0.845821465941,2.0,2.0,s3,s5,s2,s1
750,1,s5-s6,0.0001220703125,2.0,2.0,2.0,s5,s3,s2,s1
750,1,s3-s4,2.0,2.0,2.0,s3,s2,s5
700,1,s5-s6,0.000244140625,2.0,2.0,2.0,s5,s3,s2,s1
700,1,s3-s6,3.0517578125e-05,0.560195935615,2.0,2.0,s3,s5,s2,s1
700,1,s3-s4,1.52587890625e-05,2.0,2.0,2.0,s3,s2,s1,s5
750,1,s5-s6,0.00048828125,2.0,2.0,2.0,s5,s3,s2,s1
750,1,s3-s6,0.0001220703125,2.0,2.0,2.0,s3,s2,s1,s5
750,1,s4-s5,0.00048828125,0.360813447275,2.0,2.0,s5,s3,s2,s1
700,1,s4-s5,1.52587890625e-05,0.955503012118,2.0,2.0,s5,s3,s2,s1
700,1,s3-s6,2.0,2.0,2.0,2.0,s3,s2,s1,s5
700,1,s5-s6,3.0517578125e-05,1.0,2.0,2.0,s5,s3,s2,s1
700,1,s3-s4,3.81469726562e-06,2.0,2.0,2.0,s3,s2,s1,s5
750,1,s4-s5,0.00048828125,0.955503012118,2.0,2.0,s5,s3,s2,s1
750,1,s3-s6,1.90734863281e-06,0.660789812877,2.0,2.0,s3,s5,s2,s1
750,1,s5-s6,7.62939453125e-06,0.962232129069,2.0,2.0,s5,s3,s2,s1
750,1,s3-s4,0.000244140625,2.0,2.0,2.0,s3,s2,s1,s5
700,1,s4-s5,3.81469726562e-06,0.739313886531,2.0,2.0,s5,s3,s2,s1
700,1,s3-s6,2.0,2.0,2.0,2.0,s3,s2,s1,s5
700,1,s5-s6,6.103515625e-05,1.0,2.0,2.0,s5,s3,s2,s1
700,1,s3-s4,6.103515625e-05,0.660789812877,2.0,2.0,s3,s5,s2,s1
750,1,s3-s6,1.52587890625e-05,2.0,2.0,2.0,s3,s2,s1,s5
750,1,s3-s4,1.90734863281e-06,1.0,2.0,2.0,s3,s5,s2,s1
700,1,s5-s6,0.000244140625,2.0,2.0,2.0,s5,s3,s2,s1
700,1,s3-s6,3.0517578125e-05,0.506821632386,2.0,2.0,s3,s5,s2,s1
700,1,s3-s4,0.0001220703125,0.158581151933,2.0,2.0,s3,s5,s2,s1
750,1,s4-s5,0.00048828125,0.51391023579,2.0,2.0,s5,s3,s2,s1
750,1,s3-s6,0.0001220703125,0.307543055144,2.0,2.0,s3,s5,s2,s1
750,1,s3-s4,6.103515625e-05,2.0,2.0,2.0,s3,s2,s1,s5
800,1,s4-s5,1.90734863281e-06,2.0,2.0,2.0,s5,s3,s2,s1
800,1,s3-s6,3.81469726562e-06,0.845821465941,2.0,2.0,s3,s5,s2,s1
800,1,s5-s6,1.52587890625e-05,0.705186060147,2.0,2.0,s5,s3,s2,s1
800,1,s3-s4,6.103515625e-05,0.705186060147,2.0,2.0,s3,s5,s2,s1
850,1,s4-s5,0.000244140625,2.0,2.0,2.0,s5,s3,s2,s1
850,1,s3-s6,3.81469726562e-06,0.705186060147,2.0,2.0,s3,s5,s2,s1
850,1,s5-s6,3.81469726562e-06,2.0,2.0,2.0,s5,s3,s2,s1
850,1,s3-s4,9.53674316406e-07,0.560195935615,2.0,2.0,s3,s5,s2,s1
800,1,s5-s6,6.103515625e-05,0.660789812877,2.0,2.0,s5,s3,s2,s1
800,1,s3-s6,0.0001220703125,2.0,2.0,2.0,s3,s2,s1,s5
800,1,s3-s4,0.000244140625,0.955503012118,2.0,2.0,s3,s5,s2,s1
850,1,s4-s5,0.000244140625,2.0,2.0,2.0,s5,s3,s2,s1
850,1,s3-s6,0.0001220703125,1.0,2.0,2.0,s3,s5,s2,s1
850,1,s5-s6,6.103515625e-05,2.0,2.0,2.0,s5,s3,s2,s1
850,1,s3-s4,3.0517578125e-05,2.0,2.0,2.0,s3,s2,s1,s5
800,1,s4-s5,7.62939453125e-06,0.976462892133,2.0,2.0,s5,s3,s2,s1
800,1,s3-s6,0.0001220703125,2.0,2.0,2.0,s3,s2,s1,s5
800,1,s5-s6,0.00048828125,1.0,2.0,2.0,s5,s3,s2,s1
800,1,s3-s4,7.62939453125e-06,0.971000058911,2.0,2.0,s3,s5,s2,s1
850,1,s4-s5,0.00048828125,0.307543055144,2.0,2.0,s5,s3,s2,s1
850,1,s3-s6,0.000244140625,0.660789812877,2.0,2.0,s3,s5,s2,s1
850,1,s5-s6,9.53674316406e-07,2.0,2.0,2.0,s5,s3,s2,s1
850,1,s3-s4,0.0001220703125,0.705186060147,2.0,2.0,s3,s5,s2,s1
800,1,s4-s5,6.103515625e-05,2.0,2.0,2.0,s5,s3,s2,s1
800,1,s3-s6,0.00048828125,0.705186060147,2.0,2.0,s3,s5,s2,s1
800,1,s5-s6,0.000244140625,2.0,2.0,2.0,s5,s3,s2,s1
800,1,s3-s4,7.62939453125e-06,2.0,2.0,2.0,s3,s2,s1,s5
850,1,s4-s5,0.000244140625,1.0,2.0,2.0,s5,s3,s2,s1
850,1,s3-s6,1.90734863281e-06,0.372778697097,2.0,2.0,s3,s5,s2,s1
850,1,s5-s6,3.0517578125e-05,2.0,2.0,2.0,s5,s3,s2,s1
850,1,s3-s4,3.0517578125e-05,2.0,2.0,2.0,s3,s2,s1,s5
800,1,s4-s5,1.52587890625e-05,0.0880418701932,2.0,2.0,s5,s3,s2,s1
800,1,s5-s6,0.00048828125,0.971000058911,2.0,2.0,s5,s3,s2,s1
800,1,s3-s4,0.000244140625,2.0,2.0,2.0,s3,s2,s1,s5
850,1,s4-s5,0.000244140625,0.123317546069,2.0,2.0,s5,s3,s2,s1
850,1,s3-s6,3.0517578125e-05,0.264930887835,2.0,2.0,s3,s5,s2,s1
850,1,s5-s6,1.52587890625e-05,2.0,2.0,2.0,s5,s3,s2,s1
850,1,s3-s4,4.76837158203e-07,0.372778697097,2.0,2.0,s3,s5,s2,s1
800,1,s5-s6,6.103515625e-05,2.0,2.0,2.0,s5,s3,s2,s1
800,1,s3-s6,0.000244140625,0.76636463792,2.0,2.0,s3,s5,s2,s1
800,1,s3-s4,6.103515625e-05,0.705186060147,2.0,2.0,s3,s5,s2,s1
850,1,s4-s5,9.53674316406e-07,1.0,2.0,2.0,s5,s3,s2,s1
850,1,s3-s6,0.0001220703125,0.962232129069,2.0,2.0,s3,s5,s2,s1
850,1,s5-s6,0.0001220703125,0.42763075233,2.0,2.0,s5,s3,s2,s1
850,1,s3-s4,0.000244140625,2.0,2.0,2.0,s3,s2,s1,s5
800,1,s4-s5,0.000244140625,2.0,2.0,2.0,s5,s3,s2,s1
800,1,s5-s6,3.0517578125e-05,2.0,2.0,2.0,s5,s3,s2,s1
800,1,s3-s4,3.0517578125e-05,0.506821632386,2.0,2.0,s3,s5,s2,s1
850,1,s4-s5,0.0001220703125,0.560195935615,2.0,2.0,s5,s3,s2,s1
850,1,s3-s6,7.62939453125e-06,0.845821465941,2.0,2.0,s3,s5,s2,s1
850,1,s5-s6,1.52587890625e-05,2.0,2.0,2.0,s5,s3,s2,s1
850,1,s3-s4,1.52587890625e-05,2.0,2.0,2.0,s3,s2,s1,s5
800,1,s5-s6,6.103515625e-05,0.76636463792,2.0,2.0,s5,s3,s2,s1
800,1,s3-s6,0.0001220703125,0.372778697097,2.0,2.0,s3,s5,s2,s1
800,1,s4-s5,0.0001220703125,2.0,2.0,2.0,s5,s3,s2,s1
850,1,s4-s5,6.103515625e-05,2.0,2.0,2.0,s5,s3,s2,s1
850,1,s3-s6,3.0517578125e-05,2.0,2.0,2.0,s3,s2,s1,s5
850,1,s5-s6,4.76837158203e-07,2.0,2.0,2.0,s5,s3,s2,s1
850,1,s3-s4,0.000244140625,2.0,2.0,2.0,s3,s2,s1,s5
800,1,s4-s5,6.103515625e-05,0.962232129069,2.0,2.0,s5,s3,s2,s1
800,1,s3-s6,6.103515625e-05,2.0,2.0,2.0,s3,s2,s1,s5
800,1,s5-s6,0.0001220703125,0.560195935615,2.0,2.0,s5,s3,s2,s1
800,1,s3-s4,0.000244140625,1.0,2.0,2.0,s3,s5,s2,s1
850,1,s4-s5,0.00048828125,2.0,2.0,2.0,s5,s3,s2,s1
850,1,s3-s6,7.62939453125e-06,1.0,2.0,2.0,s3,s5,s2,s1
850,1,s5-s6,6.103515625e-05,0.705186060147,2.0,2.0,s5,s3,s2,s1
850,1,s3-s4,6.103515625e-05,0.660789812877,2.0,2.0,s3,s5,s2,s1
800,1,s4-s5,6.103515625e-05,2.0,2.0,2.0,s5,s3,s2,s1
800,1,s3-s6,7.62939453125e-06,0.264930887835,2.0,2.0,s3,s5,s2,s1
800,1,s5-s6,2.38418579102e-07,0.845821465941,2.0,2.0,s5,s3,s2,s1
800,1,s3-s4,6.103515625e-05,2.0,2.0,2.0,s3,s2,s1,s5
850,1,s4-s5,1.90734863281e-06,2.0,2.0,2.0,s5,s3,s2,s1
850,1,s3-s6,0.0001220703125,2.0,2.0,2.0,s3,s2,s1,s5
850,1,s5-s6,3.81469726562e-06,0.962232129069,2.0,2.0,s5,s3,s2,s1
850,1,s3-s4,3.0517578125e-05,0.226514893743,2.0,2.0,s3,s5,s2,s1
900,1,s4-s5,6.103515625e-05,2.0,2.0,2.0,s5,s3,s2,s1
900,1,s3-s6,0.0001220703125,2.0,2.0,2.0,s3,s2,s1,s5
900,1,s5-s6,0.000244140625,2.0,2.0,2.0,s5,s3,s2,s1
900,1,s3-s4,0.00048828125,0.788331840259,2.0,2.0,s3,s5,s2,s1
950,1,s4-s5,0.0001220703125,2.0,2.0,2.0,s5,s3,s2,s1
950,1,s3-s6,3.81469726562e-06,0.705186060147,2.0,2.0,s3,s5,s2,s1
950,1,s5-s6,7.62939453125e-06,0.845821465941,2.0,2.0,s5,s3,s2,s1
950,1,s3-s4,1.90734863281e-06,0.962232129069,2.0,2.0,s3,s5,s2,s1
900,1,s4-s5,3.0517578125e-05,0.976462892133,2.0,2.0,s5,s3,s2,s1
900,1,s3-s6,1.90734863281e-06,0.307543055144,2.0,2.0,s3,s5,s2,s1
900,1,s5-s6,3.0517578125e-05,0.962232129069,2.0,2.0,s5,s3,s2,s1
900,1,s3-s4,1.90734863281e-06,2.0,2.0,2.0,s3,s2,s1,s5
950,1,s4-s5,0.0001220703125,0.264930887835,2.0,2.0,s5,s3,s2,s1
950,1,s3-s6,1.52587890625e-05,0.882207868187,2.0,2.0,s3,s5,s2,s1
950,1,s5-s6,3.81469726562e-06,0.882207868187,2.0,2.0,s5,s3,s2,s1
950,1,s3-s4,2.38418579102e-07,0.845821465941,2.0,2.0,s3,s5,s2,s1
900,1,s4-s5,6.103515625e-05,0.00414666244787,2.0,2.0,s5,s3,s2,s1
900,1,s3-s6,6.103515625e-05,0.882207868187,2.0,2.0,s3,s5,s2,s1
900,1,s5-s6,7.62939453125e-06,2.0,2.0,2.0,s5,s3,s2,s1
900,1,s3-s4,1.90734863281e-06,0.955503012118,2.0,2.0,s3,s5,s2,s1
950,1,s4-s5,4.76837158203e-07,0.955503012118,2.0,2.0,s5,s3,s2,s1
950,1,s3-s6,1.52587890625e-05,0.866453303662,2.0,2.0,s3,s5,s2,s1
950,1,s5-s6,3.0517578125e-05,0.705186060147,2.0,2.0,s5,s3,s2,s1
950,1,s3-s4,3.0517578125e-05,0.638791830135,2.0,2.0,s3,s5,s2,s1
900,1,s4-s5,3.0517578125e-05,0.182961389063,2.0,2.0,s5,s3,s2,s1
900,1,s3-s6,1.90734863281e-06,2.0,2.0,2.0,s3,s2,s1,s5
900,1,s5-s6,1.52587890625e-05,0.0880418701932,2.0,2.0,s5,s3,s2,s1
900,1,s3-s4,6.103515625e-05,0.955503012118,2.0,2.0,s3,s5,s2,s1
950,1,s4-s5,1.52587890625e-05,0.882207868187,2.0,2.0,s5,s3,s2,s1
950,1,s3-s6,1.90734863281e-06,0.31569683902,2.0,2.0,s3,s5,s2,s1
950,1,s5-s6,2.38418579102e-07,1.0,2.0,2.0,s5,s3,s2,s1
950,1,s3-s4,6.103515625e-05,2.0,2.0,2.0,s3,s2,s1,s5
900,1,s4-s5,3.0517578125e-05,0.882207868187,2.0,2.0,s5,s3,s2,s1
900,1,s3-s6,0.00048828125,0.955503012118,2.0,2.0,s3,s5,s2,s1
900,1,s5-s6,0.000244140625,0.705186060147,2.0,2.0,s5,s3,s2,s1
900,1,s3-s4,0.000244140625,0.0210361119555,2.0,2.0,s3,s5,s2,s1
950,1,s4-s5,4.76837158203e-07,0.894633741959,2.0,2.0,s5,s3,s2,s1
950,1,s3-s6,3.81469726562e-06,0.866453303662,2.0,2.0,s3,s5,s2,s1
950,1,s5-s6,0.00048828125,2.0,2.0,2.0,s5,s3,s2,s1
950,1,s3-s4,3.0517578125e-05,0.866453303662,2.0,2.0,s3,s5,s2,s1
900,1,s4-s5,5.96046447754e-08,0.866453303662,2.0,2.0,s5,s3,s2,s1
900,1,s3-s6,6.103515625e-05,0.31569683902,2.0,2.0,s3,s5,s2,s1
900,1,s5-s6,7.62939453125e-06,2.0,2.0,2.0,s5,s3,s2,s1
900,1,s3-s4,3.0517578125e-05,0.506821632386,2.0,2.0,s3,s5,s2,s1
950,1,s4-s5,6.103515625e-05,0.42763075233,2.0,2.0,s5,s3,s2,s1
950,1,s3-s6,3.81469726562e-06,0.788331840259,2.0,2.0,s3,s5,s2,s1
950,1,s5-s6,0.00048828125,1.0,2.0,2.0,s5,s3,s2,s1
950,1,s3-s4,3.0517578125e-05,0.962232129069,2.0,2.0,s3,s5,s2,s1
900,1,s4-s5,6.103515625e-05,0.845821465941,2.0,2.0,s5,s3,s2,s1
900,1,s3-s6,3.0517578125e-05,0.955503012118,2.0,2.0,s3,s5,s2,s1
900,1,s5-s6,7.62939453125e-06,0.660789812877,2.0,2.0,s5,s3,s2,s1
900,1,s3-s4,1.52587890625e-05,2.0,2.0,2.0,s3,s2,s1,s5
950,1,s4-s5,1.90734863281e-06,0.76636463792,2.0,2.0,s5,s3,s2,s1
950,1,s3-s6,0.00048828125,0.264930887835,2.0,2.0,s3,s5,s2,s1
950,1,s5-s6,7.62939453125e-06,0.967192176354,2.0,2.0,s5,s3,s2,s1
950,1,s3-s4,3.81469726562e-06,0.506821632386,2.0,2.0,s3,s5,s2,s1
900,1,s4-s5,2.38418579102e-07,0.208098358994,2.0,2.0,s5,s3,s2,s1
900,1,s3-s6,0.000244140625,2.0,2.0,2.0,s3,s2,s1,s5
900,1,s5-s6,1.52587890625e-05,0.971000058911,2.0,2.0,s5,s3,s2,s1
900,1,s3-s4,0.0001220703125,0.962232129069,2.0,2.0,s3,s5,s2,s1
950,1,s4-s5,6.103515625e-05,0.638791830135,2.0,2.0,s5,s3,s2,s1
950,1,s3-s6,1.52587890625e-05,1.0,2.0,2.0,s3,s5,s2,s1
950,1,s5-s6,3.0517578125e-05,1.0,2.0,2.0,s5,s3,s2,s1
950,1,s3-s4,0.000244140625,2.0,2.0,2.0,s3,s2,s1,s5
900,1,s5-s6,6.103515625e-05,0.739313886531,2.0,2.0,s5,s3,s2,s1
900,1,s3-s6,1.52587890625e-05,0.372778697097,2.0,2.0,s3,s5,s2,s1
900,1,s3-s4,1.90734863281e-06,0.882207868187,2.0,2.0,s3,s5,s2,s1
950,1,s4-s5,6.103515625e-05,0.955503012118,2.0,2.0,s5,s3,s2,s1
950,1,s3-s6,3.81469726562e-06,0.267040675672,2.0,2.0,s3,s5,s2,s1
950,1,s5-s6,6.103515625e-05,0.845821465941,2.0,2.0,s5,s3,s2,s1
950,1,s3-s4,9.53674316406e-07,0.845821465941,2.0,2.0,s3,s5,s2,s1
900,1,s4-s5,3.0517578125e-05,0.845821465941,2.0,2.0,s5,s3,s2,s1
900,1,s3-s6,2.38418579102e-07,0.638791830135,2.0,2.0,s3,s5,s2,s1
900,1,s5-s6,7.62939453125e-06,2.0,2.0,2.0,s5,s3,s2,s1
900,1,s3-s4,1.52587890625e-05,0.560195935615,2.0,2.0,s3,s5,s2,s1
950,1,s4-s5,0.00048828125,1.0,2.0,2.0,s5,s3,s2,s1
950,1,s3-s6,1.52587890625e-05,1.0,2.0,2.0,s3,s5,s2,s1
950,1,s5-s6,1.52587890625e-05,0.603298561199,2.0,2.0,s5,s3,s2,s1
950,1,s3-s4,3.72529029846e-09,2.0,2.0,2.0,s3,s2,s1,s5
1000,1,s4-s5,7.62939453125e-06,0.42763075233,2.0,2.0,s5,s3,s2,s1
1000,1,s3-s6,1.52587890625e-05,0.974015606426,2.0,2.0,s3,s5,s2,s1
1000,1,s5-s6,0.000244140625,0.845821465941,2.0,2.0,s5,s3,s2,s1
1000,1,s3-s4,5.96046447754e-08,0.904686017997,2.0,2.0,s3,s5,s2,s1
1050,1,s4-s5,4.76837158203e-07,0.866453303662,2.0,2.0,s5,s3,s2,s1
1050,1,s3-s6,2.38418579102e-07,0.42763075233,2.0,2.0,s3,s5,s2,s1
1050,1,s5-s6,2.38418579102e-07,0.108669077249,2.0,2.0,s5,s3,s2,s1
1050,1,s3-s4,3.0517578125e-05,0.866453303662,2.0,2.0,s3,s5,s2,s1
1000,1,s4-s5,7.62939453125e-06,0.31569683902,2.0,2.0,s5,s3,s2,s1
1000,1,s3-s6,5.96046447754e-08,0.882207868187,2.0,2.0,s3,s5,s2,s1
1000,1,s5-s6,3.81469726562e-06,0.560195935615,2.0,2.0,s5,s3,s2,s1
1000,1,s3-s4,0.0001220703125,0.962232129069,2.0,2.0,s3,s5,s2,s1
1050,1,s4-s5,9.53674316406e-07,0.978488754555,2.0,2.0,s5,s3,s2,s1
1050,1,s3-s6,2.98023223877e-08,0.894633741959,2.0,2.0,s3,s5,s2,s1
1050,1,s5-s6,7.62939453125e-06,0.882207868187,2.0,2.0,s5,s3,s2,s1
1050,1,s3-s4,4.76837158203e-07,0.51391023579,2.0,2.0,s3,s5,s2,s1
1000,1,s4-s5,7.62939453125e-06,2.0,2.0,2.0,s5,s3,s2,s1
1000,1,s3-s6,9.53674316406e-07,0.962232129069,2.0,2.0,s3,s5,s2,s1
1000,1,s5-s6,6.103515625e-05,0.971000058911,2.0,2.0,s5,s3,s2,s1
1000,1,s3-s4,3.81469726562e-06,0.971000058911,2.0,2.0,s3,s5,s2,s1
1050,1,s4-s5,3.81469726562e-06,0.788331840259,2.0,2.0,s5,s3,s2,s1
1050,1,s3-s6,7.45058059692e-09,0.974015606426,2.0,2.0,s3,s5,s2,s1
1050,1,s5-s6,9.53674316406e-07,2.0,2.0,2.0,s5,s3,s2,s1
1050,1,s3-s4,2.98023223877e-08,0.560195935615,2.0,2.0,s3,s5,s2,s1
1000,1,s4-s5,1.52587890625e-05,0.967192176354,2.0,2.0,s5,s3,s2,s1
1000,1,s3-s6,0.0001220703125,0.788331840259,2.0,2.0,s3,s5,s2,s1
1000,1,s5-s6,3.81469726562e-06,0.955503012118,2.0,2.0,s5,s3,s2,s1
1000,1,s3-s4,4.76837158203e-07,0.192885685225,2.0,2.0,s3,s5,s2,s1
1050,1,s4-s5,6.103515625e-05,0.974015606426,2.0,2.0,s5,s3,s2,s1
1050,1,s3-s6,1.90734863281e-06,1.0,2.0,2.0,s3,s5,s2,s1
1050,1,s5-s6,3.81469726562e-06,0.603298561199,2.0,2.0,s5,s3,s2,s1
1050,1,s3-s4,1.90734863281e-06,0.971000058911,2.0,2.0,s3,s5,s2,s1
1000,1,s4-s5,9.53674316406e-07,0.548266618634,2.0,2.0,s5,s3,s2,s1
1000,1,s3-s6,0.0001220703125,1.0,2.0,2.0,s3,s5,s2,s1
1000,1,s5-s6,2.38418579102e-07,0.57819621411,2.0,2.0,s5,s3,s2,s1
1000,1,s3-s4,4.76837158203e-07,0.256868167054,2.0,2.0,s3,s5,s2,s1
1050,1,s4-s5,2.38418579102e-07,1.0,2.0,2.0,s5,s3,s2,s1
1050,1,s3-s6,4.76837158203e-07,0.978488754555,2.0,2.0,s3,s5,s2,s1
1050,1,s5-s6,1.19209289551e-07,0.806524831202,2.0,2.0,s5,s3,s2,s1
1050,1,s3-s4,1.90734863281e-06,0.158581151933,2.0,2.0,s3,s5,s2,s1
1000,1,s4-s5,1.90734863281e-06,0.76636463792,2.0,2.0,s5,s3,s2,s1
1000,1,s3-s6,1.19209289551e-07,0.739313886531,2.0,2.0,s3,s5,s2,s1
1000,1,s5-s6,0.0001220703125,0.360813447275,2.0,2.0,s5,s3,s2,s1
1000,1,s3-s4,6.103515625e-05,0.845821465941,2.0,2.0,s3,s5,s2,s1
1050,1,s4-s5,1.19209289551e-07,0.976462892133,2.0,2.0,s5,s3,s2,s1
1050,1,s3-s6,6.103515625e-05,0.976462892133,2.0,2.0,s3,s5,s2,s1
1050,1,s5-s6,7.62939453125e-06,0.739313886531,2.0,2.0,s5,s3,s2,s1
1050,1,s3-s4,1.90734863281e-06,0.31569683902,2.0,2.0,s3,s5,s2,s1
1000,1,s4-s5,1.52587890625e-05,0.971000058911,2.0,2.0,s5,s3,s2,s1
1000,1,s3-s6,0.0001220703125,0.548266618634,2.0,2.0,s3,s5,s2,s1
1000,1,s5-s6,4.76837158203e-07,0.474127011366,2.0,2.0,s5,s3,s2,s1
1000,1,s3-s4,3.0517578125e-05,0.123317546069,2.0,2.0,s3,s5,s2,s1
1050,1,s4-s5,1.52587890625e-05,0.76636463792,2.0,2.0,s5,s3,s2,s1
1050,1,s3-s6,7.62939453125e-06,0.668505756766,2.0,2.0,s3,s5,s2,s1
1050,1,s5-s6,4.76837158203e-07,1.0,2.0,2.0,s5,s3,s2,s1
1050,1,s3-s4,7.62939453125e-06,1.0,2.0,2.0,s3,s5,s2,s1
1000,1,s4-s5,6.103515625e-05,0.705186060147,2.0,2.0,s5,s3,s2,s1
1000,1,s3-s6,0.0001220703125,0.241742854922,2.0,2.0,s3,s5,s2,s1
1000,1,s5-s6,1.19209289551e-07,0.919955432665,2.0,2.0,s5,s3,s2,s1
1000,1,s3-s4,2.38418579102e-07,0.845821465941,2.0,2.0,s3,s5,s2,s1
1050,1,s4-s5,5.96046447754e-08,0.788331840259,2.0,2.0,s5,s3,s2,s1
1050,1,s3-s6,1.90734863281e-06,0.974015606426,2.0,2.0,s3,s5,s2,s1
1050,1,s5-s6,7.62939453125e-06,0.904686017997,2.0,2.0,s5,s3,s2,s1
1050,1,s3-s4,3.0517578125e-05,0.0323962027482,2.0,2.0,s3,s5,s2,s1
1000,1,s4-s5,7.62939453125e-06,0.0336619793581,2.0,2.0,s5,s3,s2,s1
1000,1,s3-s6,6.103515625e-05,0.739313886531,2.0,2.0,s3,s5,s2,s1
1000,1,s5-s6,1.90734863281e-06,0.882207868187,2.0,2.0,s5,s3,s2,s1
1000,1,s3-s4,1.90734863281e-06,0.967192176354,2.0,2.0,s3,s5,s2,s1
1050,1,s4-s5,3.81469726562e-06,0.468595846007,2.0,2.0,s5,s3,s2,s1
1050,1,s3-s6,4.76837158203e-07,0.42763075233,2.0,2.0,s3,s5,s2,s1
1050,1,s5-s6,3.81469726562e-06,0.693733886081,2.0,2.0,s5,s3,s2,s1
1050,1,s3-s4,1.49011611938e-08,2.0,2.0,2.0,s3,s2,s1,s5
1000,1,s4-s5,1.52587890625e-05,0.882207868187,2.0,2.0,s5,s3,s2,s1
1000,1,s3-s6,6.103515625e-05,0.226514893743,2.0,2.0,s3,s5,s2,s1
1000,1,s5-s6,1.52587890625e-05,2.0,2.0,2.0,s5,s3,s2,s1
1000,1,s3-s4,6.103515625e-05,0.76636463792,2.0,2.0,s3,s5,s2,s1
1050,1,s4-s5,3.81469726562e-06,0.182961389063,2.0,2.0,s5,s3,s2,s1
1050,1,s3-s6,7.62939453125e-06,0.919955432665,2.0,2.0,s3,s5,s2,s1
1050,1,s5-s6,6.103515625e-05,0.400913000929,2.0,2.0,s5,s3,s2,s1
1050,1,s3-s4,4.76837158203e-07,2.0,2.0,2.0,s3,s2,s1,s5
