#flows,epsilon,is_correlated,key,count_chern[0]
35000,0.01,1,ah226-al225,1.22812389641e-05,0.00999013138501,1
35000,0.01,1,ah2-al1,5.9243896751e-08,0.00901515720026,1
35000,0.01,1,ah65-al65,1.91556409135e-07,0.00368572847,1
35000,0.01,1,ah66-al65,1.67012355757e-10,0.0478139996216,1
35000,0.01,1,ah194-al193,1.65091727997e-08,9.3581041843e-06,1
35000,0.01,1,ah98-al97,3.22320917789e-07,0.0489185882769,1
35000,0.01,1,ah225-al225,9.63140904308e-07,0.0810131622753,1
35000,0.01,1,ah97-al97,3.57840380081e-07,0.0064658691049,1
35000,0.01,1,ah161-al161,0.0001343298509,0.00981778772261,1
35000,0.01,1,ah33-al33,1.99335670605e-07,0.0136435121737,1
35000,0.01,1,ah193-al193,1.99892749021e-06,0.000194962731261,1
35000,0.01,1,ah162-al161,4.05336745826e-07,0.0410796256186,1
35000,0.01,1,ah1-al1,5.46837271966e-08,0.0414992492851,1
35000,0.01,1,ah34-al33,3.50925086051e-07,0.0620380783892,1
35000,0.05,1,ah226-al225,8.40800525833e-11,3.22998778057e-05,1
35000,0.05,1,ah2-al1,8.54984785039e-06,0.000477819459172,1
35000,0.05,1,ah65-al65,5.73111025603e-09,0.0572688366067,1
35000,0.05,1,ah66-al65,2.36266306945e-10,0.0566646959586,1
35000,0.05,1,ah194-al193,1.46903788075e-09,0.000353435867174,1
35000,0.05,1,ah98-al97,2.70548110984e-06,0.0933121107719,1
35000,0.05,1,ah225-al225,6.76826328724e-07,0.0300744008895,1
35000,0.05,1,ah97-al97,9.70559982213e-08,0.143943954358,1
35000,0.05,1,ah161-al161,2.21605204327e-07,0.0257589294568,1
35000,0.05,1,ah33-al33,8.93849002466e-08,0.0561618991496,1
35000,0.05,1,ah193-al193,2.16977900403e-07,0.0660662911734,1
35000,0.05,1,ah162-al161,0.000156810805786,0.00385559934788,1
35000,0.05,1,ah1-al1,1.08923509191e-07,0.0159637944869,1
35000,0.05,1,ah34-al33,1.9161632697e-07,0.0020521667137,1
35000,0.09,1,ah226-al225,1.47933125402e-07,0.0948952034115,1
35000,0.09,1,ah2-al1,1.75822916548e-07,0.0330254809417,1
35000,0.09,1,ah65-al65,7.00434029497e-06,0.208037629185,1
35000,0.09,1,ah66-al65,7.60047120557e-09,0.00146714937958,1
35000,0.09,1,ah194-al193,6.55055461599e-07,0.0358627422104,1
35000,0.09,1,ah98-al97,6.04238541043e-08,0.0389227121765,1
35000,0.09,1,ah225-al225,2.11206992827e-08,1.13017817032e-05,1
35000,0.09,1,ah97-al97,7.07451697579e-08,0.00110810228796,1
35000,0.09,1,ah161-al161,1.01348502985e-07,0.0766291757969,1
35000,0.09,1,ah33-al33,1.66797049529e-10,0.0228436111063,1
35000,0.09,1,ah193-al193,5.28580203279e-08,0.00949691361607,1
35000,0.09,1,ah162-al161,0.000964806056491,0.0174730706105,1
35000,0.09,1,ah1-al1,1.15474029657e-06,0.0419924325819,1
35000,0.09,1,ah34-al33,1.39484425153e-05,0.0023860341361,1
35000,0.13,1,ah226-al225,4.23997909592e-09,0.0152492320371,1
35000,0.13,1,ah2-al1,1.27528900409e-09,0.0164015916369,1
35000,0.13,1,ah65-al65,8.43484253619e-08,0.0558743199947,1
35000,0.13,1,ah66-al65,5.86444963483e-08,0.000253217683557,1
35000,0.13,1,ah194-al193,1.71736382046e-10,0.0454449449098,1
35000,0.13,1,ah98-al97,3.43111064477e-08,4.09961988152e-05,1
35000,0.13,1,ah225-al225,7.47212133995e-07,0.145845779012,1
35000,0.13,1,ah97-al97,3.68544567606e-06,0.132692580931,1
35000,0.13,1,ah161-al161,9.1659099295e-05,0.00121412660225,1
35000,0.13,1,ah33-al33,2.89948744131e-06,0.009924856524,1
35000,0.13,1,ah193-al193,7.34144966871e-07,0.0055889326807,1
35000,0.13,1,ah162-al161,5.04703008056e-06,0.010672687732,1
35000,0.13,1,ah1-al1,6.04238541043e-08,0.110712107835,1
35000,0.13,1,ah34-al33,8.93352989276e-07,0.0365642824999,1
35000,0.17,1,ah226-al225,1.15877327846e-06,0.0428065367307,1
35000,0.17,1,ah2-al1,1.36469708523e-06,0.0011905128154,1
35000,0.17,1,ah65-al65,2.64575677576e-09,0.0363970176588,1
35000,0.17,1,ah66-al65,4.03559115996e-08,0.00550656257159,1
35000,0.17,1,ah194-al193,2.22657733573e-09,0.0121553618545,1
35000,0.17,1,ah98-al97,2.4695270805e-08,0.0198395901322,1
35000,0.17,1,ah225-al225,1.57486834838e-07,0.0238086606914,1
35000,0.17,1,ah97-al97,1.05807456008e-06,0.0427591566339,1
35000,0.17,1,ah161-al161,1.38194963919e-07,0.0214093197279,1
35000,0.17,1,ah33-al33,1.36351340256e-09,0.00929558933113,1
35000,0.17,1,ah193-al193,2.59143645473e-09,0.0750216293604,1
35000,0.17,1,ah162-al161,3.32346392465e-05,0.295575825174,1
35000,0.17,1,ah1-al1,1.02916794672e-07,0.0901887759214,1
35000,0.17,1,ah34-al33,3.12724496054e-10,0.000120107330344,1
35000,0.21,1,ah226-al225,1.23065229608e-05,0.152368021394,1
35000,0.21,1,ah2-al1,1.25621580541e-06,0.00629220501478,1
35000,0.21,1,ah65-al65,2.60580195406e-11,0.00173065180722,1
35000,0.21,1,ah66-al65,1.07218593287e-09,0.0169013007543,1
35000,0.21,1,ah194-al193,1.85206869813e-05,0.00708904628503,1
35000,0.21,1,ah98-al97,1.78366392784e-06,0.00985545573319,1
35000,0.21,1,ah225-al225,3.27550231709e-06,0.15518702687,1
35000,0.21,1,ah97-al97,7.51018085758e-08,0.034678736737,1
35000,0.21,1,ah161-al161,6.50000075795e-07,0.0260281570991,1
35000,0.21,1,ah33-al33,1.33528815578e-09,0.00215978802961,1
35000,0.21,1,ah193-al193,4.3017495968e-06,0.315402212944,1
35000,0.21,1,ah162-al161,0.00013454381785,0.0023637963885,1
35000,0.21,1,ah1-al1,9.85783896259e-08,0.00264645044908,1
35000,0.21,1,ah34-al33,6.69657831807e-07,0.00775916776647,1
35000,0.01,0,ah226-al225,0.266577384772,0.315705400033,-1
35000,0.01,0,ah2-al1,0.412382234195,0.00596195786764,0
35000,0.01,0,ah65-al65,0.100824827693,0.398248578689,-1
35000,0.01,0,ah66-al65,0.238267193558,0.170119996781,-1
35000,0.01,0,ah194-al193,0.209089354829,0.403157496854,-1
35000,0.01,0,ah98-al97,0.555031809801,0.366503419959,-1
35000,0.01,0,ah225-al225,0.0132325088279,0.232326541398,-1
35000,0.01,0,ah97-al97,0.121825701293,0.435896913144,-1
35000,0.01,0,ah161-al161,0.0572881174598,0.0628457447216,-1
35000,0.01,0,ah33-al33,0.0369607077994,0.0126964881555,-1
35000,0.01,0,ah193-al193,0.250098292558,0.587902829816,-1
35000,0.01,0,ah162-al161,0.274592727698,0.320628218992,-1
35000,0.01,0,ah1-al1,0.507235553863,0.0901435948087,-1
35000,0.01,0,ah34-al33,0.394453393107,0.377355276629,-1
35000,0.05,0,ah226-al225,0.1539201688,0.768940426946,-1
35000,0.05,0,ah2-al1,0.704370945095,0.192256702865,-1
35000,0.05,0,ah65-al65,0.410766919968,0.0934695241822,-1
35000,0.05,0,ah66-al65,0.119140675419,0.34256575019,-1
35000,0.05,0,ah194-al193,0.0827050632072,0.0728430499841,-1
35000,0.05,0,ah98-al97,0.0933895975826,0.31013361754,-1
35000,0.05,0,ah225-al225,0.503793741259,0.179424698163,-1
35000,0.05,0,ah97-al97,0.13612034177,0.380452218179,-1
35000,0.05,0,ah161-al161,0.552263416645,0.0175901059919,0
35000,0.05,0,ah33-al33,0.374801388824,0.320838448287,-1
35000,0.05,0,ah193-al193,0.0815272065912,0.443361664479,-1
35000,0.05,0,ah162-al161,0.252750808818,0.13439496922,-1
35000,0.05,0,ah1-al1,0.317600321689,0.382641801509,-1
35000,0.05,0,ah34-al33,0.221436244594,0.183575620201,-1
35000,0.09,0,ah226-al225,0.384930865713,0.301040710396,-1
35000,0.09,0,ah2-al1,0.172805708116,0.233796470913,-1
35000,0.09,0,ah65-al65,0.0330568193221,0.371558192577,1
35000,0.09,0,ah66-al65,0.00687372891172,0.330594441846,1
35000,0.09,0,ah194-al193,0.383457319278,0.558860010266,-1
35000,0.09,0,ah98-al97,0.612932559308,0.624924704962,-1
35000,0.09,0,ah225-al225,0.117916176222,0.486466232792,-1
35000,0.09,0,ah97-al97,0.244392071406,0.714016573923,-1
35000,0.09,0,ah161-al161,0.247553695628,0.390088195595,-1
35000,0.09,0,ah33-al33,0.708078554915,0.0309114043105,0
35000,0.09,0,ah193-al193,0.117950726389,0.349350067441,-1
35000,0.09,0,ah162-al161,0.383800635207,0.109480824779,-1
35000,0.09,0,ah1-al1,0.152031144504,0.063527046899,0
35000,0.09,0,ah34-al33,0.665692095397,0.129886353794,-1
35000,0.13,0,ah226-al225,0.0409165537234,0.0855670418891,1
35000,0.13,0,ah2-al1,0.582107926235,0.255195998851,-1
35000,0.13,0,ah65-al65,0.0349459693189,0.398185094645,1
35000,0.13,0,ah66-al65,0.12079695543,0.578294890618,1
35000,0.13,0,ah194-al193,0.235047154419,0.11238259813,0
35000,0.13,0,ah98-al97,0.287882860804,0.256775768923,-1
35000,0.13,0,ah225-al225,0.243788621666,0.16552640023,-1
35000,0.13,0,ah97-al97,0.495390803177,0.713213409271,-1
35000,0.13,0,ah161-al161,0.00824621203033,0.0907021576511,1
35000,0.13,0,ah33-al33,0.190625314435,0.621798976779,-1
35000,0.13,0,ah193-al193,0.0356198608367,0.291131817315,1
35000,0.13,0,ah162-al161,0.334650668937,0.343813769582,-1
35000,0.13,0,ah1-al1,0.821177915326,0.150878933246,-1
35000,0.13,0,ah34-al33,0.532189779145,0.384407561754,-1
35000,0.17,0,ah226-al225,0.559223968004,0.448042481985,-1
35000,0.17,0,ah2-al1,0.412152248816,0.477681728987,-1
35000,0.17,0,ah65-al65,0.126888493171,0.534333606201,1
35000,0.17,0,ah66-al65,0.525793106121,0.664296627346,-1
35000,0.17,0,ah194-al193,0.104124265984,0.0186722696542,1
35000,0.17,0,ah98-al97,0.0547905364601,0.590979205025,1
35000,0.17,0,ah225-al225,0.176151999935,0.241947085548,-1
35000,0.17,0,ah97-al97,0.244015126432,0.172293021039,-1
35000,0.17,0,ah161-al161,0.0569077647481,0.0673519185621,1
35000,0.17,0,ah33-al33,0.44475041015,0.0283661077372,0
35000,0.17,0,ah193-al193,0.408159247442,0.00821624611597,0
35000,0.17,0,ah162-al161,0.377259935045,0.420892108004,-1
35000,0.17,0,ah1-al1,0.77090789449,0.139185193338,0
35000,0.17,0,ah34-al33,0.719480232847,0.0880730437083,0
35000,0.21,0,ah226-al225,0.13210334875,0.554679658806,1
35000,0.21,0,ah2-al1,0.289755145698,0.0525747459239,0
35000,0.21,0,ah65-al65,0.12285497492,0.201895555749,1
35000,0.21,0,ah66-al65,0.0372910716304,0.231107705695,1
35000,0.21,0,ah194-al193,0.126923070839,0.549212415992,1
35000,0.21,0,ah98-al97,0.362170862223,0.174163190225,0
35000,0.21,0,ah225-al225,0.106639735747,0.784491026551,1
35000,0.21,0,ah97-al97,0.600565606657,0.537236627237,-1
35000,0.21,0,ah161-al161,0.0938261564162,0.16254419253,1
35000,0.21,0,ah33-al33,0.316176113586,0.351043704211,-1
35000,0.21,0,ah193-al193,0.861001209574,0.0825458502714,0
35000,0.21,0,ah162-al161,0.354931080842,0.262910118735,-1
35000,0.21,0,ah1-al1,0.335777948815,0.0844849368819,0
35000,0.21,0,ah34-al33,0.541927181636,0.285536486192,-1
35000,0.01,1,ah226-al225,1.52830580833e-05,0.0249159721375,1
35000,0.01,1,ah2-al1,1.26926688272e-06,0.00114844375507,1
35000,0.01,1,ah65-al65,2.35580763257e-06,0.160180680825,1
35000,0.01,1,ah66-al65,2.85817255061e-06,0.189802987003,1
35000,0.01,1,ah194-al193,1.20505940846e-07,0.00106325604541,1
35000,0.01,1,ah98-al97,5.81787810311e-09,0.00749827390584,1
35000,0.01,1,ah225-al225,8.7223025891e-07,0.116557277758,1
35000,0.01,1,ah97-al97,1.79363449222e-07,0.138307005601,1
35000,0.01,1,ah161-al161,9.299507414e-08,0.0251382130874,1
35000,0.01,1,ah33-al33,1.89575295254e-08,0.000501866046292,1
35000,0.01,1,ah193-al193,4.10088020389e-08,0.00376618511499,1
35000,0.01,1,ah162-al161,3.94075398855e-06,0.0561449263965,1
35000,0.01,1,ah1-al1,6.10012259472e-10,0.0611370749103,1
35000,0.01,1,ah34-al33,3.45782668433e-06,0.143544890784,1
35000,0.05,1,ah226-al225,1.43990006546e-07,0.0212198027359,1
35000,0.05,1,ah2-al1,2.45754076283e-08,0.00722282606428,1
35000,0.05,1,ah65-al65,3.35592926186e-12,0.0482308029373,1
35000,0.05,1,ah66-al65,3.45782668433e-06,0.101487647655,1
35000,0.05,1,ah194-al193,9.61325857404e-07,0.0575878042375,1
35000,0.05,1,ah98-al97,1.0072429566e-05,0.0162025490768,1
35000,0.05,1,ah225-al225,5.70070333883e-11,0.00905135447343,1
35000,0.05,1,ah97-al97,1.02888188947e-10,0.00817938073839,1
35000,0.05,1,ah161-al161,1.27633284126e-07,0.123191793298,1
35000,0.05,1,ah33-al33,4.7005533166e-10,0.0506130617148,1
35000,0.05,1,ah193-al193,8.45313400884e-08,3.26692211812e-05,1
35000,0.05,1,ah162-al161,1.44379063995e-05,0.068886021017,1
35000,0.05,1,ah1-al1,1.66541200523e-08,0.0287845585655,1
35000,0.05,1,ah34-al33,2.088313285e-06,0.00226956127478,1
35000,0.09,1,ah226-al225,7.10529610301e-08,0.0996900819329,1
35000,0.09,1,ah2-al1,9.48097041617e-06,0.00202267498944,1
35000,0.09,1,ah65-al65,7.40769521465e-10,0.0134160837998,1
35000,0.09,1,ah66-al65,1.134411416e-05,0.0308413270305,1
35000,0.09,1,ah194-al193,5.09969530295e-05,0.0859522833663,1
35000,0.09,1,ah98-al97,2.75389863857e-11,0.011277939605,1
35000,0.09,1,ah225-al225,4.88058440814e-07,0.0407283219756,1
35000,0.09,1,ah97-al97,8.33362863642e-07,0.000808496289024,1
35000,0.09,1,ah161-al161,3.09988928108e-07,0.0458186342317,1
35000,0.09,1,ah33-al33,3.0575172129e-09,0.06859035635,1
35000,0.09,1,ah193-al193,1.04127535535e-09,0.000535337979946,1
35000,0.09,1,ah162-al161,6.93647146785e-06,0.0289220441886,1
35000,0.09,1,ah1-al1,3.08863813806e-09,0.483859226885,1
35000,0.09,1,ah34-al33,1.58589577668e-06,0.00283617122251,1
35000,0.13,1,ah226-al225,2.73498895102e-07,0.0206358556265,1
35000,0.13,1,ah2-al1,4.05418241575e-08,0.000129573853892,1
35000,0.13,1,ah65-al65,2.07974465212e-07,0.162592618542,1
35000,0.13,1,ah66-al65,1.57475251154e-06,0.00862315521797,1
35000,0.13,1,ah194-al193,5.5511431772e-06,0.0127900995178,1
35000,0.13,1,ah98-al97,8.23977057756e-09,0.0232393880507,1
35000,0.13,1,ah225-al225,2.3632702552e-07,0.00836245282977,1
35000,0.13,1,ah97-al97,6.36647780761e-06,0.15782930049,1
35000,0.13,1,ah161-al161,0.000127878590321,0.000775054135026,1
35000,0.13,1,ah33-al33,8.80595064127e-11,0.000646797685746,1
35000,0.13,1,ah193-al193,1.16093094037e-10,0.0628945564584,1
35000,0.13,1,ah162-al161,0.000208213507531,0.068593728684,1
35000,0.13,1,ah1-al1,3.37438274379e-06,0.012051942528,1
35000,0.13,1,ah34-al33,1.25662682652e-07,0.00240575569362,1
35000,0.17,1,ah226-al225,1.32111650728e-06,0.0295476082544,1
35000,0.17,1,ah2-al1,2.44147638329e-06,0.0488822449744,1
35000,0.17,1,ah65-al65,1.51080378908e-06,0.00149716828869,1
35000,0.17,1,ah66-al65,1.00769527768e-06,0.0568059362956,1
35000,0.17,1,ah194-al193,9.75543734092e-08,0.0429553050953,1
35000,0.17,1,ah98-al97,3.5131104758e-13,0.0128498222941,1
35000,0.17,1,ah225-al225,5.016474064e-07,0.0232078351827,1
35000,0.17,1,ah97-al97,3.33787249008e-07,0.00250885280064,1
35000,0.17,1,ah161-al161,1.22108251085e-07,0.17285210359,1
35000,0.17,1,ah33-al33,6.13166444639e-08,0.159298000868,1
35000,0.17,1,ah193-al193,4.42899503531e-07,0.00209766388586,1
35000,0.17,1,ah162-al161,6.97595078653e-05,0.0727555404301,1
35000,0.17,1,ah1-al1,6.4360602586e-09,0.020880724378,1
35000,0.17,1,ah34-al33,8.87390143448e-07,0.00432731848512,1
35000,0.21,1,ah226-al225,6.61929650946e-06,0.0398670820116,1
35000,0.21,1,ah2-al1,8.03899917723e-07,0.00842485223509,1
35000,0.21,1,ah65-al65,9.32873472848e-08,0.0581167156986,1
35000,0.21,1,ah66-al65,3.62257058979e-07,0.0309231739179,1
35000,0.21,1,ah194-al193,3.22320917789e-07,0.0645059669045,1
35000,0.21,1,ah98-al97,6.2429389999e-08,0.154523453999,1
35000,0.21,1,ah225-al225,6.97862207263e-07,0.0135539700155,1
35000,0.21,1,ah97-al97,6.72153955943e-07,0.00847187188386,1
35000,0.21,1,ah161-al161,5.21188194179e-05,0.022679914047,1
35000,0.21,1,ah33-al33,1.93417717303e-10,0.00413447778161,1
35000,0.21,1,ah193-al193,5.09969530295e-05,0.00241279296933,1
35000,0.21,1,ah162-al161,0.0011573400206,0.0937618114224,1
35000,0.21,1,ah1-al1,5.61905019832e-10,0.0625187208917,1
35000,0.21,1,ah34-al33,2.46359360162e-05,0.00553136241359,1
35000,0.01,0,ah226-al225,0.274835300355,0.13367002142,-1
35000,0.01,0,ah2-al1,0.577485136139,0.033654248991,-1
35000,0.01,0,ah65-al65,0.292348053987,0.437517283923,-1
35000,0.01,0,ah66-al65,0.444576079451,0.0413370620559,-1
35000,0.01,0,ah194-al193,0.501913893331,0.0175878172842,-1
35000,0.01,0,ah98-al97,0.406435196065,0.565604337568,-1
35000,0.01,0,ah225-al225,0.13742264473,0.303714031743,-1
35000,0.01,0,ah97-al97,0.277685458694,0.523051814276,-1
35000,0.01,0,ah161-al161,0.0257411986118,0.175626663452,-1
35000,0.01,0,ah33-al33,0.244831534273,0.0374250258645,-1
35000,0.01,0,ah193-al193,0.248105352923,0.171020997762,-1
35000,0.01,0,ah162-al161,0.0679592859105,0.19948502175,-1
35000,0.01,0,ah1-al1,0.733892578757,0.0737794186626,-1
35000,0.01,0,ah34-al33,0.69574683419,0.0106642690433,-1
35000,0.05,0,ah226-al225,0.846620979079,0.366127279371,-1
35000,0.05,0,ah2-al1,0.194093522777,0.132271961321,-1
35000,0.05,0,ah65-al65,0.256461590937,0.148939729002,-1
35000,0.05,0,ah66-al65,0.400065347137,0.499295648231,-1
35000,0.05,0,ah194-al193,0.292770552168,0.196650241638,-1
35000,0.05,0,ah98-al97,0.673808124093,0.449616531928,-1
35000,0.05,0,ah225-al225,0.366637882406,0.116418827891,-1
35000,0.05,0,ah97-al97,0.278913996866,0.0743037061176,-1
35000,0.05,0,ah161-al161,0.138834987724,0.072190026451,-1
35000,0.05,0,ah33-al33,0.0945877747924,0.0440466148893,0
35000,0.05,0,ah193-al193,0.409572931328,0.042314938911,0
35000,0.05,0,ah162-al161,0.365681157401,0.29523375577,-1
35000,0.05,0,ah1-al1,0.365278730105,0.340035069906,-1
35000,0.05,0,ah34-al33,0.306460371953,0.264883281151,-1
35000,0.09,0,ah226-al225,0.477539138605,0.374762033511,-1
35000,0.09,0,ah2-al1,0.575022262585,0.0781378530793,0
35000,0.09,0,ah65-al65,0.559283523179,0.203128029697,-1
35000,0.09,0,ah66-al65,0.123521224513,0.241707820401,-1
35000,0.09,0,ah194-al193,0.0172681171964,0.133960870858,1
35000,0.09,0,ah98-al97,0.306545199611,0.179887018889,-1
35000,0.09,0,ah225-al225,0.00949445192799,0.324013118099,1
35000,0.09,0,ah97-al97,0.00426338430995,0.255538926189,1
35000,0.09,0,ah161-al161,0.10817006469,0.183707495884,-1
35000,0.09,0,ah33-al33,0.60687859325,0.331446781278,-1
35000,0.09,0,ah193-al193,0.682407366879,0.642210359993,-1
35000,0.09,0,ah162-al161,0.00933860176548,0.00933860176548,1
35000,0.09,0,ah1-al1,0.362545375447,0.278722658087,-1
35000,0.09,0,ah34-al33,0.104215529899,0.249490871989,-1
35000,0.13,0,ah226-al225,0.520594468607,0.870788278812,-1
35000,0.13,0,ah2-al1,0.420972183001,0.387718869049,-1
35000,0.13,0,ah65-al65,0.647028170421,0.264075683006,-1
35000,0.13,0,ah66-al65,0.745781186181,0.758231633589,-1
35000,0.13,0,ah194-al193,0.0382481700896,0.304198793626,1
35000,0.13,0,ah98-al97,0.285520170724,0.40967729465,-1
35000,0.13,0,ah225-al225,0.684147780821,0.469178592282,-1
35000,0.13,0,ah97-al97,0.520594468607,0.684761138577,-1
35000,0.13,0,ah161-al161,0.0613000640135,0.356103028082,1
35000,0.13,0,ah33-al33,0.496397086965,0.28012813817,-1
35000,0.13,0,ah193-al193,0.438862869114,0.31842172956,-1
35000,0.13,0,ah162-al161,0.273977341126,0.170010362695,-1
35000,0.13,0,ah1-al1,0.110475053256,0.61617267318,1
35000,0.13,0,ah34-al33,0.547024788981,0.179788628458,-1
35000,0.17,0,ah226-al225,0.253428968785,0.106397849973,0
35000,0.17,0,ah2-al1,0.410766919968,0.397086018181,-1
35000,0.17,0,ah65-al65,0.365283424939,0.679406582669,-1
35000,0.17,0,ah66-al65,0.621884814173,0.321791734696,-1
35000,0.17,0,ah194-al193,0.0246170405455,0.0294723591919,1
35000,0.17,0,ah98-al97,0.187214165547,0.449300755896,-1
35000,0.17,0,ah225-al225,0.691008465368,0.54606449132,-1
35000,0.17,0,ah97-al97,0.292838303627,0.0232722062676,0
35000,0.17,0,ah161-al161,0.0111750947839,0.202664549782,1
35000,0.17,0,ah33-al33,0.536724373521,0.474661695446,-1
35000,0.17,0,ah193-al193,0.352818712478,0.362675365358,-1
35000,0.17,0,ah162-al161,0.389539980537,0.276777292595,-1
35000,0.17,0,ah1-al1,0.176151999935,0.191130272685,-1
35000,0.17,0,ah34-al33,0.350416344679,0.205107927822,-1
35000,0.21,0,ah226-al225,0.454338906457,0.441945563701,-1
35000,0.21,0,ah2-al1,0.229377824521,0.0119983587418,0
35000,0.21,0,ah65-al65,0.246760075412,0.558664627139,-1
35000,0.21,0,ah66-al65,0.286056636504,0.394323239162,-1
35000,0.21,0,ah194-al193,0.0722916781851,0.531356034852,1
35000,0.21,0,ah98-al97,0.705870215927,0.336903911589,-1
35000,0.21,0,ah225-al225,0.117940905172,0.51538927668,1
35000,0.21,0,ah97-al97,0.0165046337932,0.0552189846662,1
35000,0.21,0,ah161-al161,0.15393182539,0.0536657957605,1
35000,0.21,0,ah33-al33,0.562769549997,0.0459444743663,0
35000,0.21,0,ah193-al193,0.52159622718,0.131879757662,0
35000,0.21,0,ah162-al161,0.0542831029143,0.486341926969,1
35000,0.21,0,ah1-al1,0.167303668273,0.0609991515038,1
35000,0.21,0,ah34-al33,0.61324613198,0.489710799171,-1
35000,0.01,1,ah226-al225,3.67003309945e-07,0.00150533416191,1
35000,0.01,1,ah2-al1,6.25061331916e-08,0.00474769373648,1
35000,0.01,1,ah65-al65,1.15434011094e-07,0.0235898164152,1
35000,0.01,1,ah66-al65,2.58198129294e-08,0.0168783649705,1
35000,0.01,1,ah194-al193,1.16272371058e-11,0.0401067642209,1
35000,0.01,1,ah98-al97,6.77159488591e-09,0.0167181235403,1
35000,0.01,1,ah225-al225,2.04789534162e-08,7.1521414076e-05,1
35000,0.01,1,ah97-al97,4.49416544966e-13,0.00537282071919,1
35000,0.01,1,ah161-al161,4.85830856029e-10,0.0136904460017,1
35000,0.01,1,ah33-al33,3.10480542565e-07,0.00671067412509,1
35000,0.01,1,ah193-al193,3.4405754217e-07,0.0102909021754,1
35000,0.01,1,ah162-al161,3.09814242971e-06,0.105353255864,1
35000,0.01,1,ah1-al1,3.63633598302e-07,0.132512525047,1
35000,0.01,1,ah34-al33,2.46468296468e-07,0.0973058407575,1
35000,0.05,1,ah226-al225,2.38042011079e-06,0.0701239182762,1
35000,0.05,1,ah2-al1,3.32964896148e-06,0.000403445094203,1
35000,0.05,1,ah65-al65,1.84838263162e-09,0.0990306842541,1
35000,0.05,1,ah66-al65,4.34519863478e-09,0.00177797966193,1
35000,0.05,1,ah194-al193,3.51981319458e-07,0.0650029041339,1
35000,0.05,1,ah98-al97,3.6527826256e-07,0.016352502102,1
35000,0.05,1,ah225-al225,2.33223380582e-06,0.0234085850775,1
35000,0.05,1,ah97-al97,4.99022382402e-07,0.000700938386212,1
35000,0.05,1,ah161-al161,9.48611909814e-06,0.00433674905905,1
35000,0.05,1,ah33-al33,1.24196814018e-08,0.0100791471055,1
35000,0.05,1,ah193-al193,7.84569416588e-08,0.00314450336319,1
35000,0.05,1,ah162-al161,2.37544019596e-07,0.0189521472617,1
35000,0.05,1,ah1-al1,2.61344351333e-11,0.0998057153514,1
35000,0.05,1,ah34-al33,1.04123367007e-06,0.0103235224604,1
35000,0.09,1,ah226-al225,1.94423843522e-07,0.000266508359711,1
35000,0.09,1,ah2-al1,6.22446713088e-06,0.0121057553152,1
35000,0.09,1,ah65-al65,1.05436677894e-10,0.011252262144,1
35000,0.09,1,ah66-al65,8.75510384675e-09,3.66117179589e-05,1
35000,0.09,1,ah194-al193,5.32944701214e-08,0.0198904370083,1
35000,0.09,1,ah98-al97,2.24430791834e-08,0.0207130619049,1
35000,0.09,1,ah225-al225,1.92610974013e-08,0.0275023554544,1
35000,0.09,1,ah97-al97,1.53563965721e-08,0.0198354823379,1
35000,0.09,1,ah161-al161,3.02157092072e-07,0.214125113258,1
35000,0.09,1,ah33-al33,1.79914585418e-11,0.0123512277893,1
35000,0.09,1,ah193-al193,7.04594385553e-08,0.26251293316,1
35000,0.09,1,ah162-al161,2.39896884909e-06,0.00402411393515,1
35000,0.09,1,ah1-al1,6.8666555567e-11,0.00947249540069,1
35000,0.09,1,ah34-al33,7.46511753653e-06,0.010793311309,1
35000,0.13,1,ah226-al225,7.75064979423e-08,0.0033500481908,1
35000,0.13,1,ah2-al1,3.36681840116e-07,0.038509646318,1
35000,0.13,1,ah65-al65,6.87687649218e-10,0.00208166030129,1
35000,0.13,1,ah66-al65,2.66635901397e-07,0.00702380504988,1
35000,0.13,1,ah194-al193,1.33990811262e-09,0.0335346304913,1
35000,0.13,1,ah98-al97,1.77528615911e-06,0.0671108886362,1
35000,0.13,1,ah225-al225,1.09026356805e-07,0.00502138780872,1
35000,0.13,1,ah97-al97,2.48191407449e-11,0.00626779990335,1
35000,0.13,1,ah161-al161,1.52526382459e-05,0.0034592674892,1
35000,0.13,1,ah33-al33,2.20513100732e-08,0.102789469217,1
35000,0.13,1,ah193-al193,1.81685735935e-06,0.0629947867541,1
35000,0.13,1,ah162-al161,1.73840872525e-06,0.0113857099942,1
35000,0.13,1,ah1-al1,5.18974155368e-06,0.0104953725431,1
35000,0.13,1,ah34-al33,2.94291719816e-06,0.0221622236871,1
35000,0.17,1,ah226-al225,4.35304738082e-08,0.0729446795981,1
35000,0.17,1,ah2-al1,1.25621580541e-06,0.000634695805692,1
35000,0.17,1,ah65-al65,6.36647780761e-06,0.0109936488218,1
35000,0.17,1,ah66-al65,1.18698387522e-08,0.0257556455114,1
35000,0.17,1,ah194-al193,6.1487153097e-07,0.00162161285505,1
35000,0.17,1,ah98-al97,1.79363449222e-07,0.0685071137652,1
35000,0.17,1,ah225-al225,0.000437941100431,0.00229345502946,1
35000,0.17,1,ah97-al97,8.29068645582e-07,0.000667821759825,1
35000,0.17,1,ah161-al161,3.00978079974e-06,0.0182306668418,1
35000,0.17,1,ah33-al33,2.17165087057e-06,0.200009300768,1
35000,0.17,1,ah193-al193,5.38920454536e-10,2.59182355223e-05,1
35000,0.17,1,ah162-al161,3.87560474239e-06,0.203532201411,1
35000,0.17,1,ah1-al1,2.07383653614e-06,0.00843259638672,1
35000,0.17,1,ah34-al33,8.17418441187e-08,8.19912108334e-05,1
35000,0.21,1,ah226-al225,4.23997909592e-09,0.0729872800212,1
35000,0.21,1,ah2-al1,5.83813585707e-06,0.00134035065668,1
35000,0.21,1,ah65-al65,2.12622363248e-06,0.0645682443185,1
35000,0.21,1,ah66-al65,9.38796719714e-05,0.00503591449741,1
35000,0.21,1,ah194-al193,1.99495680669e-12,0.125638802507,1
35000,0.21,1,ah98-al97,3.08472283087e-07,0.0778307199808,1
35000,0.21,1,ah225-al225,2.19632756771e-08,0.0141084927638,1
35000,0.21,1,ah97-al97,2.38832980029e-06,0.0348519891484,1
35000,0.21,1,ah161-al161,2.50730002168e-09,0.0248052911502,1
35000,0.21,1,ah33-al33,6.79349733404e-06,0.0958786195276,1
35000,0.21,1,ah193-al193,1.15474029657e-06,0.055794963193,1
35000,0.21,1,ah162-al161,0.000420962819607,0.0141191247938,1
35000,0.21,1,ah1-al1,2.29074086835e-06,0.0923515285323,1
35000,0.21,1,ah34-al33,1.54663594204e-09,0.000586740624818,1
35000,0.01,0,ah226-al225,0.560251441206,0.585296366173,-1
35000,0.01,0,ah2-al1,0.153431960684,0.00674443538029,0
35000,0.01,0,ah65-al65,0.242855885652,0.623597177992,-1
35000,0.01,0,ah66-al65,0.0707353148071,0.44286733172,-1
35000,0.01,0,ah194-al193,0.217489765521,0.639126258844,-1
35000,0.01,0,ah98-al97,0.43845122006,0.138993140943,-1
35000,0.01,0,ah225-al225,0.712032605948,0.0796548950342,-1
35000,0.01,0,ah97-al97,0.283837138871,0.528724646823,-1
35000,0.01,0,ah161-al161,0.0748029218967,0.101419387315,-1
35000,0.01,0,ah33-al33,0.326606788621,0.064177506999,-1
35000,0.01,0,ah193-al193,0.130126883578,0.235158340883,-1
35000,0.01,0,ah162-al161,0.00226551139357,0.171466933925,1
35000,0.01,0,ah1-al1,0.269724578221,0.3921987145,-1
35000,0.01,0,ah34-al33,0.578740497365,0.448350919337,-1
35000,0.05,0,ah226-al225,0.545526108163,0.0605966495095,-1
35000,0.05,0,ah2-al1,0.202358775896,0.243587299521,-1
35000,0.05,0,ah65-al65,0.0955553548342,0.24946711619,-1
35000,0.05,0,ah66-al65,0.0482638857892,0.6454731503,1
35000,0.05,0,ah194-al193,0.140758024493,0.369818126101,-1
35000,0.05,0,ah98-al97,0.0989645629568,0.263347764231,-1
35000,0.05,0,ah225-al225,0.540080080672,0.533944754059,-1
35000,0.05,0,ah97-al97,0.679574657658,0.470003063746,-1
35000,0.05,0,ah161-al161,0.0818276359915,0.0335950017283,0
35000,0.05,0,ah33-al33,0.303098511011,0.158956342476,-1
35000,0.05,0,ah193-al193,0.433658492618,0.107622143428,-1
35000,0.05,0,ah162-al161,0.120194784658,0.082531169472,-1
35000,0.05,0,ah1-al1,0.409852556959,0.462542061227,-1
35000,0.05,0,ah34-al33,0.135376018151,0.237281044863,-1
35000,0.09,0,ah226-al225,0.404801544759,0.383133095833,-1
35000,0.09,0,ah2-al1,0.459925143935,0.735621581811,-1
35000,0.09,0,ah65-al65,0.00452641782163,0.0251236161266,1
35000,0.09,0,ah66-al65,0.0700222502026,0.736687427324,1
35000,0.09,0,ah194-al193,0.11697656596,0.0107987430794,0
35000,0.09,0,ah98-al97,0.40865029925,0.664696162358,-1
35000,0.09,0,ah225-al225,0.067321566243,0.00526705515654,1
35000,0.09,0,ah97-al97,0.0681106335241,0.0870457024329,1
35000,0.09,0,ah161-al161,0.112641997725,0.0615939808484,0
35000,0.09,0,ah33-al33,0.140324097346,0.256983231572,-1
35000,0.09,0,ah193-al193,0.117885968147,0.66190777277,-1
35000,0.09,0,ah162-al161,0.119722133132,0.394188357549,-1
35000,0.09,0,ah1-al1,0.625607993457,0.104188766392,-1
35000,0.09,0,ah34-al33,0.728294246759,0.466497195371,-1
35000,0.13,0,ah226-al225,0.338534416712,0.368738719282,-1
35000,0.13,0,ah2-al1,0.052774062677,0.0173204304085,1
35000,0.13,0,ah65-al65,0.156015131314,0.0989621999938,0
35000,0.13,0,ah66-al65,0.404801544759,0.596642022754,-1
35000,0.13,0,ah194-al193,0.138633821034,0.252999104362,-1
35000,0.13,0,ah98-al97,0.174477860056,0.230071770962,-1
35000,0.13,0,ah225-al225,0.710039590963,0.553071900171,-1
35000,0.13,0,ah97-al97,0.206854033565,0.223190263832,-1
35000,0.13,0,ah161-al161,0.0339640536058,0.0669490406348,1
35000,0.13,0,ah33-al33,0.522291577201,0.740409732184,-1
35000,0.13,0,ah193-al193,0.677457753618,0.255327628165,-1
35000,0.13,0,ah162-al161,0.0429501202253,0.061900650928,1
35000,0.13,0,ah1-al1,0.390591117741,0.561651914448,-1
35000,0.13,0,ah34-al33,0.285939729959,0.0602885505871,0
35000,0.17,0,ah226-al225,0.61856415881,0.648116547121,-1
35000,0.17,0,ah2-al1,0.620471382267,0.163049436737,0
35000,0.17,0,ah65-al65,0.450645368881,0.268889869608,-1
35000,0.17,0,ah66-al65,0.00650868122544,0.171555579486,1
35000,0.17,0,ah194-al193,0.45158362693,0.675169352302,-1
35000,0.17,0,ah98-al97,0.272392209848,0.586903471983,-1
35000,0.17,0,ah225-al225,0.205723185364,0.0783662523196,0
35000,0.17,0,ah97-al97,0.0879253055434,0.807192649025,1
35000,0.17,0,ah161-al161,0.0264572606455,0.307206280595,1
35000,0.17,0,ah33-al33,0.0647158421558,0.297410545736,1
35000,0.17,0,ah193-al193,0.25109193932,0.706370100887,-1
35000,0.17,0,ah162-al161,0.0529567876691,0.0426297116157,1
35000,0.17,0,ah1-al1,0.438862869114,0.200687373921,-1
35000,0.17,0,ah34-al33,0.149840319786,0.091662987593,1
35000,0.21,0,ah226-al225,0.500142474964,0.152037595082,0
35000,0.21,0,ah2-al1,0.382064876764,0.742379456894,-1
35000,0.21,0,ah65-al65,0.546278125096,0.127989864901,0
35000,0.21,0,ah66-al65,0.0849293987042,0.517216145709,1
35000,0.21,0,ah194-al193,0.00674253785664,0.0507430642485,1
35000,0.21,0,ah98-al97,0.727654032708,0.341269747295,-1
35000,0.21,0,ah225-al225,0.247401637408,0.0768587750871,0
35000,0.21,0,ah97-al97,0.396649473962,0.137677562389,0
35000,0.21,0,ah161-al161,0.0881705376495,0.0958215589618,1
35000,0.21,0,ah33-al33,0.00368556394815,0.0249274561323,1
35000,0.21,0,ah193-al193,0.715869692823,0.0750511888839,0
35000,0.21,0,ah162-al161,0.0222731446858,0.020851979723,1
35000,0.21,0,ah1-al1,0.35131548918,0.178462073918,0
35000,0.21,0,ah34-al33,0.212874941551,0.193433514404,0
35000,0.01,1,ah226-al225,4.30010317806e-07,0.0109661266587,1
35000,0.01,1,ah2-al1,1.86815127978e-07,0.0205785736801,1
35000,0.01,1,ah65-al65,5.01698161236e-07,0.0234917097622,1
35000,0.01,1,ah66-al65,5.67752839438e-08,0.009673468387,1
35000,0.01,1,ah194-al193,4.1123420004e-09,0.00214287506295,1
35000,0.01,1,ah98-al97,1.36063502392e-08,0.0746237495017,1
35000,0.01,1,ah225-al225,2.26360925461e-07,0.237900545442,1
35000,0.01,1,ah97-al97,5.13961656219e-08,0.0218903682704,1
35000,0.01,1,ah161-al161,6.73672500018e-08,0.0398699940748,1
35000,0.01,1,ah33-al33,6.69692718494e-06,0.0994635789867,1
35000,0.01,1,ah193-al193,1.63222412754e-08,7.82291752605e-05,1
35000,0.01,1,ah162-al161,4.53867984054e-06,0.0782452379898,1
35000,0.01,1,ah1-al1,2.46468296468e-07,0.0047073174894,1
35000,0.01,1,ah34-al33,2.09586605366e-06,0.065562391794,1
35000,0.05,1,ah226-al225,1.25063828403e-07,0.0042183479537,1
35000,0.05,1,ah2-al1,0.000151854131057,0.00612243304856,1
35000,0.05,1,ah65-al65,7.32796129668e-06,0.00556172440373,1
35000,0.05,1,ah66-al65,2.87222359171e-05,0.193959135315,1
35000,0.05,1,ah194-al193,1.22306038736e-08,0.0348972521999,1
35000,0.05,1,ah98-al97,1.47297084293e-09,0.0420530357795,1
35000,0.05,1,ah225-al225,2.7327791913e-08,0.0274155054855,1
35000,0.05,1,ah97-al97,4.42977834124e-08,0.0368345832087,1
35000,0.05,1,ah161-al161,2.15822162811e-08,0.0919670706733,1
35000,0.05,1,ah33-al33,4.54958600208e-08,0.0111776372248,1
35000,0.05,1,ah193-al193,2.67975351362e-07,0.00487523420366,1
35000,0.05,1,ah162-al161,0.000194082923281,0.0195945375357,1
35000,0.05,1,ah1-al1,2.85224755433e-06,0.0218732320054,1
35000,0.05,1,ah34-al33,6.30280826868e-08,0.00619185924139,1
35000,0.09,1,ah226-al225,2.06982067773e-07,0.000376850235018,1
35000,0.09,1,ah2-al1,9.67285329609e-06,0.0811654285767,1
35000,0.09,1,ah65-al65,2.81819196248e-09,0.000114533451296,1
35000,0.09,1,ah66-al65,1.28630831222e-09,0.00998791285008,1
35000,0.09,1,ah194-al193,1.38442650268e-05,0.00329059151859,1
35000,0.09,1,ah98-al97,7.64592389875e-10,6.31476048339e-06,1
35000,0.09,1,ah225-al225,2.56513267376e-06,0.0517054989246,1
35000,0.09,1,ah97-al97,1.33802038749e-07,0.010382096117,1
35000,0.09,1,ah161-al161,5.44654119993e-08,0.250287251862,1
35000,0.09,1,ah33-al33,5.09813180708e-08,0.097679462029,1
35000,0.09,1,ah193-al193,7.53082407686e-08,0.0204237889418,1
35000,0.09,1,ah162-al161,0.00349439233592,0.0484011028642,1
35000,0.09,1,ah1-al1,2.89818188903e-08,0.0594812011839,1
35000,0.09,1,ah34-al33,2.73702441306e-05,0.0426437351628,1
35000,0.13,1,ah226-al225,2.71308828692e-06,0.000615138021057,1
35000,0.13,1,ah2-al1,1.45380925438e-07,0.15468295003,1
35000,0.13,1,ah65-al65,1.23944346885e-08,0.0269901339302,1
35000,0.13,1,ah66-al65,3.03703864346e-07,0.20044883393,1
35000,0.13,1,ah194-al193,2.00238824755e-05,0.0600551541127,1
35000,0.13,1,ah98-al97,1.68927486067e-06,0.0045028139443,1
35000,0.13,1,ah225-al225,1.10338032971e-10,0.00271347390561,1
35000,0.13,1,ah97-al97,2.21926420383e-07,0.0287941514033,1
35000,0.13,1,ah161-al161,6.66743117386e-05,0.246746461982,1
35000,0.13,1,ah33-al33,0.000128837386048,0.0334421722101,1
35000,0.13,1,ah193-al193,3.56329403666e-09,0.108803151754,1
35000,0.13,1,ah162-al161,3.10594196721e-06,0.0211977814016,1
35000,0.13,1,ah1-al1,3.16956119327e-07,0.0222494677293,1
35000,0.13,1,ah34-al33,9.52075126986e-11,0.00485669272253,1
35000,0.17,1,ah226-al225,5.36466128677e-05,0.328787184738,1
35000,0.17,1,ah2-al1,7.09212027467e-07,0.0266643591559,1
35000,0.17,1,ah65-al65,2.12721414778e-07,0.101604783863,1
35000,0.17,1,ah66-al65,1.13594662839e-06,0.0228439500443,1
35000,0.17,1,ah194-al193,1.63133486023e-07,0.00722164216334,1
35000,0.17,1,ah98-al97,5.20427649061e-06,0.0438502794693,1
35000,0.17,1,ah225-al225,3.64414686127e-06,0.0118508578905,1
35000,0.17,1,ah97-al97,2.911966938e-05,0.223364171101,1
35000,0.17,1,ah161-al161,0.000813749354273,0.0151289096631,1
35000,0.17,1,ah33-al33,1.19911988749e-06,0.0649433080245,1
35000,0.17,1,ah193-al193,1.17080614676e-07,0.0145031302679,1
35000,0.17,1,ah162-al161,1.81623551915e-05,0.0108857848546,1
35000,0.17,1,ah1-al1,3.36974708192e-08,0.131936486129,1
35000,0.17,1,ah34-al33,1.2561251705e-05,0.0011034991303,1
35000,0.21,1,ah226-al225,4.42977834124e-08,0.00537631556228,1
35000,0.21,1,ah2-al1,2.19318635987e-06,0.000212781332727,1
35000,0.21,1,ah65-al65,1.9161632697e-07,0.00416011840732,1
35000,0.21,1,ah66-al65,1.1311698136e-07,0.0352005615792,1
35000,0.21,1,ah194-al193,1.50704276668e-09,0.00567160661885,1
35000,0.21,1,ah98-al97,6.35145985996e-07,0.00918038858265,1
35000,0.21,1,ah225-al225,3.80399291296e-05,0.0826854260388,1
35000,0.21,1,ah97-al97,5.00046441249e-10,0.129357043133,1
35000,0.21,1,ah161-al161,1.26861343103e-07,0.00280096189552,1
35000,0.21,1,ah33-al33,1.22211730543e-07,0.363859487241,1
35000,0.21,1,ah193-al193,2.87067667559e-08,0.000329465076389,1
35000,0.21,1,ah162-al161,0.00019742014055,0.0113881954516,1
35000,0.21,1,ah1-al1,7.71728306371e-06,0.0498870468409,1
35000,0.21,1,ah34-al33,9.4502250767e-08,0.000842201242604,1
35000,0.01,0,ah226-al225,0.0464337969492,0.0534292101566,-1
35000,0.01,0,ah2-al1,0.425723867137,0.180036292468,-1
35000,0.01,0,ah65-al65,0.373495116084,0.413652475597,-1
35000,0.01,0,ah66-al65,0.0793020712855,0.0521765710705,-1
35000,0.01,0,ah194-al193,0.202023477329,0.04403522299,-1
35000,0.01,0,ah98-al97,0.450406748502,0.875127747893,-1
35000,0.01,0,ah225-al225,0.557987448025,0.66869696156,-1
35000,0.01,0,ah97-al97,0.322481231461,0.629556289982,-1
35000,0.01,0,ah161-al161,0.0267190867531,0.322801964735,-1
35000,0.01,0,ah33-al33,0.423480254647,0.420852107305,-1
35000,0.01,0,ah193-al193,0.0428140780712,0.0893702257878,-1
35000,0.01,0,ah162-al161,0.363197691885,0.203799799813,-1
35000,0.01,0,ah1-al1,0.0484293420319,0.108294864043,-1
35000,0.01,0,ah34-al33,0.28024902947,0.123325040075,-1
35000,0.05,0,ah226-al225,0.0287613458626,0.039137565059,1
35000,0.05,0,ah2-al1,0.352985956339,0.254314839277,-1
35000,0.05,0,ah65-al65,0.270250953406,0.84759021441,-1
35000,0.05,0,ah66-al65,0.276723622388,0.611681650834,-1
35000,0.05,0,ah194-al193,0.406177891983,0.443613637361,-1
35000,0.05,0,ah98-al97,0.17033506818,0.423945194441,-1
35000,0.05,0,ah225-al225,0.2201680655,0.427887321483,-1
35000,0.05,0,ah97-al97,0.195130641399,0.537795758866,-1
35000,0.05,0,ah161-al161,0.108268337592,0.075176294265,-1
35000,0.05,0,ah33-al33,0.0615818116444,0.33293125432,-1
35000,0.05,0,ah193-al193,0.662545268285,0.389735908671,-1
35000,0.05,0,ah162-al161,0.00361703665812,0.015676491868,1
35000,0.05,0,ah1-al1,0.176276301348,0.18445120974,-1
35000,0.05,0,ah34-al33,0.161012335976,0.712915005794,-1
35000,0.09,0,ah226-al225,0.0340720401686,0.122565501877,1
35000,0.09,0,ah2-al1,0.396422864478,0.294016110867,-1
35000,0.09,0,ah65-al65,0.22396546686,0.329331570176,-1
35000,0.09,0,ah66-al65,0.0221522911538,0.568568932138,1
35000,0.09,0,ah194-al193,0.105704385629,0.404753738646,-1
35000,0.09,0,ah98-al97,0.368029341483,0.194196334612,-1
35000,0.09,0,ah225-al225,0.43841425937,0.5606233415,-1
35000,0.09,0,ah97-al97,0.471638041595,0.0253788884862,0
35000,0.09,0,ah161-al161,0.121126455339,0.185232115291,-1
35000,0.09,0,ah33-al33,0.500597069865,0.387249871806,-1
35000,0.09,0,ah193-al193,0.363730217691,0.400137365322,-1
35000,0.09,0,ah162-al161,0.0911005199725,0.0792705134441,0
35000,0.09,0,ah1-al1,0.552014694387,0.820058872748,-1
35000,0.09,0,ah34-al33,0.0428140780712,0.194704071536,1
35000,0.13,0,ah226-al225,0.138467361054,0.0153265513612,0
35000,0.13,0,ah2-al1,0.000437776221092,0.527878319895,1
35000,0.13,0,ah65-al65,0.0672825282287,0.0087298176954,1
35000,0.13,0,ah66-al65,0.291053394729,0.528896771105,-1
35000,0.13,0,ah194-al193,0.621605185532,0.387665442299,-1
35000,0.13,0,ah98-al97,0.139607994752,0.284781853112,-1
35000,0.13,0,ah225-al225,0.189077133878,0.210818645793,-1
35000,0.13,0,ah97-al97,0.134158607545,0.107841225906,0
35000,0.13,0,ah161-al161,0.0199762417853,0.244607106658,1
35000,0.13,0,ah33-al33,0.159894641195,0.564511759255,-1
35000,0.13,0,ah193-al193,0.158059032857,0.437578859585,-1
35000,0.13,0,ah162-al161,0.209166591696,0.232602390642,-1
35000,0.13,0,ah1-al1,0.625389942753,0.14750381149,-1
35000,0.13,0,ah34-al33,0.60100333618,0.0438172264302,0
35000,0.17,0,ah226-al225,0.530258751897,0.126885522466,0
35000,0.17,0,ah2-al1,0.036623416312,0.0442690511613,1
35000,0.17,0,ah65-al65,0.188746388799,0.0123052545839,0
35000,0.17,0,ah66-al65,0.385877700101,0.065450870126,0
35000,0.17,0,ah194-al193,0.0788285006167,0.347130834287,1
35000,0.17,0,ah98-al97,0.521028926234,0.18695219679,-1
35000,0.17,0,ah225-al225,0.406878795526,0.0476345858691,0
35000,0.17,0,ah97-al97,0.166575591716,0.406603408165,1
35000,0.17,0,ah161-al161,0.311634593142,0.137283980325,0
35000,0.17,0,ah33-al33,0.622313759993,0.122630470676,0
35000,0.17,0,ah193-al193,0.219391717438,0.2494283258,-1
35000,0.17,0,ah162-al161,0.171686021176,0.316846823953,-1
35000,0.17,0,ah1-al1,0.358138464906,0.197713194844,-1
35000,0.17,0,ah34-al33,0.342152890021,0.0915359386415,0
35000,0.21,0,ah226-al225,0.147647746876,0.18287671103,1
35000,0.21,0,ah2-al1,0.247435280499,0.0661712624045,0
35000,0.21,0,ah65-al65,0.160298133402,0.696647198309,1
35000,0.21,0,ah66-al65,0.570127967086,0.214670471213,-1
35000,0.21,0,ah194-al193,0.225037407507,0.0765483019805,0
35000,0.21,0,ah98-al97,0.349225478888,0.354804673081,-1
35000,0.21,0,ah225-al225,0.41790069092,0.403607986654,-1
35000,0.21,0,ah97-al97,0.207312959956,0.464400441451,1
35000,0.21,0,ah161-al161,0.500272133501,0.255881767983,-1
35000,0.21,0,ah33-al33,0.497952477051,0.0926983210379,0
35000,0.21,0,ah193-al193,0.0488212304101,0.0220361775037,1
35000,0.21,0,ah162-al161,0.160871917926,0.357636762937,1
35000,0.21,0,ah1-al1,0.0539844354173,0.452013261024,1
35000,0.21,0,ah34-al33,0.584763342211,0.313673367174,-1
35000,0.01,1,ah226-al225,7.56090876117e-08,0.0223150951936,1
35000,0.01,1,ah2-al1,6.03348901176e-07,0.0226064286124,1
35000,0.01,1,ah65-al65,6.74013110554e-09,0.0148526441858,1
35000,0.01,1,ah66-al65,1.82719783115e-08,0.00359734943462,1
35000,0.01,1,ah194-al193,8.98870726745e-07,0.0321062334022,1
35000,0.01,1,ah98-al97,2.76816265335e-10,0.000150881914904,1
35000,0.01,1,ah225-al225,2.2334617404e-06,0.0560909535413,1
35000,0.01,1,ah97-al97,7.22148414293e-11,0.00253984493359,1
35000,0.01,1,ah161-al161,9.83277690017e-08,0.000638263311969,1
35000,0.01,1,ah33-al33,1.0511233263e-08,0.112407092321,1
35000,0.01,1,ah193-al193,7.55624667109e-09,0.0306332107484,1
35000,0.01,1,ah162-al161,1.66782343529e-05,0.0115637375077,1
35000,0.01,1,ah1-al1,8.22526445918e-06,0.0361907954779,1
35000,0.01,1,ah34-al33,1.57475251154e-06,0.000452622584063,1
35000,0.05,1,ah226-al225,1.20521607543e-08,0.0143933350685,1
35000,0.05,1,ah2-al1,1.48641786513e-07,0.0121379343146,1
35000,0.05,1,ah65-al65,1.15629977535e-07,0.0101553554728,1
35000,0.05,1,ah66-al65,2.60839295808e-07,0.0266446441736,1
35000,0.05,1,ah194-al193,4.92629634482e-05,0.0351012815655,1
35000,0.05,1,ah98-al97,1.61477745553e-05,0.0572901240834,1
35000,0.05,1,ah225-al225,1.12927154081e-05,0.00630888780086,1
35000,0.05,1,ah97-al97,1.35698586304e-08,0.083473165408,1
35000,0.05,1,ah161-al161,3.35677183277e-07,0.0228370954792,1
35000,0.05,1,ah33-al33,5.60906399316e-08,0.20305127049,1
35000,0.05,1,ah193-al193,1.22611857995e-09,0.0559715240421,1
35000,0.05,1,ah162-al161,8.56889416281e-05,0.201224768458,1
35000,0.05,1,ah1-al1,8.37387772718e-07,0.0137380702386,1
35000,0.05,1,ah34-al33,0.000194096203145,0.0199205219534,1
35000,0.09,1,ah226-al225,4.10766182228e-10,0.00010008542015,1
35000,0.09,1,ah2-al1,1.33092132934e-05,0.0012299361575,1
35000,0.09,1,ah65-al65,2.78378930692e-09,0.0692884002169,1
35000,0.09,1,ah66-al65,1.82221470369e-09,0.00419973836875,1
35000,0.09,1,ah194-al193,1.63222412754e-08,0.00141756956092,1
35000,0.09,1,ah98-al97,2.46293961687e-07,0.0221142164923,1
35000,0.09,1,ah225-al225,1.39768920733e-05,0.0983147611557,1
35000,0.09,1,ah97-al97,5.7495207685e-07,0.00426730224793,1
35000,0.09,1,ah161-al161,1.0122345927e-07,0.158974467241,1
35000,0.09,1,ah33-al33,8.07917677104e-11,0.0198770522908,1
35000,0.09,1,ah193-al193,9.97837375368e-07,0.00204349914273,1
35000,0.09,1,ah162-al161,0.000300839829873,0.0181803773816,1
35000,0.09,1,ah1-al1,1.66432321638e-06,0.360870420773,1
35000,0.09,1,ah34-al33,5.89608594693e-08,0.00236887107821,1
35000,0.13,1,ah226-al225,2.01616654427e-10,0.0147173780616,1
35000,0.13,1,ah2-al1,5.2023957372e-06,0.00378067427126,1
35000,0.13,1,ah65-al65,8.72931179604e-09,0.031201621728,1
35000,0.13,1,ah66-al65,2.13322489213e-06,0.0838154352625,1
35000,0.13,1,ah194-al193,1.39752877208e-06,0.00548588229474,1
35000,0.13,1,ah98-al97,2.36346674373e-08,0.0544785021162,1
35000,0.13,1,ah225-al225,1.15015759154e-08,0.0129685769012,1
35000,0.13,1,ah97-al97,3.29015692478e-06,0.12501100127,1
35000,0.13,1,ah161-al161,1.14403449025e-06,0.0142042023784,1
35000,0.13,1,ah33-al33,7.13087220129e-08,0.0407964392172,1
35000,0.13,1,ah193-al193,4.43055743738e-08,0.0268754863195,1
35000,0.13,1,ah162-al161,2.82511100964e-05,0.139878736484,1
35000,0.13,1,ah1-al1,1.15157223579e-08,0.126474621918,1
35000,0.13,1,ah34-al33,8.28567435605e-08,0.00177675794414,1
35000,0.17,1,ah226-al225,3.22381399567e-08,3.92887789463e-05,1
35000,0.17,1,ah2-al1,9.5207080474e-06,0.00903481996647,1
35000,0.17,1,ah65-al65,4.72479550113e-11,0.029820379831,1
35000,0.17,1,ah66-al65,6.8737101761e-09,0.000674461740858,1
35000,0.17,1,ah194-al193,4.0358394838e-06,0.00198820491676,1
35000,0.17,1,ah98-al97,7.21137504403e-07,0.00235544366442,1
35000,0.17,1,ah225-al225,3.8119242559e-08,0.00522808466387,1
35000,0.17,1,ah97-al97,7.21800702253e-10,0.0800334154532,1
35000,0.17,1,ah161-al161,6.53665867355e-06,0.0121495980143,1
35000,0.17,1,ah33-al33,1.1480317841e-07,0.283071531449,1
35000,0.17,1,ah193-al193,4.39687109637e-07,0.00555580409748,1
35000,0.17,1,ah162-al161,1.26942652085e-06,0.0295555072598,1
35000,0.17,1,ah1-al1,5.71293839597e-08,0.0203420832714,1
35000,0.17,1,ah34-al33,1.80207596133e-05,0.0659644210532,1
35000,0.21,1,ah226-al225,2.04161361667e-09,0.0496654121558,1
35000,0.21,1,ah2-al1,9.39460519191e-08,0.0305679114457,1
35000,0.21,1,ah65-al65,5.19954444533e-07,0.0556736792674,1
35000,0.21,1,ah66-al65,5.2025783304e-11,0.0231819141713,1
35000,0.21,1,ah194-al193,3.60824023357e-09,0.00024585931495,1
35000,0.21,1,ah98-al97,2.0740492845e-09,0.0663597487322,1
35000,0.21,1,ah225-al225,5.5450117031e-05,0.0230199177536,1
35000,0.21,1,ah97-al97,3.06355348555e-07,0.159012090677,1
35000,0.21,1,ah161-al161,3.6621213931e-06,0.022836790172,1
35000,0.21,1,ah33-al33,3.28585989415e-09,0.200837423481,1
35000,0.21,1,ah193-al193,1.38468352652e-06,0.0381693292392,1
35000,0.21,1,ah162-al161,8.29401686111e-06,0.0708404038648,1
35000,0.21,1,ah1-al1,5.89608594693e-08,0.00497313407675,1
35000,0.21,1,ah34-al33,1.88414469483e-06,9.52821224322e-05,1
35000,0.01,0,ah226-al225,0.136641350811,0.775689559935,-1
35000,0.01,0,ah2-al1,0.376375698319,0.251068917117,-1
35000,0.01,0,ah65-al65,0.239011713714,0.201866721924,-1
35000,0.01,0,ah66-al65,0.0713088697643,0.149949416297,-1
35000,0.01,0,ah194-al193,0.0510355070348,0.427697397456,-1
35000,0.01,0,ah98-al97,0.217624642476,0.294472755922,-1
35000,0.01,0,ah225-al225,0.331982467253,0.676343491297,-1
35000,0.01,0,ah97-al97,0.145924222611,0.157780588254,-1
35000,0.01,0,ah161-al161,0.0379812747308,0.0210381248904,-1
35000,0.01,0,ah33-al33,0.50458822704,0.265521037485,-1
35000,0.01,0,ah193-al193,0.751735294543,0.503209648997,-1
35000,0.01,0,ah162-al161,0.110754238639,0.144924602475,-1
35000,0.01,0,ah1-al1,0.268709828714,0.466845020968,-1
35000,0.01,0,ah34-al33,0.229996780891,0.693413286436,-1
35000,0.05,0,ah226-al225,0.336546088265,0.113906851975,-1
35000,0.05,0,ah2-al1,0.575053181863,0.210065002675,-1
35000,0.05,0,ah65-al65,0.254751965044,0.406010124597,-1
35000,0.05,0,ah66-al65,0.258841415159,0.404073018367,-1
35000,0.05,0,ah194-al193,0.291981557958,0.519191036394,-1
35000,0.05,0,ah98-al97,0.0812463013582,0.411216409577,-1
35000,0.05,0,ah225-al225,0.492259551702,0.346193192615,-1
35000,0.05,0,ah97-al97,0.358506564218,0.637585709788,-1
35000,0.05,0,ah161-al161,0.311634593142,0.131727673155,-1
35000,0.05,0,ah33-al33,0.361171136712,0.039763990564,0
35000,0.05,0,ah193-al193,0.457538202789,0.287601168435,-1
35000,0.05,0,ah162-al161,0.0471522934944,0.189456479363,1
35000,0.05,0,ah1-al1,0.395321290708,0.228149278262,-1
35000,0.05,0,ah34-al33,0.120889187465,0.0638123477638,-1
35000,0.09,0,ah226-al225,0.0691368886215,0.11745669377,1
35000,0.09,0,ah2-al1,0.180647737489,0.257283084102,-1
35000,0.09,0,ah65-al65,0.504725134429,0.518278039832,-1
35000,0.09,0,ah66-al65,0.320004966013,0.197365748422,-1
35000,0.09,0,ah194-al193,0.757722113756,0.214950046318,-1
35000,0.09,0,ah98-al97,0.150635639616,0.237080294753,-1
35000,0.09,0,ah225-al225,0.241380254164,0.0233474642335,0
35000,0.09,0,ah97-al97,0.124885429632,0.419839672018,-1
35000,0.09,0,ah161-al161,0.406862179028,0.224134690944,-1
35000,0.09,0,ah33-al33,0.0924984556976,0.308805401681,-1
35000,0.09,0,ah193-al193,0.292838303627,0.300438892085,-1
35000,0.09,0,ah162-al161,0.0424531285244,0.229277676847,1
35000,0.09,0,ah1-al1,0.373580711986,0.0231517554473,0
35000,0.09,0,ah34-al33,0.782893516477,0.179137243389,-1
35000,0.13,0,ah226-al225,0.170486498264,0.269237737515,-1
35000,0.13,0,ah2-al1,0.540907225624,0.604098247515,-1
35000,0.13,0,ah65-al65,0.0996112553256,0.439576727255,1
35000,0.13,0,ah66-al65,0.268803763927,0.325298239769,-1
35000,0.13,0,ah194-al193,0.62651418743,0.340549886683,-1
35000,0.13,0,ah98-al97,0.311621397948,0.155284264313,-1
35000,0.13,0,ah225-al225,0.454338906457,0.0745877239407,0
35000,0.13,0,ah97-al97,0.170531273749,0.636450175607,-1
35000,0.13,0,ah161-al161,0.118350865006,0.0418840688066,1
35000,0.13,0,ah33-al33,0.450086316799,0.0157132157479,0
35000,0.13,0,ah193-al193,0.0306493311862,0.177457570809,1
35000,0.13,0,ah162-al161,0.0474275257429,0.132151081964,1
35000,0.13,0,ah1-al1,0.0748283696608,0.139482259759,1
35000,0.13,0,ah34-al33,0.498477796869,0.150954613884,-1
35000,0.17,0,ah226-al225,0.0595154902129,0.0313007648348,1
35000,0.17,0,ah2-al1,0.269344895263,0.13537117423,0
35000,0.17,0,ah65-al65,0.647384043136,0.446736212084,-1
35000,0.17,0,ah66-al65,0.02639155715,0.182638885477,1
35000,0.17,0,ah194-al193,0.258903576126,0.352890509011,-1
35000,0.17,0,ah98-al97,0.12446007434,0.135012157089,1
35000,0.17,0,ah225-al225,0.255497263318,0.164216759856,0
35000,0.17,0,ah97-al97,0.178083672192,0.69386660625,-1
35000,0.17,0,ah161-al161,0.205705410974,0.0943384940092,0
35000,0.17,0,ah33-al33,0.11322017323,0.0402038741382,1
35000,0.17,0,ah193-al193,0.257547613671,0.348196670898,-1
35000,0.17,0,ah162-al161,0.102173621578,0.254018935132,1
35000,0.17,0,ah1-al1,0.633631621555,0.259791189845,-1
35000,0.17,0,ah34-al33,0.027655580144,0.0743154920926,1
35000,0.21,0,ah226-al225,0.648875300233,0.00623914134476,0
35000,0.21,0,ah2-al1,0.498477796869,0.340674338808,-1
35000,0.21,0,ah65-al65,0.00751761142689,0.53048402686,1
35000,0.21,0,ah66-al65,0.374982200663,0.24936015293,-1
35000,0.21,0,ah194-al193,0.737724459732,0.263605638527,-1
35000,0.21,0,ah98-al97,0.439736962201,0.310638308463,-1
35000,0.21,0,ah225-al225,0.0850189191773,0.0162501004076,1
35000,0.21,0,ah97-al97,0.197136695027,0.0620577757353,1
35000,0.21,0,ah161-al161,0.144142520556,0.0871920623116,1
35000,0.21,0,ah33-al33,0.059160096109,0.0609070664173,1
35000,0.21,0,ah193-al193,0.538835419719,0.205198443079,0
35000,0.21,0,ah162-al161,0.132706776942,0.123685574325,1
35000,0.21,0,ah1-al1,0.273720776476,0.26987267611,-1
35000,0.21,0,ah34-al33,0.207399517973,0.215205200359,1
35000,0.01,1,ah226-al225,4.65340103143e-09,0.002126548677,1
35000,0.01,1,ah2-al1,6.31982981539e-07,0.00708533168225,1
35000,0.01,1,ah65-al65,8.18993178316e-07,0.0437209055555,1
35000,0.01,1,ah66-al65,6.58867762522e-08,0.0788272220744,1
35000,0.01,1,ah194-al193,6.19036439959e-09,0.0255228679522,1
35000,0.01,1,ah98-al97,8.36964103972e-09,0.0222626379936,1
35000,0.01,1,ah225-al225,2.0657168506e-08,0.00282235935122,1
35000,0.01,1,ah97-al97,4.08622488218e-06,0.00803854146319,1
35000,0.01,1,ah161-al161,4.43811064575e-07,0.0565848867588,1
35000,0.01,1,ah33-al33,9.13029084414e-12,0.0631907198291,1
35000,0.01,1,ah193-al193,1.73516337741e-05,0.00093958355861,1
35000,0.01,1,ah162-al161,4.51107234562e-06,0.00772085328413,1
35000,0.01,1,ah1-al1,2.17319371016e-09,0.0255246325004,1
35000,0.01,1,ah34-al33,4.63012603744e-08,0.137438804497,1
35000,0.05,1,ah226-al225,4.03604207609e-06,0.000434748129255,1
35000,0.05,1,ah2-al1,4.65369941242e-05,0.020404334689,1
35000,0.05,1,ah65-al65,1.37118689377e-05,0.197294854646,1
35000,0.05,1,ah66-al65,1.54071931086e-06,0.0194891827699,1
35000,0.05,1,ah194-al193,1.51080378908e-06,0.00975232884584,1
35000,0.05,1,ah98-al97,2.95125427882e-07,0.0639981623311,1
35000,0.05,1,ah225-al225,6.08666620394e-08,0.0979131743877,1
35000,0.05,1,ah97-al97,6.15886041191e-06,0.0102853096606,1
35000,0.05,1,ah161-al161,5.17607288115e-08,0.00214966328502,1
35000,0.05,1,ah33-al33,7.51079172779e-07,0.0360073586637,1
35000,0.05,1,ah193-al193,5.19954444533e-07,0.00841847199952,1
35000,0.05,1,ah162-al161,1.97095356139e-06,0.0669123493685,1
35000,0.05,1,ah1-al1,4.20196781429e-08,0.0349863991317,1
35000,0.05,1,ah34-al33,1.92396008732e-05,0.00448669574302,1
35000,0.09,1,ah226-al225,1.86897833983e-12,0.00331626482739,1
35000,0.09,1,ah2-al1,5.92019004774e-05,0.0210898240128,1
35000,0.09,1,ah65-al65,1.20164863217e-06,0.0522700449417,1
35000,0.09,1,ah66-al65,2.31238267696e-07,8.14199691721e-05,1
35000,0.09,1,ah194-al193,1.36467972048e-07,0.0102090739618,1
35000,0.09,1,ah98-al97,2.89976540937e-08,0.0904957288077,1
35000,0.09,1,ah225-al225,3.93362781872e-06,0.0048089176234,1
35000,0.09,1,ah97-al97,3.16956119327e-07,0.110695653148,1
35000,0.09,1,ah161-al161,3.54423613176e-06,0.0653684065334,1
35000,0.09,1,ah33-al33,3.06663984487e-10,0.0138892167708,1
35000,0.09,1,ah193-al193,3.10272867477e-07,0.00745246951775,1
35000,0.09,1,ah162-al161,0.000262918649534,0.00478985229103,1
35000,0.09,1,ah1-al1,6.27109282397e-09,0.183891946069,1
35000,0.09,1,ah34-al33,4.5374280538e-08,0.000530466467349,1
35000,0.13,1,ah226-al225,6.14978809494e-10,0.0212607266892,1
35000,0.13,1,ah2-al1,2.6482490688e-08,7.63218630311e-05,1
35000,0.13,1,ah65-al65,7.98251051436e-08,0.0145145447751,1
35000,0.13,1,ah66-al65,3.63904390367e-09,0.0465291297661,1
35000,0.13,1,ah194-al193,4.75978022831e-06,0.0280026614204,1
35000,0.13,1,ah98-al97,1.55312779015e-11,0.00512730520037,1
35000,0.13,1,ah225-al225,2.59087687389e-06,0.000648226561502,1
35000,0.13,1,ah97-al97,2.64941719712e-06,0.00166927529563,1
35000,0.13,1,ah161-al161,3.22677683619e-07,0.00659774835882,1
35000,0.13,1,ah33-al33,8.94260261652e-10,0.00837932774251,1
35000,0.13,1,ah193-al193,2.48109009963e-11,0.0090018356067,1
35000,0.13,1,ah162-al161,2.28296040436e-06,0.0174122587718,1
35000,0.13,1,ah1-al1,3.5864783142e-14,0.00682608313553,1
35000,0.13,1,ah34-al33,6.69692718494e-06,0.140489008651,1
35000,0.17,1,ah226-al225,2.48768937409e-07,0.0365392771426,1
35000,0.17,1,ah2-al1,1.75822916548e-07,0.00778131225838,1
35000,0.17,1,ah65-al65,5.79007030159e-07,0.00148236742445,1
35000,0.17,1,ah66-al65,4.46213279951e-07,0.144312061388,1
35000,0.17,1,ah194-al193,2.83110105535e-10,0.0616182191917,1
35000,0.17,1,ah98-al97,2.02263691156e-06,0.00936238042171,1
35000,0.17,1,ah225-al225,4.29231545911e-10,0.00370827944723,1
35000,0.17,1,ah97-al97,3.186400812e-08,0.00143280659836,1
35000,0.17,1,ah161-al161,4.70358340636e-08,0.00718988612386,1
35000,0.17,1,ah33-al33,5.34337840653e-12,0.0452128552071,1
35000,0.17,1,ah193-al193,1.44500121064e-09,0.000284408418916,1
35000,0.17,1,ah162-al161,3.54068306978e-05,0.0278619235832,1
35000,0.17,1,ah1-al1,5.07519865268e-07,0.0343930900658,1
35000,0.17,1,ah34-al33,1.87933898198e-05,0.00750923919389,1
35000,0.21,1,ah226-al225,7.18869667721e-08,0.186660537192,1
35000,0.21,1,ah2-al1,1.37918646644e-07,0.000649608015281,1
35000,0.21,1,ah65-al65,1.52113924345e-07,0.00750360626682,1
35000,0.21,1,ah66-al65,4.35746033361e-09,0.0547637519369,1
35000,0.21,1,ah194-al193,2.61984717804e-09,0.00117217284818,1
35000,0.21,1,ah98-al97,1.61999857645e-07,0.00850041574979,1
35000,0.21,1,ah225-al225,2.48265470177e-08,0.0795825764042,1
35000,0.21,1,ah97-al97,1.39754959515e-07,0.0986693908329,1
35000,0.21,1,ah161-al161,2.02253794449e-05,0.133093402698,1
35000,0.21,1,ah33-al33,5.99273962429e-09,0.0587323706514,1
35000,0.21,1,ah193-al193,8.59834419144e-07,0.033837110728,1
35000,0.21,1,ah162-al161,6.28328495896e-09,0.0263290571234,1
35000,0.21,1,ah1-al1,4.54958600208e-08,0.000211821914627,1
35000,0.21,1,ah34-al33,1.04887826724e-06,0.082526669846,1
35000,0.01,0,ah226-al225,0.151204573784,0.460187860924,-1
35000,0.01,0,ah2-al1,0.205297527151,0.0632165061546,-1
35000,0.01,0,ah65-al65,0.158590890452,0.150773933237,-1
35000,0.01,0,ah66-al65,0.196726999174,0.354432515036,-1
35000,0.01,0,ah194-al193,0.45158362693,0.135722055522,-1
35000,0.01,0,ah98-al97,0.63576416681,0.640125249689,-1
35000,0.01,0,ah225-al225,0.265838364341,0.140695764368,-1
35000,0.01,0,ah97-al97,0.273720776476,0.393457914977,-1
35000,0.01,0,ah161-al161,0.0945880643186,0.0305388455771,-1
35000,0.01,0,ah33-al33,0.892898551905,0.415455307984,-1
35000,0.01,0,ah193-al193,0.466842914822,0.87081145876,-1
35000,0.01,0,ah162-al161,0.213351486459,0.0568375246504,-1
35000,0.01,0,ah1-al1,0.162065223825,0.0310433434043,-1
35000,0.01,0,ah34-al33,0.232413126289,0.443927700505,-1
35000,0.05,0,ah226-al225,0.00869339136546,0.389379605814,1
35000,0.05,0,ah2-al1,0.591103780624,0.785071862265,-1
35000,0.05,0,ah65-al65,0.255350853732,0.387057338624,-1
35000,0.05,0,ah66-al65,0.543775768073,0.430320925917,-1
35000,0.05,0,ah194-al193,0.738182584347,0.400439773448,-1
35000,0.05,0,ah98-al97,0.253462784333,0.283577305157,-1
35000,0.05,0,ah225-al225,0.31203875564,0.236219595876,-1
35000,0.05,0,ah97-al97,0.257388421798,0.484617457169,-1
35000,0.05,0,ah161-al161,0.134947510392,0.0176011400553,0
35000,0.05,0,ah33-al33,0.696752639271,0.376768227086,-1
35000,0.05,0,ah193-al193,0.493935743272,0.0709229310831,-1
35000,0.05,0,ah162-al161,0.0880967203377,0.209445309944,-1
35000,0.05,0,ah1-al1,0.355799225847,0.421822014969,-1
35000,0.05,0,ah34-al33,0.410530795338,0.263192645272,-1
35000,0.09,0,ah226-al225,0.301712370368,0.337110623811,-1
35000,0.09,0,ah2-al1,0.13334806093,0.132038613453,-1
35000,0.09,0,ah65-al65,0.353071634401,0.0774086596267,0
35000,0.09,0,ah66-al65,0.121825701293,0.645803534804,-1
35000,0.09,0,ah194-al193,0.224267963138,0.353763202037,-1
35000,0.09,0,ah98-al97,0.495852747832,0.401266257227,-1
35000,0.09,0,ah225-al225,0.0978143733591,0.186821767542,-1
35000,0.09,0,ah97-al97,0.275886126698,0.241224357083,-1
35000,0.09,0,ah161-al161,0.380045277931,0.410088835971,-1
35000,0.09,0,ah33-al33,0.180536803249,0.341580384152,-1
35000,0.09,0,ah193-al193,0.33993988098,0.152692971646,-1
35000,0.09,0,ah162-al161,0.23908739144,0.123573416849,-1
35000,0.09,0,ah1-al1,0.167303668273,0.0376267754545,0
35000,0.09,0,ah34-al33,0.390591117741,0.166981000365,-1
35000,0.13,0,ah226-al225,0.612092052976,0.463912623379,-1
35000,0.13,0,ah2-al1,0.613526889771,0.321561395325,-1
35000,0.13,0,ah65-al65,0.46820677153,0.184793536923,-1
35000,0.13,0,ah66-al65,0.407300725069,0.368893201806,-1
35000,0.13,0,ah194-al193,0.374977251242,0.34484812925,-1
35000,0.13,0,ah98-al97,0.172282341137,0.311635099561,-1
35000,0.13,0,ah225-al225,0.454338906457,0.0879526700119,0
35000,0.13,0,ah97-al97,0.194648587359,0.217247316533,-1
35000,0.13,0,ah161-al161,0.0514811593661,0.0580701012645,1
35000,0.13,0,ah33-al33,0.261696385444,0.217393775988,-1
35000,0.13,0,ah193-al193,0.122885343174,0.168885001576,1
35000,0.13,0,ah162-al161,0.13135980647,0.311157844448,-1
35000,0.13,0,ah1-al1,0.716780919742,0.188616124322,-1
35000,0.13,0,ah34-al33,0.283209992839,0.0119251304604,0
35000,0.17,0,ah226-al225,0.593347376042,0.0624869320345,0
35000,0.17,0,ah2-al1,0.339359349272,0.088412891811,0
35000,0.17,0,ah65-al65,0.555031809801,0.487443391325,-1
35000,0.17,0,ah66-al65,0.541565877783,0.22742310319,-1
35000,0.17,0,ah194-al193,0.081236844691,0.563874552711,1
35000,0.17,0,ah98-al97,0.191998081775,0.0801640848773,0
35000,0.17,0,ah225-al225,0.268125851909,0.808690786847,-1
35000,0.17,0,ah97-al97,0.0760397695209,0.585740256297,1
35000,0.17,0,ah161-al161,0.306842631569,0.2310377205,-1
35000,0.17,0,ah33-al33,0.568408747139,0.0449089526549,0
35000,0.17,0,ah193-al193,0.219391717438,0.0116826182097,0
35000,0.17,0,ah162-al161,0.145288160449,0.0309340537246,1
35000,0.17,0,ah1-al1,0.186454937256,0.365288295968,-1
35000,0.17,0,ah34-al33,0.302493580742,0.0110649490002,0
35000,0.21,0,ah226-al225,0.604770609095,0.519984874021,-1
35000,0.21,0,ah2-al1,0.146441498521,0.431437104898,1
35000,0.21,0,ah65-al65,0.227741260355,0.287282718495,-1
35000,0.21,0,ah66-al65,0.285062912317,0.483879710759,-1
35000,0.21,0,ah194-al193,0.192132983697,0.163175260547,1
35000,0.21,0,ah98-al97,0.624038055613,0.278947021789,-1
35000,0.21,0,ah225-al225,0.139775756631,0.44412252887,1
35000,0.21,0,ah97-al97,0.19672352594,0.031432102364,1
35000,0.21,0,ah161-al161,0.185159408956,0.0556870748585,1
35000,0.21,0,ah33-al33,0.743646294388,0.0804263976982,0
35000,0.21,0,ah193-al193,0.604004949278,0.254060863271,-1
35000,0.21,0,ah162-al161,0.153984526543,0.0812672830137,1
35000,0.21,0,ah1-al1,0.626075005868,0.0322834106362,0
35000,0.21,0,ah34-al33,0.564679453841,0.0239419331708,0
35000,0.01,1,ah226-al225,1.04030952462e-09,0.0285968783432,1
35000,0.01,1,ah2-al1,1.52055531556e-07,0.00185907551507,1
35000,0.01,1,ah65-al65,5.44150328279e-10,7.03778188597e-05,1
35000,0.01,1,ah66-al65,1.63443308748e-06,0.00518466421288,1
35000,0.01,1,ah194-al193,2.67695390125e-07,0.0127834310923,1
35000,0.01,1,ah98-al97,1.51656321912e-07,0.0762335932791,1
35000,0.01,1,ah225-al225,1.7133424246e-09,0.122691478724,1
35000,0.01,1,ah97-al97,2.03989200004e-07,0.0154386435582,1
35000,0.01,1,ah161-al161,6.81575727947e-07,0.0168580011527,1
35000,0.01,1,ah33-al33,1.70865149263e-10,0.0104230630348,1
35000,0.01,1,ah193-al193,2.45624142184e-09,0.0127642345996,1
35000,0.01,1,ah162-al161,8.30340564345e-07,0.025744179677,1
35000,0.01,1,ah1-al1,6.64337562346e-06,0.0374142021162,1
35000,0.01,1,ah34-al33,7.37673659313e-07,0.00779601838522,1
35000,0.05,1,ah226-al225,6.11486182858e-10,0.00408358790087,1
35000,0.05,1,ah2-al1,1.53357190766e-06,0.000128680961403,1
35000,0.05,1,ah65-al65,4.76282992248e-07,0.0221838059289,1
35000,0.05,1,ah66-al65,2.32231244126e-08,0.00502504793339,1
35000,0.05,1,ah194-al193,1.86921812144e-05,0.000182653540557,1
35000,0.05,1,ah98-al97,3.49915634076e-06,0.080369267395,1
35000,0.05,1,ah225-al225,1.40598400642e-07,0.037460205418,1
35000,0.05,1,ah97-al97,4.51018348028e-08,0.00424792760026,1
35000,0.05,1,ah161-al161,7.91508682002e-07,0.00471849128267,1
35000,0.05,1,ah33-al33,5.66115264496e-10,0.111780632608,1
35000,0.05,1,ah193-al193,7.95620293411e-06,0.00105679774092,1
35000,0.05,1,ah162-al161,0.000708315417084,0.10448465491,1
35000,0.05,1,ah1-al1,2.17639253802e-12,0.00746647647376,1
35000,0.05,1,ah34-al33,2.26360925461e-07,0.0397216657817,1
35000,0.09,1,ah226-al225,8.60348991079e-07,0.181626124317,1
35000,0.09,1,ah2-al1,7.98251051436e-08,2.74714020915e-06,1
35000,0.09,1,ah65-al65,2.51893339914e-08,3.97523557831e-05,1
35000,0.09,1,ah66-al65,1.60201690384e-06,0.0236074760126,1
35000,0.09,1,ah194-al193,1.39752877208e-06,0.0468034892238,1
35000,0.09,1,ah98-al97,2.3480117171e-09,0.00186157460759,1
35000,0.09,1,ah225-al225,5.27623944115e-09,0.0147617021615,1
35000,0.09,1,ah97-al97,4.10424712046e-05,0.246370046254,1
35000,0.09,1,ah161-al161,3.27646831384e-05,0.00370291248132,1
35000,0.09,1,ah33-al33,1.48213230001e-09,0.0392545808644,1
35000,0.09,1,ah193-al193,8.25824962278e-06,0.102791852421,1
35000,0.09,1,ah162-al161,1.40998695931e-05,0.0237807465666,1
35000,0.09,1,ah1-al1,4.6238051809e-08,0.0372457780518,1
35000,0.09,1,ah34-al33,9.92040989222e-05,0.0108121400653,1
35000,0.13,1,ah226-al225,1.11002649406e-08,0.0564961481316,1
35000,0.13,1,ah2-al1,3.88735162571e-05,0.0228536895526,1
35000,0.13,1,ah65-al65,3.24426557312e-06,0.0187579428085,1
35000,0.13,1,ah66-al65,5.95291041125e-10,0.0018564686238,1
35000,0.13,1,ah194-al193,4.2595460784e-05,0.243935087658,1
35000,0.13,1,ah98-al97,1.4563904002e-07,0.0224849685352,1
35000,0.13,1,ah225-al225,1.01464284112e-05,0.0151421601186,1
35000,0.13,1,ah97-al97,4.29451335134e-08,0.0197962451133,1
35000,0.13,1,ah161-al161,7.6651447112e-07,0.00161979260156,1
35000,0.13,1,ah33-al33,1.38442650268e-05,0.018836062414,1
35000,0.13,1,ah193-al193,9.02099039554e-07,0.124432354921,1
35000,0.13,1,ah162-al161,2.58857742168e-05,0.00245675804002,1
35000,0.13,1,ah1-al1,2.2764150396e-08,0.0387704420005,1
35000,0.13,1,ah34-al33,1.84248464078e-05,0.0178566433114,1
35000,0.17,1,ah226-al225,2.89745029394e-06,0.128436840589,1
35000,0.17,1,ah2-al1,6.01313305422e-07,0.0175361687232,1
35000,0.17,1,ah65-al65,3.19639179814e-08,0.00979388279618,1
35000,0.17,1,ah66-al65,6.2594945344e-07,0.00330719846181,1
35000,0.17,1,ah194-al193,5.14808918463e-05,0.00283573449501,1
35000,0.17,1,ah98-al97,2.88351645374e-06,0.00213460302664,1
35000,0.17,1,ah225-al225,6.14060007326e-07,0.071655263459,1
35000,0.17,1,ah97-al97,3.66257487446e-09,0.00516411420491,1
35000,0.17,1,ah161-al161,3.78094957352e-06,0.119646342729,1
35000,0.17,1,ah33-al33,1.41758760878e-06,0.008362383763,1
35000,0.17,1,ah193-al193,1.0717635104e-12,0.0684754477051,1
35000,0.17,1,ah162-al161,0.000104257815657,0.0320636782287,1
35000,0.17,1,ah1-al1,2.4348504123e-12,9.9753774538e-06,1
35000,0.17,1,ah34-al33,2.85405184055e-07,0.0173042910139,1
35000,0.21,1,ah226-al225,3.69787380381e-09,0.00228536764386,1
35000,0.21,1,ah2-al1,6.90917858265e-05,0.000402796455011,1
35000,0.21,1,ah65-al65,3.54844924677e-06,0.00934926985855,1
35000,0.21,1,ah66-al65,3.3852009179e-07,0.0492441233955,1
35000,0.21,1,ah194-al193,5.43512872181e-07,0.0225935020189,1
35000,0.21,1,ah98-al97,2.46468296468e-07,0.0134709400453,1
35000,0.21,1,ah225-al225,4.27710622804e-08,0.0893664621568,1
35000,0.21,1,ah97-al97,8.1073430571e-06,0.00878503561897,1
35000,0.21,1,ah161-al161,4.44793250815e-07,0.00587686013481,1
35000,0.21,1,ah33-al33,5.42180502094e-08,0.00395765273385,1
35000,0.21,1,ah193-al193,5.4111242145e-11,0.00013840600914,1
35000,0.21,1,ah162-al161,9.25166531186e-06,0.00066516572431,1
35000,0.21,1,ah1-al1,2.36266306945e-10,0.0162543530042,1
35000,0.21,1,ah34-al33,3.94705355827e-07,0.00229685922471,1
35000,0.01,0,ah226-al225,0.221666241892,0.120710239611,-1
35000,0.01,0,ah2-al1,0.123866045858,0.335738392396,-1
35000,0.01,0,ah65-al65,0.0171580614256,0.636935233239,-1
35000,0.01,0,ah66-al65,0.688151987802,0.558263360583,-1
35000,0.01,0,ah194-al193,0.138766899312,0.387619469572,-1
35000,0.01,0,ah98-al97,0.00743917200722,0.576257764421,1
35000,0.01,0,ah225-al225,0.407978656096,0.0505266499076,-1
35000,0.01,0,ah97-al97,0.601116874013,0.367582224358,-1
35000,0.01,0,ah161-al161,0.429433173185,0.408272707267,-1
35000,0.01,0,ah33-al33,0.427700831744,0.0374527792016,-1
35000,0.01,0,ah193-al193,0.175191090941,0.0383280060249,-1
35000,0.01,0,ah162-al161,0.449137319498,0.372968827363,-1
35000,0.01,0,ah1-al1,0.345351405086,0.251810321968,-1
35000,0.01,0,ah34-al33,0.495779367285,0.621209604566,-1
35000,0.05,0,ah226-al225,0.288332746888,0.4959901132,-1
35000,0.05,0,ah2-al1,0.479520525629,0.0700282130861,-1
35000,0.05,0,ah65-al65,0.23154516849,0.383359154547,-1
35000,0.05,0,ah66-al65,0.0871206600529,0.0726313987949,-1
35000,0.05,0,ah194-al193,0.617592702706,0.174759049548,-1
35000,0.05,0,ah98-al97,0.573815082483,0.613059723461,-1
35000,0.05,0,ah225-al225,0.350062248688,0.537841410709,-1
35000,0.05,0,ah97-al97,0.415239998721,0.0743224263301,-1
35000,0.05,0,ah161-al161,0.114042676814,0.271181351056,-1
35000,0.05,0,ah33-al33,0.327743922045,0.188052356015,-1
35000,0.05,0,ah193-al193,0.251233485207,0.187831940708,-1
35000,0.05,0,ah162-al161,0.274592727698,0.0770484473873,-1
35000,0.05,0,ah1-al1,0.25821036304,0.354876758522,-1
35000,0.05,0,ah34-al33,0.598240266751,0.0649196613899,-1
35000,0.09,0,ah226-al225,0.73006240412,0.324828712752,-1
35000,0.09,0,ah2-al1,0.38493999362,0.0457811911735,0
35000,0.09,0,ah65-al65,0.226485084918,0.372987730622,-1
35000,0.09,0,ah66-al65,0.125852322953,0.671851378544,-1
35000,0.09,0,ah194-al193,0.184486354567,0.416433169993,-1
35000,0.09,0,ah98-al97,0.507235553863,0.137967677041,-1
35000,0.09,0,ah225-al225,0.567723292925,0.0817751759317,0
35000,0.09,0,ah97-al97,0.286970729838,0.420969816775,-1
35000,0.09,0,ah161-al161,0.208563954715,0.216784873919,-1
35000,0.09,0,ah33-al33,0.0760397695209,0.0737057830425,1
35000,0.09,0,ah193-al193,0.528253789382,0.193021703364,-1
35000,0.09,0,ah162-al161,0.00714986697669,0.00714986697669,1
35000,0.09,0,ah1-al1,0.612587736699,0.0723084523584,0
35000,0.09,0,ah34-al33,0.149840319786,0.231197468012,-1
35000,0.13,0,ah226-al225,0.460824662384,0.267266421199,-1
35000,0.13,0,ah2-al1,0.142988122722,0.12745648755,0
35000,0.13,0,ah65-al65,0.220539492963,0.313899812216,-1
35000,0.13,0,ah66-al65,0.336971437116,0.514768235666,-1
35000,0.13,0,ah194-al193,0.086911269884,0.463094137358,1
35000,0.13,0,ah98-al97,0.499051958643,0.162976642735,-1
35000,0.13,0,ah225-al225,0.0835200798689,0.208608996056,1
35000,0.13,0,ah97-al97,0.384510939723,0.711357604691,-1
35000,0.13,0,ah161-al161,0.205705410974,0.225898794126,-1
35000,0.13,0,ah33-al33,0.500566481199,0.0258527188605,0
35000,0.13,0,ah193-al193,0.446976510688,0.869701097629,-1
35000,0.13,0,ah162-al161,0.043722987043,0.0672681457874,1
35000,0.13,0,ah1-al1,0.638518239081,0.70467743924,-1
35000,0.13,0,ah34-al33,0.248105352923,0.388913054319,-1
35000,0.17,0,ah226-al225,0.442801008001,0.214007072458,-1
35000,0.17,0,ah2-al1,0.221666241892,0.572803887431,-1
35000,0.17,0,ah65-al65,0.332813335437,0.481777659788,-1
35000,0.17,0,ah66-al65,0.0368332760205,0.300306791188,1
35000,0.17,0,ah194-al193,0.0532117908775,0.238609499736,1
35000,0.17,0,ah98-al97,0.463784111506,0.346528894124,-1
35000,0.17,0,ah225-al225,0.210760423071,0.275758910181,-1
35000,0.17,0,ah97-al97,0.30723130951,0.346154262992,-1
35000,0.17,0,ah161-al161,0.10133831637,0.0223554055323,1
35000,0.17,0,ah33-al33,0.159682045096,0.384864069616,1
35000,0.17,0,ah193-al193,0.292896157988,0.726539802219,-1
35000,0.17,0,ah162-al161,0.322802275363,0.210448960149,-1
35000,0.17,0,ah1-al1,0.355665796495,0.0162292152314,0
35000,0.17,0,ah34-al33,0.0335104960104,0.197372626044,1
35000,0.21,0,ah226-al225,0.484707134822,0.365050595677,-1
35000,0.21,0,ah2-al1,0.639603490249,0.0751938746803,0
35000,0.21,0,ah65-al65,0.0396138838458,0.467579172412,1
35000,0.21,0,ah66-al65,0.519759913747,0.310484025258,-1
35000,0.21,0,ah194-al193,0.719754380902,0.112986377269,0
35000,0.21,0,ah98-al97,0.180937441523,0.60268576117,1
35000,0.21,0,ah225-al225,0.137336046631,0.264432738853,1
35000,0.21,0,ah97-al97,0.123805284354,0.19845767954,1
35000,0.21,0,ah161-al161,0.476441778702,0.252677950853,-1
35000,0.21,0,ah33-al33,0.308245624738,0.166555678555,0
35000,0.21,0,ah193-al193,0.147267870108,0.144339110156,1
35000,0.21,0,ah162-al161,0.377259935045,0.241520971308,-1
35000,0.21,0,ah1-al1,0.683642739795,0.0567267919323,0
35000,0.21,0,ah34-al33,0.4193015239,0.188750411433,0
35000,0.01,1,ah226-al225,1.73215695377e-08,0.0337466341283,1
35000,0.01,1,ah2-al1,1.61653205882e-05,0.0204216588655,1
35000,0.01,1,ah65-al65,4.00826217027e-06,0.011700103584,1
35000,0.01,1,ah66-al65,1.95563164653e-07,0.0327735645107,1
35000,0.01,1,ah194-al193,6.6684317254e-10,0.0344491230362,1
35000,0.01,1,ah98-al97,6.78509709935e-06,0.0676196612325,1
35000,0.01,1,ah225-al225,1.33901641828e-08,0.0548605024161,1
35000,0.01,1,ah97-al97,1.02888188947e-10,0.00825781795449,1
35000,0.01,1,ah161-al161,8.61847517431e-06,0.0589141531313,1
35000,0.01,1,ah33-al33,6.97410312281e-09,0.0808871544241,1
35000,0.01,1,ah193-al193,8.13728783451e-08,0.0110867496032,1
35000,0.01,1,ah162-al161,5.59757251082e-07,0.00625613360461,1
35000,0.01,1,ah1-al1,1.05982374786e-08,0.0229130312259,1
35000,0.01,1,ah34-al33,2.03771915629e-07,0.00251732300041,1
35000,0.05,1,ah226-al225,9.21044203717e-08,0.00984811421147,1
35000,0.05,1,ah2-al1,3.64414686127e-06,0.00112930519071,1
35000,0.05,1,ah65-al65,6.4305920574e-08,0.156625633209,1
35000,0.05,1,ah66-al65,5.04241585055e-07,0.115831122148,1
35000,0.05,1,ah194-al193,1.57486834838e-07,8.6289045475e-05,1
35000,0.05,1,ah98-al97,5.25168638966e-07,0.00243484439922,1
35000,0.05,1,ah225-al225,1.83164275956e-06,6.04308634364e-05,1
35000,0.05,1,ah97-al97,3.31045785765e-10,0.0709016177445,1
35000,0.05,1,ah161-al161,5.8661081954e-05,0.0992168047076,1
35000,0.05,1,ah33-al33,2.2347658366e-11,0.00111356135985,1
35000,0.05,1,ah193-al193,1.41061932686e-05,0.0127508316736,1
35000,0.05,1,ah162-al161,0.000284485913692,0.175154406238,1
35000,0.05,1,ah1-al1,3.03106728392e-08,0.000997307681433,1
35000,0.05,1,ah34-al33,0.000121499048498,0.00936554652301,1
35000,0.09,1,ah226-al225,1.4893343466e-05,0.00428724021968,1
35000,0.09,1,ah2-al1,4.8867935797e-06,0.0428700529564,1
35000,0.09,1,ah65-al65,7.17932017626e-10,0.0383116159569,1
35000,0.09,1,ah66-al65,1.34096704689e-07,0.0595928813907,1
35000,0.09,1,ah194-al193,3.49004269694e-07,0.0491784334767,1
35000,0.09,1,ah98-al97,2.21791550725e-07,0.0550417070934,1
35000,0.09,1,ah225-al225,3.40547635227e-06,0.0135747816461,1
35000,0.09,1,ah97-al97,1.96305843505e-05,0.157505458276,1
35000,0.09,1,ah161-al161,3.87560474239e-06,0.111651887385,1
35000,0.09,1,ah33-al33,1.58240688848e-08,0.0522208262777,1
35000,0.09,1,ah193-al193,7.05498984521e-06,0.00967863574675,1
35000,0.09,1,ah162-al161,0.000501857024307,0.028172967502,1
35000,0.09,1,ah1-al1,1.35103355767e-09,0.116697128729,1
35000,0.09,1,ah34-al33,7.04516460921e-07,3.00124890953e-06,1
35000,0.13,1,ah226-al225,1.11117805173e-07,0.0414220308849,1
35000,0.13,1,ah2-al1,2.15305699385e-07,0.00100384925859,1
35000,0.13,1,ah65-al65,3.09262342054e-07,0.0499741224749,1
35000,0.13,1,ah66-al65,1.1362069188e-06,0.016286156866,1
35000,0.13,1,ah194-al193,3.96831701672e-08,0.00746775468974,1
35000,0.13,1,ah98-al97,1.02417434653e-10,0.0288212836529,1
35000,0.13,1,ah225-al225,7.85565023252e-09,0.01530253094,1
35000,0.13,1,ah97-al97,1.85648873062e-06,0.00176663012746,1
35000,0.13,1,ah161-al161,4.07197439287e-07,0.0514113934465,1
35000,0.13,1,ah33-al33,4.8412691e-07,0.139670321487,1
35000,0.13,1,ah193-al193,1.19826363871e-07,0.0683703882573,1
35000,0.13,1,ah162-al161,7.9440721703e-06,0.0295425511631,1
35000,0.13,1,ah1-al1,3.81070184359e-08,0.0580003962268,1
35000,0.13,1,ah34-al33,1.60761276006e-08,0.00737082916684,1
35000,0.17,1,ah226-al225,4.50068760969e-09,0.0150940686717,1
35000,0.17,1,ah2-al1,3.80138366695e-07,0.000174348740599,1
35000,0.17,1,ah65-al65,1.01923186785e-10,0.00130914192196,1
35000,0.17,1,ah66-al65,4.55005259035e-05,0.129007218256,1
35000,0.17,1,ah194-al193,7.31720643656e-11,0.000153274048929,1
35000,0.17,1,ah98-al97,3.76079666318e-06,0.270478907302,1
35000,0.17,1,ah225-al225,1.27972402424e-08,0.0031042836565,1
35000,0.17,1,ah97-al97,8.90781431987e-08,0.0958913802218,1
35000,0.17,1,ah161-al161,4.24023116032e-08,0.00417428612626,1
35000,0.17,1,ah33-al33,3.03233631392e-07,0.0224454636642,1
35000,0.17,1,ah193-al193,3.12400618956e-06,0.0254696945951,1
35000,0.17,1,ah162-al161,5.97534597961e-07,0.000806388059161,1
35000,0.17,1,ah1-al1,8.33413637766e-08,0.00986754894624,1
35000,0.17,1,ah34-al33,4.3465988131e-05,0.029682473416,1
35000,0.21,1,ah226-al225,8.38356896208e-07,0.00467509037379,1
35000,0.21,1,ah2-al1,6.1373824161e-06,0.000983327746994,1
35000,0.21,1,ah65-al65,2.97801454462e-10,0.0611480174902,1
35000,0.21,1,ah66-al65,2.30574500462e-08,0.0572887566622,1
35000,0.21,1,ah194-al193,2.39518584431e-06,0.0360128580668,1
35000,0.21,1,ah98-al97,9.5207080474e-06,0.0308622037536,1
35000,0.21,1,ah225-al225,2.44110865879e-05,0.0925244039767,1
35000,0.21,1,ah97-al97,4.06764841167e-12,0.0032993223951,1
35000,0.21,1,ah161-al161,4.32216697356e-05,0.00412160067266,1
35000,0.21,1,ah33-al33,1.75822916548e-07,0.000300067069624,1
35000,0.21,1,ah193-al193,1.2903059053e-06,0.0721346210401,1
35000,0.21,1,ah162-al161,4.45453648199e-06,0.109251955573,1
35000,0.21,1,ah1-al1,4.83603282144e-11,0.0170972538221,1
35000,0.21,1,ah34-al33,4.30010317806e-07,0.0219346483038,1
35000,0.01,0,ah226-al225,0.0907259333793,0.446782355822,-1
35000,0.01,0,ah2-al1,0.497727828398,0.126026297237,-1
35000,0.01,0,ah65-al65,0.482790889098,0.462189301695,-1
35000,0.01,0,ah66-al65,0.018810180673,0.394342168182,-1
35000,0.01,0,ah194-al193,0.00610236422065,0.341474676143,1
35000,0.01,0,ah98-al97,0.215871590698,0.533147941596,-1
35000,0.01,0,ah225-al225,0.131197431529,0.328894119373,-1
35000,0.01,0,ah97-al97,0.518150092316,0.452515382743,-1
35000,0.01,0,ah161-al161,0.438326194488,0.0127891090491,-1
35000,0.01,0,ah33-al33,0.532514268174,0.077226923826,-1
35000,0.01,0,ah193-al193,0.119903279512,0.207265108735,-1
35000,0.01,0,ah162-al161,0.0558796347275,0.292310012849,-1
35000,0.01,0,ah1-al1,0.180536803249,0.0721386611483,-1
35000,0.01,0,ah34-al33,0.10945084824,0.199539774487,-1
35000,0.05,0,ah226-al225,0.151439685816,0.35554277312,-1
35000,0.05,0,ah2-al1,0.860620059542,0.00504016952052,0
35000,0.05,0,ah65-al65,0.191151626079,0.481555261013,-1
35000,0.05,0,ah66-al65,0.718905868126,0.326082423633,-1
35000,0.05,0,ah194-al193,0.337449080256,0.0702034679655,-1
35000,0.05,0,ah98-al97,0.643402190666,0.233847235894,-1
35000,0.05,0,ah225-al225,0.178812227334,0.127518719482,-1
35000,0.05,0,ah97-al97,0.461871202522,0.229387242863,-1
35000,0.05,0,ah161-al161,0.230417193268,0.273642196663,-1
35000,0.05,0,ah33-al33,0.320787672732,0.205177514836,-1
35000,0.05,0,ah193-al193,0.689987983784,0.501339608452,-1
35000,0.05,0,ah162-al161,0.0926423098968,0.199779303673,-1
35000,0.05,0,ah1-al1,0.394776458494,0.0139136707068,0
35000,0.05,0,ah34-al33,0.489858103332,0.524485450817,-1
35000,0.09,0,ah226-al225,0.524503537209,0.183381905063,-1
35000,0.09,0,ah2-al1,0.886665112304,0.25031260401,-1
35000,0.09,0,ah65-al65,0.0686584232377,0.469610577914,1
35000,0.09,0,ah66-al65,0.130649847829,0.543698293733,-1
35000,0.09,0,ah194-al193,0.0486391692981,0.115042998917,1
35000,0.09,0,ah98-al97,0.488277525026,0.311766630609,-1
35000,0.09,0,ah225-al225,0.289596643089,0.182688479958,-1
35000,0.09,0,ah97-al97,0.751218680245,0.0536956205779,0
35000,0.09,0,ah161-al161,0.0911005199725,0.170813770753,-1
35000,0.09,0,ah33-al33,0.472076203445,0.232875454766,-1
35000,0.09,0,ah193-al193,0.571380739724,0.669418039662,-1
35000,0.09,0,ah162-al161,0.527996283274,0.268845555095,-1
35000,0.09,0,ah1-al1,0.317972608586,0.428749986871,-1
35000,0.09,0,ah34-al33,0.516342535715,0.72393244234,-1
35000,0.13,0,ah226-al225,0.288332746888,0.593644941265,-1
35000,0.13,0,ah2-al1,0.317972608586,0.0438156912501,0
35000,0.13,0,ah65-al65,0.230154912204,0.627729161045,-1
35000,0.13,0,ah66-al65,0.412152248816,0.196723819799,-1
35000,0.13,0,ah194-al193,0.468412227761,0.565420439658,-1
35000,0.13,0,ah98-al97,0.753048253272,0.264402368615,-1
35000,0.13,0,ah225-al225,0.665981797711,0.291800402455,-1
35000,0.13,0,ah97-al97,0.434910199033,0.133540729204,-1
35000,0.13,0,ah161-al161,0.0911005199725,0.085573070855,1
35000,0.13,0,ah33-al33,0.445995556529,0.569799293209,-1
35000,0.13,0,ah193-al193,0.573799198461,0.674078173357,-1
35000,0.13,0,ah162-al161,0.497086916561,0.218348453951,-1
35000,0.13,0,ah1-al1,0.358364085552,0.488977813398,-1
35000,0.13,0,ah34-al33,0.00651125539715,0.501862373888,1
35000,0.17,0,ah226-al225,0.00131997931807,0.00741209463163,1
35000,0.17,0,ah2-al1,0.458521603185,0.636312415906,-1
35000,0.17,0,ah65-al65,0.254751965044,0.0729088003035,0
35000,0.17,0,ah66-al65,0.496672335519,0.218224368845,-1
35000,0.17,0,ah194-al193,0.720614356583,0.458995391149,-1
35000,0.17,0,ah98-al97,0.00457968152934,0.0582485648174,1
35000,0.17,0,ah225-al225,0.225779561213,0.199830264712,-1
35000,0.17,0,ah97-al97,0.263621568075,0.422223908023,-1
35000,0.17,0,ah161-al161,0.208563954715,0.08893393045,0
35000,0.17,0,ah33-al33,0.323278562136,0.143519674699,0
35000,0.17,0,ah193-al193,0.250753643739,0.437522281156,-1
35000,0.17,0,ah162-al161,0.377022575117,0.112745232022,0
35000,0.17,0,ah1-al1,0.543211858764,0.331065680434,-1
35000,0.17,0,ah34-al33,0.430071238999,0.125949547566,0
35000,0.21,0,ah226-al225,0.570159776496,0.149255478829,0
35000,0.21,0,ah2-al1,0.537053343218,0.376627548029,-1
35000,0.21,0,ah65-al65,0.050751761179,0.431988674251,1
35000,0.21,0,ah66-al65,0.149840319786,0.115555837654,1
35000,0.21,0,ah194-al193,0.0680459700811,0.289905558953,1
35000,0.21,0,ah98-al97,0.0759414246506,0.282594646535,1
35000,0.21,0,ah225-al225,0.0908270802196,0.375003322879,1
35000,0.21,0,ah97-al97,0.166481460847,0.390738410355,1
35000,0.21,0,ah161-al161,0.406862179028,0.265641700428,-1
35000,0.21,0,ah33-al33,0.134907928223,0.185382131006,1
35000,0.21,0,ah193-al193,0.215871590698,0.605206178545,-1
35000,0.21,0,ah162-al161,0.00366723066032,0.00366723066032,1
35000,0.21,0,ah1-al1,0.295203564116,0.0593903123465,0
35000,0.21,0,ah34-al33,0.388989886483,0.453573174211,-1
35000,0.01,1,ah226-al225,1.81780843442e-05,0.00474518575604,1
35000,0.01,1,ah2-al1,3.50821139149e-06,0.0121012393074,1
35000,0.01,1,ah65-al65,2.60828019183e-08,0.00409784821723,1
35000,0.01,1,ah66-al65,7.08218148556e-09,0.0964071479662,1
35000,0.01,1,ah194-al193,5.00954733608e-08,0.000791754363163,1
35000,0.01,1,ah98-al97,2.19509035775e-09,0.103215829511,1
35000,0.01,1,ah225-al225,7.03340363875e-06,0.0207900610358,1
35000,0.01,1,ah97-al97,0.000164061567787,0.105158989521,1
35000,0.01,1,ah161-al161,1.71437369529e-06,0.0106539856252,1
35000,0.01,1,ah33-al33,2.12242772109e-07,0.115514767198,1
35000,0.01,1,ah193-al193,5.016474064e-07,0.031705021814,1
35000,0.01,1,ah162-al161,0.000112158358897,0.000647515529404,1
35000,0.01,1,ah1-al1,1.70281966297e-09,0.192354699636,1
35000,0.01,1,ah34-al33,9.14401540221e-07,0.0068936308856,1
35000,0.05,1,ah226-al225,3.55610729878e-07,0.0120217521664,1
35000,0.05,1,ah2-al1,5.69513552308e-06,0.164503675872,1
35000,0.05,1,ah65-al65,4.15736942413e-08,0.00121946288495,1
35000,0.05,1,ah66-al65,4.05414554934e-08,0.00968562366993,1
35000,0.05,1,ah194-al193,6.02890097244e-09,0.0419067642284,1
35000,0.05,1,ah98-al97,6.00749971679e-08,0.0104573225791,1
35000,0.05,1,ah225-al225,4.70936138824e-07,0.0181929880216,1
35000,0.05,1,ah97-al97,4.05923380381e-10,0.00215858016231,1
35000,0.05,1,ah161-al161,6.64458752929e-07,0.00771981347556,1
35000,0.05,1,ah33-al33,7.60336290444e-07,0.0301393355111,1
35000,0.05,1,ah193-al193,1.97629096351e-09,0.0790999368448,1
35000,0.05,1,ah162-al161,0.000633228131033,0.0321018143105,1
35000,0.05,1,ah1-al1,3.60920522676e-08,0.087440479337,1
35000,0.05,1,ah34-al33,1.95423635016e-09,0.00735026672904,1
35000,0.09,1,ah226-al225,2.33263021178e-06,0.00114317876411,1
35000,0.09,1,ah2-al1,3.50068998829e-07,0.0108765404852,1
35000,0.09,1,ah65-al65,1.02549616304e-06,0.0209093054218,1
35000,0.09,1,ah66-al65,8.48191980724e-06,0.00426720125655,1
35000,0.09,1,ah194-al193,3.89615863756e-07,0.000246787032305,1
35000,0.09,1,ah98-al97,1.50785650988e-06,0.0213286930898,1
35000,0.09,1,ah225-al225,2.4951560458e-08,0.0241142480972,1
35000,0.09,1,ah97-al97,4.23595591506e-08,0.22308592749,1
35000,0.09,1,ah161-al161,1.33998322116e-05,0.011418591556,1
35000,0.09,1,ah33-al33,4.67216312064e-09,0.0108677903983,1
35000,0.09,1,ah193-al193,3.97012481187e-09,0.0266904639986,1
35000,0.09,1,ah162-al161,0.000106719498406,0.069436937799,1
35000,0.09,1,ah1-al1,9.97246966232e-07,7.19679849045e-05,1
35000,0.09,1,ah34-al33,3.45329678868e-06,0.0199109242385,1
35000,0.13,1,ah226-al225,3.64709071115e-08,0.0059658903386,1
35000,0.13,1,ah2-al1,5.82762601862e-07,0.00141891031139,1
35000,0.13,1,ah65-al65,5.8080829778e-09,0.0214692800782,1
35000,0.13,1,ah66-al65,4.32467766178e-09,0.000831444503029,1
35000,0.13,1,ah194-al193,2.54553538205e-06,0.00728762709546,1
35000,0.13,1,ah98-al97,1.00814738116e-05,0.0721707800319,1
35000,0.13,1,ah225-al225,7.92006847486e-06,0.211147496696,1
35000,0.13,1,ah97-al97,2.12768824389e-07,0.0406643352619,1
35000,0.13,1,ah161-al161,3.1779050251e-05,0.0632187772788,1
35000,0.13,1,ah33-al33,1.04925752366e-07,0.0386900562781,1
35000,0.13,1,ah193-al193,3.55008651668e-05,0.161810320174,1
35000,0.13,1,ah162-al161,0.000123765864719,0.104516612877,1
35000,0.13,1,ah1-al1,1.20371353023e-09,0.0498726252775,1
35000,0.13,1,ah34-al33,3.27596823589e-07,0.0459505153371,1
35000,0.17,1,ah226-al225,1.76987957994e-08,0.0322877619735,1
35000,0.17,1,ah2-al1,2.57426192429e-06,0.0123727291603,1
35000,0.17,1,ah65-al65,3.36660451598e-08,0.100569671856,1
35000,0.17,1,ah66-al65,5.99033541079e-10,0.0208143597238,1
35000,0.17,1,ah194-al193,2.2138592563e-06,0.00126864461403,1
35000,0.17,1,ah98-al97,1.07249277459e-12,0.0382383068264,1
35000,0.17,1,ah225-al225,2.67975351362e-07,0.124437072912,1
35000,0.17,1,ah97-al97,1.2309018326e-05,0.0308565216815,1
35000,0.17,1,ah161-al161,1.81949804943e-05,0.00478985229103,1
35000,0.17,1,ah33-al33,2.31447055543e-07,0.000791692409097,1
35000,0.17,1,ah193-al193,9.70281014522e-10,0.0162305798387,1
35000,0.17,1,ah162-al161,0.000164858847993,0.215241967009,1
35000,0.17,1,ah1-al1,3.06932863037e-08,0.137402090755,1
35000,0.17,1,ah34-al33,2.29117607257e-05,0.0119550188907,1
35000,0.21,1,ah226-al225,1.76172977279e-07,0.023366803122,1
35000,0.21,1,ah2-al1,5.0377715951e-06,0.00421242753478,1
35000,0.21,1,ah65-al65,6.05460190552e-06,0.100683872056,1
35000,0.21,1,ah66-al65,1.9949292713e-06,0.0952315669753,1
35000,0.21,1,ah194-al193,2.2100212008e-08,0.00237928585415,1
35000,0.21,1,ah98-al97,2.62666429847e-09,0.000116624357059,1
35000,0.21,1,ah225-al225,1.01923722709e-08,0.0186641029903,1
35000,0.21,1,ah97-al97,1.67779863813e-08,0.0489800423169,1
35000,0.21,1,ah161-al161,1.32887081017e-05,0.00155548020456,1
35000,0.21,1,ah33-al33,1.02888188947e-10,0.111041325062,1
35000,0.21,1,ah193-al193,1.04996602143e-06,0.0490391544401,1
35000,0.21,1,ah162-al161,3.61813616411e-08,0.0231072766354,1
35000,0.21,1,ah1-al1,8.36299217233e-08,0.0322570220968,1
35000,0.21,1,ah34-al33,3.2099014554e-08,5.47139185263e-05,1
35000,0.01,0,ah226-al225,0.610154171519,0.335138570412,-1
35000,0.01,0,ah2-al1,0.713651649966,0.0132775979913,-1
35000,0.01,0,ah65-al65,0.450086316799,0.165882014344,-1
35000,0.01,0,ah66-al65,0.544995051565,0.260776652239,-1
35000,0.01,0,ah194-al193,0.49696292634,0.0587259277882,-1
35000,0.01,0,ah98-al97,0.377640121633,0.353117208896,-1
35000,0.01,0,ah225-al225,0.424598790848,0.408027134216,-1
35000,0.01,0,ah97-al97,0.672966509187,0.0981815644989,-1
35000,0.01,0,ah161-al161,0.592379607076,0.292158826029,-1
35000,0.01,0,ah33-al33,0.501327887538,0.31066138349,-1
35000,0.01,0,ah193-al193,0.259613949487,0.730638302057,-1
35000,0.01,0,ah162-al161,0.195679725429,0.0444897205973,-1
35000,0.01,0,ah1-al1,0.361838732338,0.242974976127,-1
35000,0.01,0,ah34-al33,0.0979134862854,0.280914490215,-1
35000,0.05,0,ah226-al225,0.491659592763,0.354724214185,-1
35000,0.05,0,ah2-al1,0.316916756425,0.404746379528,-1
35000,0.05,0,ah65-al65,0.721515079533,0.119389642763,-1
35000,0.05,0,ah66-al65,0.261846397083,0.115629651327,-1
35000,0.05,0,ah194-al193,0.416807852378,0.275053033453,-1
35000,0.05,0,ah98-al97,0.677457753618,0.404123427234,-1
35000,0.05,0,ah225-al225,0.387610437754,0.630794514564,-1
35000,0.05,0,ah97-al97,0.329521471124,0.313653158735,-1
35000,0.05,0,ah161-al161,0.100417629251,0.101457146324,-1
35000,0.05,0,ah33-al33,0.0220565794145,0.143830302407,1
35000,0.05,0,ah193-al193,0.158878380503,0.491455370941,-1
35000,0.05,0,ah162-al161,0.175618297246,0.122286806801,-1
35000,0.05,0,ah1-al1,0.456663252077,0.249594335505,-1
35000,0.05,0,ah34-al33,0.163326671543,0.0193670432727,0
35000,0.09,0,ah226-al225,0.518099206702,0.155144687875,-1
35000,0.09,0,ah2-al1,0.386225512558,0.119765293061,-1
35000,0.09,0,ah65-al65,0.156214449302,0.209826501296,-1
35000,0.09,0,ah66-al65,0.159894641195,0.183064293584,-1
35000,0.09,0,ah194-al193,0.158694801177,0.192915422901,-1
35000,0.09,0,ah98-al97,0.192786258263,0.47046454092,-1
35000,0.09,0,ah225-al225,0.205678837562,0.177065646709,-1
35000,0.09,0,ah97-al97,0.433065957972,0.00898776594517,0
35000,0.09,0,ah161-al161,0.313062294162,0.570583070426,-1
35000,0.09,0,ah33-al33,0.48964263007,0.564096207754,-1
35000,0.09,0,ah193-al193,0.360988171141,0.30147525233,-1
35000,0.09,0,ah162-al161,0.0435693331331,0.116010667874,1
35000,0.09,0,ah1-al1,0.512009734106,0.28335535508,-1
35000,0.09,0,ah34-al33,0.311002568782,0.120289575971,-1
35000,0.13,0,ah226-al225,0.347229609447,0.0340973568923,0
35000,0.13,0,ah2-al1,0.271202097801,0.0774890745102,0
35000,0.13,0,ah65-al65,0.15174173488,0.314238954379,-1
35000,0.13,0,ah66-al65,0.456761082705,0.103900307423,0
35000,0.13,0,ah194-al193,0.636897638846,0.0689390986028,0
35000,0.13,0,ah98-al97,0.112496471759,0.526407353851,1
35000,0.13,0,ah225-al225,0.275843402052,0.61329598127,-1
35000,0.13,0,ah97-al97,0.486849122169,0.386460442858,-1
35000,0.13,0,ah161-al161,0.0424531285244,0.0687868630911,1
35000,0.13,0,ah33-al33,0.182421470438,0.0321642439069,0
35000,0.13,0,ah193-al193,0.408552535469,0.710269556533,-1
35000,0.13,0,ah162-al161,0.0031778896679,0.231152474849,1
35000,0.13,0,ah1-al1,0.270250953406,0.0511376008654,0
35000,0.13,0,ah34-al33,0.331862266124,0.107968745859,0
35000,0.17,0,ah226-al225,0.466842914822,0.385827702246,-1
35000,0.17,0,ah2-al1,0.00798841097994,0.243445052492,1
35000,0.17,0,ah65-al65,0.290145230555,0.23584055527,-1
35000,0.17,0,ah66-al65,0.530533365154,0.647436291864,-1
35000,0.17,0,ah194-al193,0.181849972124,0.286732516674,-1
35000,0.17,0,ah98-al97,0.0815552542932,0.198638073998,1
35000,0.17,0,ah225-al225,0.0415404393233,0.0770383023739,1
35000,0.17,0,ah97-al97,0.290560994327,0.307199917464,-1
35000,0.17,0,ah161-al161,0.525047084014,0.11303983199,0
35000,0.17,0,ah33-al33,0.155657155771,0.230686833795,1
35000,0.17,0,ah193-al193,0.217135665276,0.0914428760715,0
35000,0.17,0,ah162-al161,0.213351486459,0.105165021487,0
35000,0.17,0,ah1-al1,0.717686382955,0.345698831182,-1
35000,0.17,0,ah34-al33,0.436469212508,0.0241707994802,0
35000,0.21,0,ah226-al225,0.0262421370496,0.861972010329,1
35000,0.21,0,ah2-al1,0.289700617977,0.244246501434,-1
35000,0.21,0,ah65-al65,0.148027501153,0.398686354127,1
35000,0.21,0,ah66-al65,0.690022626878,0.573934160478,-1
35000,0.21,0,ah194-al193,0.194648587359,0.468787406154,1
35000,0.21,0,ah98-al97,0.410530795338,0.141486076477,0
35000,0.21,0,ah225-al225,0.119900545998,0.460176468578,1
35000,0.21,0,ah97-al97,0.571232091659,0.361067668199,-1
35000,0.21,0,ah161-al161,0.0767915136331,0.128461671621,1
35000,0.21,0,ah33-al33,0.816959537849,0.37886956976,-1
35000,0.21,0,ah193-al193,0.71294973087,0.226543350859,-1
35000,0.21,0,ah162-al161,0.211682367801,0.063385360432,0
35000,0.21,0,ah1-al1,0.000689280713392,0.380229474302,1
35000,0.21,0,ah34-al33,0.173963692912,0.253069656723,1
35000,0.01,1,ah226-al225,1.87614306616e-07,0.0289400785815,1
35000,0.01,1,ah2-al1,1.42683380283e-07,0.00358275992789,1
35000,0.01,1,ah65-al65,1.0645343316e-05,0.0191814676708,1
35000,0.01,1,ah66-al65,1.24805188199e-06,0.00759811359404,1
35000,0.01,1,ah194-al193,5.36042247897e-05,0.00747081119463,1
35000,0.01,1,ah98-al97,2.21181553968e-09,0.146203545718,1
35000,0.01,1,ah225-al225,1.51080378908e-06,0.298328904317,1
35000,0.01,1,ah97-al97,7.01233906583e-08,0.00397132984854,1
35000,0.01,1,ah161-al161,5.67526937914e-06,0.00097034721692,1
35000,0.01,1,ah33-al33,3.73399286112e-09,0.0048837152891,1
35000,0.01,1,ah193-al193,1.04408563239e-07,0.195134020965,1
35000,0.01,1,ah162-al161,8.65428492059e-05,0.0390907300728,1
35000,0.01,1,ah1-al1,1.92327555293e-12,0.0103323968331,1
35000,0.01,1,ah34-al33,2.77335355123e-06,0.00918278555884,1
35000,0.05,1,ah226-al225,2.89818188903e-08,0.039970190835,1
35000,0.05,1,ah2-al1,4.91951875221e-08,0.010130798857,1
35000,0.05,1,ah65-al65,4.31913246831e-08,0.0510663555854,1
35000,0.05,1,ah66-al65,7.21238161671e-07,0.00913609641726,1
35000,0.05,1,ah194-al193,2.21602400023e-07,0.0123401824498,1
35000,0.05,1,ah98-al97,2.17101417113e-07,0.070208280282,1
35000,0.05,1,ah225-al225,8.23170567459e-09,0.15558676928,1
35000,0.05,1,ah97-al97,2.87067667559e-08,0.0376674606816,1
35000,0.05,1,ah161-al161,1.74050362531e-05,0.115719548959,1
35000,0.05,1,ah33-al33,1.13608326066e-09,0.000884155150482,1
35000,0.05,1,ah193-al193,3.10481535586e-07,0.00138782590356,1
35000,0.05,1,ah162-al161,0.000353710788399,0.0111347600119,1
35000,0.05,1,ah1-al1,2.90154496517e-11,0.0282513903192,1
35000,0.05,1,ah34-al33,4.64435934288e-06,0.0410851743768,1
35000,0.09,1,ah226-al225,1.25912879339e-09,0.0301971329372,1
35000,0.09,1,ah2-al1,1.08748925252e-06,0.00163434365162,1
35000,0.09,1,ah65-al65,2.62444775502e-05,0.0475787931295,1
35000,0.09,1,ah66-al65,1.9841441443e-08,0.174033400858,1
35000,0.09,1,ah194-al193,2.89563664469e-07,0.0400147381458,1
35000,0.09,1,ah98-al97,3.46279456984e-07,0.0596500330339,1
35000,0.09,1,ah225-al225,1.29422392754e-13,0.0022714169605,1
35000,0.09,1,ah97-al97,1.61948926124e-07,0.129442709616,1
35000,0.09,1,ah161-al161,6.02961005057e-08,0.0986565548081,1
35000,0.09,1,ah33-al33,9.4563237931e-07,0.0211526850836,1
35000,0.09,1,ah193-al193,1.14449137462e-06,0.0083199631706,1
35000,0.09,1,ah162-al161,8.65574252571e-06,0.00245675804002,1
35000,0.09,1,ah1-al1,9.29989848874e-07,0.347826915938,1
35000,0.09,1,ah34-al33,3.19520423361e-06,0.0141684797523,1
35000,0.13,1,ah226-al225,2.36186948899e-08,0.11449650373,1
35000,0.13,1,ah2-al1,4.40695512228e-09,0.0797239393832,1
35000,0.13,1,ah65-al65,2.79101891148e-10,0.0476430758554,1
35000,0.13,1,ah66-al65,3.36660451598e-08,0.01103195606,1
35000,0.13,1,ah194-al193,4.12449542384e-08,0.0744725212091,1
35000,0.13,1,ah98-al97,1.05365796948e-07,0.0031175482122,1
35000,0.13,1,ah225-al225,2.32327574643e-06,0.00596364935131,1
35000,0.13,1,ah97-al97,3.94520993167e-08,0.0152072477592,1
35000,0.13,1,ah161-al161,4.47276706519e-06,0.0134298690885,1
35000,0.13,1,ah33-al33,6.3890233408e-14,0.00120611298064,1
35000,0.13,1,ah193-al193,3.95002849058e-08,0.00156393468171,1
35000,0.13,1,ah162-al161,4.05236524733e-06,0.000990144116393,1
35000,0.13,1,ah1-al1,4.18184438091e-10,0.0815243342964,1
35000,0.13,1,ah34-al33,7.87742234207e-05,0.0150853806959,1
35000,0.17,1,ah226-al225,2.21916449485e-07,0.0360045979727,1
35000,0.17,1,ah2-al1,1.61126915291e-07,0.00342035182044,1
35000,0.17,1,ah65-al65,1.20548824646e-05,0.0766401464933,1
35000,0.17,1,ah66-al65,2.05354367908e-08,0.024288178728,1
35000,0.17,1,ah194-al193,3.40547635227e-06,0.00251274943897,1
35000,0.17,1,ah98-al97,4.6794161566e-09,0.0374657513437,1
35000,0.17,1,ah225-al225,3.30392653895e-07,0.0358729337393,1
35000,0.17,1,ah97-al97,4.16481726309e-08,0.0237884599811,1
35000,0.17,1,ah161-al161,2.56216370617e-10,0.0347127392194,1
35000,0.17,1,ah33-al33,8.00258939901e-07,0.00924317749781,1
35000,0.17,1,ah193-al193,3.62943060444e-10,0.105200817784,1
35000,0.17,1,ah162-al161,0.00256238479682,0.0268805159091,1
35000,0.17,1,ah1-al1,3.24619383399e-08,0.0730622441636,1
35000,0.17,1,ah34-al33,2.17165087057e-06,0.00216433327848,1
35000,0.21,1,ah226-al225,1.34023727293e-08,0.00175258573839,1
35000,0.21,1,ah2-al1,1.12159975993e-07,0.00302096844731,1
35000,0.21,1,ah65-al65,2.93432629269e-06,0.00402428666857,1
35000,0.21,1,ah66-al65,3.29151496819e-06,0.20196553601,1
35000,0.21,1,ah194-al193,8.33458101031e-07,0.00711691534696,1
35000,0.21,1,ah98-al97,7.08305520104e-10,0.010411642238,1
35000,0.21,1,ah225-al225,3.82608026066e-06,0.0941601382705,1
35000,0.21,1,ah97-al97,7.6324238709e-07,0.0249184166591,1
35000,0.21,1,ah161-al161,0.000183309480197,0.0223365593171,1
35000,0.21,1,ah33-al33,1.25937798194e-11,0.0260270035881,1
35000,0.21,1,ah193-al193,1.40598400642e-07,0.0809213632114,1
35000,0.21,1,ah162-al161,2.91428288902e-06,0.000126116368627,1
35000,0.21,1,ah1-al1,1.35103355767e-09,0.20641908168,1
35000,0.21,1,ah34-al33,2.44147638329e-06,0.00037042778231,1
35000,0.01,0,ah226-al225,0.014878559982,0.21554170442,-1
35000,0.01,0,ah2-al1,0.680295007349,0.0987772994151,-1
35000,0.01,0,ah65-al65,0.183786485964,0.314817196324,-1
35000,0.01,0,ah66-al65,0.173963692912,0.368989885419,-1
35000,0.01,0,ah194-al193,0.270104046221,0.360196122295,-1
35000,0.01,0,ah98-al97,0.105998500699,0.598461907675,-1
35000,0.01,0,ah225-al225,0.11697656596,0.544331661138,-1
35000,0.01,0,ah97-al97,0.447554826338,0.00401919550797,0
35000,0.01,0,ah161-al161,0.1186364987,0.371709131748,-1
35000,0.01,0,ah33-al33,0.463018642308,0.508930260677,-1
35000,0.01,0,ah193-al193,0.117916176222,0.14500621949,-1
35000,0.01,0,ah162-al161,0.115483367773,0.244990354815,-1
35000,0.01,0,ah1-al1,0.274549729843,0.0825812180417,-1
35000,0.01,0,ah34-al33,0.376341750623,0.0970838020968,-1
35000,0.05,0,ah226-al225,0.203835616533,0.623897157536,-1
35000,0.05,0,ah2-al1,0.581169811774,0.244915849345,-1
35000,0.05,0,ah65-al65,0.149405761474,0.0222780965882,0
35000,0.05,0,ah66-al65,0.0244502576668,0.0267633183089,1
35000,0.05,0,ah194-al193,0.000362751142962,0.287663394257,1
35000,0.05,0,ah98-al97,0.138579546323,0.715906011502,-1
35000,0.05,0,ah225-al225,0.612587736699,0.502882882231,-1
35000,0.05,0,ah97-al97,0.387493629911,0.231959928286,-1
35000,0.05,0,ah161-al161,0.0293713911724,0.175551667052,1
35000,0.05,0,ah33-al33,0.491423118459,0.596380607322,-1
35000,0.05,0,ah193-al193,0.551307109693,0.488697877558,-1
35000,0.05,0,ah162-al161,0.15393182539,0.182087729885,-1
35000,0.05,0,ah1-al1,0.549359203945,0.70533230152,-1
35000,0.05,0,ah34-al33,0.542379042966,0.00173549087187,0
35000,0.09,0,ah226-al225,0.505367953859,0.285421049686,-1
35000,0.09,0,ah2-al1,0.383501382521,0.287166496983,-1
35000,0.09,0,ah65-al65,0.0890473049724,0.187472298849,1
35000,0.09,0,ah66-al65,0.528282904647,0.732510146014,-1
35000,0.09,0,ah194-al193,0.254812408423,0.415470680884,-1
35000,0.09,0,ah98-al97,0.145128581443,0.699553368321,-1
35000,0.09,0,ah225-al225,0.22739273023,0.224000601034,-1
35000,0.09,0,ah97-al97,0.410766919968,0.538774228165,-1
35000,0.09,0,ah161-al161,0.383091215994,0.370694335131,-1
35000,0.09,0,ah33-al33,0.429118102179,0.528958455945,-1
35000,0.09,0,ah193-al193,0.357017958385,0.147449964,-1
35000,0.09,0,ah162-al161,0.0379812747308,0.0671705496695,1
35000,0.09,0,ah1-al1,0.0956985431515,0.119952845611,-1
35000,0.09,0,ah34-al33,0.374083285237,0.0312162771217,0
35000,0.13,0,ah226-al225,0.350062248688,0.563920518563,-1
35000,0.13,0,ah2-al1,0.08166082841,0.0834634419881,1
35000,0.13,0,ah65-al65,0.443823093621,0.500599020949,-1
35000,0.13,0,ah66-al65,0.0221458237566,0.0327277014148,1
35000,0.13,0,ah194-al193,0.0147563152171,0.0671892087562,1
35000,0.13,0,ah98-al97,0.0778027163212,0.103220555657,1
35000,0.13,0,ah225-al225,0.383483073147,0.357314241679,-1
35000,0.13,0,ah97-al97,0.596602079052,0.501580303178,-1
35000,0.13,0,ah161-al161,0.010672687732,0.010672687732,1
35000,0.13,0,ah33-al33,0.279217647301,0.0196283294109,0
35000,0.13,0,ah193-al193,0.306460371953,0.279328093906,-1
35000,0.13,0,ah162-al161,0.455726126693,0.192446741693,-1
35000,0.13,0,ah1-al1,0.530388147401,0.133933821542,-1
35000,0.13,0,ah34-al33,0.119889710067,0.197648440291,1
35000,0.17,0,ah226-al225,0.278548190048,0.535905041908,-1
35000,0.17,0,ah2-al1,0.550623150667,0.215726919183,-1
35000,0.17,0,ah65-al65,0.201180262834,0.172350407302,-1
35000,0.17,0,ah66-al65,0.442824748378,0.197709910412,-1
35000,0.17,0,ah194-al193,0.304853782741,0.041388400593,0
35000,0.17,0,ah98-al97,0.427412905523,0.259464177303,-1
35000,0.17,0,ah225-al225,0.176830722585,0.681145430299,-1
35000,0.17,0,ah97-al97,0.0759414246506,0.500885452307,1
35000,0.17,0,ah161-al161,0.0271222106981,0.0862367732579,1
35000,0.17,0,ah33-al33,0.0949129634628,0.132017027999,1
35000,0.17,0,ah193-al193,0.174477860056,0.16214701666,0
35000,0.17,0,ah162-al161,0.0566104756323,0.0696631754828,1
35000,0.17,0,ah1-al1,0.614310721972,0.495112118377,-1
35000,0.17,0,ah34-al33,0.342314245877,0.578582945063,-1
35000,0.21,0,ah226-al225,0.103039827464,0.00954328587116,1
35000,0.21,0,ah2-al1,0.323278562136,0.148185950603,0
35000,0.21,0,ah65-al65,0.554528720073,0.49490521663,-1
35000,0.21,0,ah66-al65,0.401411611715,0.630165543452,-1
35000,0.21,0,ah194-al193,0.121825701293,0.439868037526,1
35000,0.21,0,ah98-al97,0.588181507295,0.197337817236,0
35000,0.21,0,ah225-al225,0.319382476689,0.314935726262,-1
35000,0.21,0,ah97-al97,0.200707750173,0.207421273786,1
35000,0.21,0,ah161-al161,0.327359707733,0.134012178719,0
35000,0.21,0,ah33-al33,0.190291068326,0.104505119503,1
35000,0.21,0,ah193-al193,0.20865457113,0.15826230077,1
35000,0.21,0,ah162-al161,0.322802275363,0.183424828608,0
35000,0.21,0,ah1-al1,0.118559041275,0.065560107107,1
35000,0.21,0,ah34-al33,0.587699746669,0.362474452774,-1
